0.0,-4.011420079462709,-0.10748226674844412,1.416132118234351,-0.0016291161906845874,-0.00649494144769363,-0.051724878396768315,0.03351542437158532,0.05919721502411529
0.008343935012817383,-4.011474689465301,-0.10757292274536942,1.4162340959439073,-0.0018863052998758616,-0.00018440315910388662,-0.0006697632090960082,0.03350984301150952,0.15754085381955044
0.01661396026611328,-4.011509010084658,-0.10765459005593897,1.4163238990254623,-0.0031632238954421243,0.0013197945448254734,0.011273736667487821,0.03360379081707192,0.18146622911095553
0.024879932403564453,-4.011522111243163,-0.10771141990440172,1.4164030668954934,-0.0038596761770810766,-0.0009162753166716273,0.002844367305424589,0.03362749387795046,0.15546674428812046
0.033460140228271484,-4.011519772981204,-0.10776348854964372,1.4164679289180242,-0.0024733199230159778,0.0008282878774359847,0.017355604396459,0.033772123914587615,0.18342389560028416
0.0414891242980957,-4.011506343372098,-0.1077854386506625,1.4165448286007345,-0.00414917324966518,0.002723128036029482,0.013129703840817908,0.0338815381132611,0.19639142715333968
0.050096988677978516,-4.011492298450196,-0.10781437401534603,1.416592795047337,-0.0018741143817775168,0.001278569329836325,0.0053537695313587985,0.033926152859355754,0.17714136546477965
0.058294057846069336,-4.011480128547487,-0.10782561614837413,1.4166647388460576,-0.0034449073942206844,0.0005394826262067141,-0.01688511059010911,0.03378544360443818,0.15079424090707308
0.06738710403442383,-4.011473157741804,-0.10784273120161621,1.4167169461594933,-0.0003930814817079298,0.004522561267073395,0.0064119329510592404,0.03383887637903034,0.20458254502206835
0.07617807388305664,-4.01148615955175,-0.1078650664245557,1.4167740481952948,-0.0006322025986092359,-0.0004511211577324963,-0.015104811255265693,0.033713002951903125,0.14319123061290984
0.08374214172363281,-4.011498715568338,-0.10787786630208014,1.416815109484273,0.0004849981376945868,0.0005589307950174524,-0.018080557635312133,0.033562331638275524,0.14808293939851128
0.09176802635192871,-4.011520782771542,-0.10788113066117916,1.4168765057862045,0.0012696563025497826,-0.0005569474705973029,-0.015562759504403334,0.03343264197573883,0.14020059671283897
0.10001492500305176,-4.011548980533826,-0.10789925887712822,1.4169192285712429,0.0019477723258786441,-0.002623613179849202,-0.03497556799498702,0.03314117890911394,0.1040907647549753
0.10882902145385742,-4.011592676802108,-0.10790341879603521,1.4169558560230464,0.0026930671357927923,-0.005122173122547056,-0.029543839791383864,0.03289498024418574,0.08666153210088778
0.11652803421020508,-4.011635589169772,-0.10788011033894007,1.4169995603506556,0.0019833818229664504,-0.005049824504966692,-0.02726976252882457,0.0326677322231122,0.08834592284575245
0.12485003471374512,-4.01167518033434,-0.10786652114091068,1.4170347838146666,0.002386336008657624,-0.0019063293010621906,-0.012191272806594544,0.032566138283057246,0.12755335090117167
0.1330270767211914,-4.011708003089001,-0.10782972393573766,1.4170478964235549,0.00028566615771098036,-0.002439615995784123,-0.01184355083053007,0.03246744202613616,0.12332334047134677
0.14197802543640137,-4.01175382344432,-0.10778965201201138,1.4170777733096758,0.00065756188360764,-0.0001559111816480967,0.01168335909306012,0.03256480335191166,0.16378901753942265
0.1497650146484375,-4.011782987110784,-0.10776097048842481,1.417069744718479,-0.0006132978862723485,-0.0022859805008697315,-0.009660715706493739,0.03248429738769088,0.12680480335604769
0.15834712982177734,-4.011800858283843,-0.10773121148680347,1.4170854161293092,-0.000669345368691081,-0.002147831568061982,-0.0031566259719834067,0.03245799217125769,0.13363406314041693
0.16716909408569336,-4.011809869054148,-0.1076780749217729,1.417099710203604,0.001926623709435625,-0.005286002019543846,-0.02158393452974,0.03227812605017652,0.08958180714337367
0.17504096031188965,-4.011836941225451,-0.10763974242287817,1.4170946051428095,0.0008050768938657436,-0.005862605171978744,-0.02939084804619796,0.032033202316458204,0.07685293013559868
0.18366193771362305,-4.011843183760531,-0.10757667287673994,1.4170823617410244,-0.0007804543433045048,-0.010027700659502868,-0.04509038315008679,0.031657449123540814,0.02648419245073738
0.19157195091247559,-4.01186494079492,-0.10754801647943692,1.4170514572072777,-0.0011621721470254692,-0.004817561643823286,-0.04176303969968542,0.0313094237927101,0.07154385345062272
0.19994306564331055,-4.011856474755111,-0.10749262028347409,1.4170204890016393,-0.0022006598100153987,-0.007154636985995164,-0.031173685703165116,0.03104964307851706,0.06033216405099248
0.20868492126464844,-4.011866284397269,-0.10744235044362925,1.4170166918960996,-0.0025468648552529807,-0.006737309896898408,-0.036777120446094824,0.030743167074799602,0.057455729545604906
0.21713709831237793,-4.011850244173734,-0.10739082726477392,1.416984914797255,-0.0025730180454112987,-0.005595622927964654,-0.03460064373673452,0.03045482837699348,0.06759769543140351
0.22496700286865234,-4.0118593605627115,-0.10735128356698137,1.4169670835164185,-0.003082773532083151,-0.004521338739157109,-0.013446424275666974,0.030342774841362923,0.09498572606823572
0.23325610160827637,-4.01184057290587,-0.10730196073257989,1.4169220626356682,-0.005137905817316335,-0.006998805561472541,-0.028725508539182848,0.0301033956035364,0.05987809494455057
0.2423229217529297,-4.011830651959115,-0.10726372686983297,1.416879328776434,-0.0037931002488338045,-0.0024601164156054078,0.0008285258429958919,0.030110299985561365,0.12399488182776298
1.2913990020751953,-4.00944508053046,-0.10495381723673235,1.4129771385729055,-0.005558176225984663,-0.003731566055625738,-0.01730598874753922,0.029966083412665205,0.09685567262575487
1.8915560245513916,-4.00993591306306,-0.10416583530007736,1.4132554673583522,-0.005032914729850134,-0.004790585132827201,-0.011344445086996502,0.029871546370273568,0.09272990098088744
1.9000139236450195,-4.009967802128643,-0.10422010424584884,1.4132467546577148,-0.008570662941743516,-0.007705662678381634,-0.010283262479216099,0.0297858525162801,0.06950173747341826
1.9084091186523438,-4.009988634439479,-0.10428212657157127,1.4132529571758674,-0.007665343860125032,-0.0005327511729917233,-0.00022598118377903376,0.029783969339748608,0.13840360027139856
1.9165070056915283,-4.010023959756585,-0.10434269853232564,1.4132744656066172,-0.006904969094455168,0.0013323508012417198,0.01458569977736801,0.02990551683789334,0.1676483474754748
1.9249510765075684,-4.010039929794631,-0.10440962209827115,1.4132845844757778,-0.00642178135219294,0.00042871603035999945,-0.002092890423761873,0.029888076084361993,0.1450615049698348
1.933377981185913,-4.010068772833534,-0.10450914184868068,1.4132881078855593,-0.006252698050242291,-0.0005698105665984069,0.006339086103737818,0.02994090180189314,0.14440898297380594
1.941514015197754,-4.0100733217138425,-0.10456015375575343,1.413325663496336,-0.0072514343701428905,-0.0005469870484808451,0.008807586230711734,0.03001429835381574,0.14733568888223192
1.9500341415405273,-4.010078460360462,-0.10464539218325725,1.4133217287111,-0.006001873158686829,0.0024021200456761805,0.004779461389977507,0.030054127198732218,0.16842881072169974
1.95865797996521,-4.010074577281245,-0.10471954137192463,1.4133265194664242,-0.0068815196171175255,0.0023755050320645415,0.007434914817023575,0.030116084822207415,0.1710301983006645
1.9668059349060059,-4.0100638475849815,-0.10478561281573186,1.413322234498253,-0.00656431252316206,0.0028060136733071353,0.010027729562893523,0.030199649235231527,0.17728264363278073
1.975074052810669,-4.010046900614267,-0.10483370719703815,1.4133009208911713,-0.0063828574980717675,0.005279613606973177,0.024476085684122656,0.03040361661593255,0.21180824139372345
1.983212947845459,-4.010023066667529,-0.10491868244200438,1.4132589973106868,-0.005207693027956633,0.0040775077274278326,0.004048550341588658,0.030437354535445788,0.183495561053412
1.991711139678955,-4.010005172829375,-0.1049809226877539,1.413217477734485,-0.0072675876869953615,0.008101332243786286,0.0325538545135505,0.030708636656392042,0.24426981859397076
2.000124931335449,-4.0099847799834345,-0.10504083198440001,1.413202247580353,-0.004078872489281458,0.00716965822369451,0.025249945000343638,0.03091905286472824,0.2303535342288147
2.0091569423675537,-4.009981740735258,-0.10512818292970294,1.4131820054382975,-0.004210017632354632,0.00815099337887699,0.03872912707373083,0.031241795590342663,0.2521302965208889
2.016983985900879,-4.009976221655483,-0.10519228973297408,1.4131808852805414,-0.005321081367207397,0.007299049349651015,0.01541860290654326,0.03137028394789719,0.22507588649612142
2.0251331329345703,-4.009980711063138,-0.10528679466916091,1.4131616795010655,-0.0037942167813114084,0.008992504694140854,0.01570811568589542,0.03150118491194632,0.23986222790568204
2.033565044403076,-4.009985705152762,-0.10537811979711748,1.413143609317178,-0.004100939618254548,0.008257397573523789,0.001775137358183132,0.03151597772326451,0.22143459139491325
2.0414741039276123,-4.009968236713122,-0.10545791103988346,1.4131001003874222,-0.003694673783961812,0.010509888352273311,0.007510988711114386,0.03157856929585713,0.24564154934650673
2.050352096557617,-4.00995996646499,-0.10554266129510764,1.413051485281068,-0.003259132412233901,0.013398759713041022,0.02356404821285657,0.0317749363642976,0.28499152564102026
2.0581350326538086,-4.00996382200575,-0.10562176831895594,1.4129677571202768,-0.005285057512800664,0.011567449096693811,0.022711970512921398,0.031964202785238614,0.2701665106195351
2.0671849250793457,-4.009972245273496,-0.10569118639672061,1.4129273272740044,-0.004292185231394915,0.01267403046624262,0.02471349420283292,0.03217014857026222,0.28201407406038304
2.0751681327819824,-4.009988724322306,-0.10575512822159543,1.4128671647143078,-0.003803280443996672,0.01324505491299819,0.020496266994692036,0.03234095079521799,0.28376906667497825
2.083989143371582,-4.010008212386949,-0.10580497211536025,1.41281039460891,-0.006477985574667692,0.013907479808425103,0.02368174259639394,0.03253829865018794,0.29360520913185106
2.0914690494537354,-4.010028224366206,-0.1058414950575376,1.4127631331349242,-0.0057979478707245995,0.011206525756346465,0.005264638556496393,0.03258217063815874,0.25465716648485937
2.1003870964050293,-4.0100527592461885,-0.10582629557939405,1.4127246932758646,-0.00575744507410023,0.012213996400795683,0.01799630430554089,0.032732139840704916,0.2751339136413269
2.1087701320648193,-4.010093800262674,-0.10582952746228486,1.4126651076121675,-0.00711497080005386,0.00902216979889939,0.001927636234961283,0.03274820347599626,0.23441608537732506
2.117098093032837,-4.010124777906495,-0.10577671643354776,1.4126436643169906,-0.00688769394758083,0.008737372658241467,-0.00011770015864609462,0.032747222641340876,0.23016096889842913
2.1250059604644775,-4.010170143549832,-0.10570540248237995,1.412611194128512,-0.008008240383943417,0.009449334954712153,0.003076016253587277,0.03277285611012077,0.2393066581827366
2.133265972137451,-4.010210873454278,-0.10566293238926901,1.4125700377406931,-0.007665947668901063,0.008524107512814743,0.01710310767729928,0.0329153820074316,0.24463894483072324
2.1419119834899902,-4.010280351583396,-0.10567474399425571,1.4125037253118038,-0.008732170424808375,0.008869583163884134,0.006580527577095818,0.03297021973724073,0.23863984560063828
2.150038957595825,-4.010344068909292,-0.10560593023410413,1.4124973854325829,-0.007387581526726049,0.00661832780650682,0.007276475977080754,0.033030857037049735,0.2204159848074715
2.158529043197632,-4.0104019165787115,-0.10553822943999837,1.4125067628423094,-0.007660290721671548,0.008108426416777741,0.014312546421119121,0.03315012825722573,0.23978669141759687
2.166883945465088,-4.010455514286012,-0.10545757367524555,1.4125087346626768,-0.008106580038582155,0.004648451243772876,0.01220594435693334,0.03325184446020017,0.20947324334867107
2.17486310005188,-4.010507454598737,-0.10538183782702905,1.4125024285074388,-0.008333030751325686,0.007988735691896127,0.02625385792670104,0.03347062660958935,0.2510572364523783
2.183056116104126,-4.010567719210329,-0.1053083195287844,1.4124960588847209,-0.007874653037597792,0.005476660546387536,0.016707349417041106,0.033609854521398023,0.2220788339142355
2.1917190551757812,-4.010618313756319,-0.10523164466079664,1.4125145645627502,-0.007962680097330773,0.008050386069992782,0.04891875477514851,0.03401751081119093,0.27426399996570183
2.1999740600585938,-4.010676229833441,-0.10517757610615469,1.412532624685627,-0.006961783539337798,0.005560865976981521,0.01901115824098576,0.03417593712986581,0.22735122316797649
2.2084360122680664,-4.010731613559365,-0.10512550115284423,1.4125543457222767,-0.006820804736873463,0.005816218005491409,0.02764451644768573,0.03440630810026319,0.2382398526252269
2.2169270515441895,-4.010786116911462,-0.10509195958505298,1.4125967052352328,-0.0063687627139643425,0.0065800449351192765,0.02364781419984585,0.03460337321859524,0.24193936223670978
2.2248730659484863,-4.010830528330731,-0.10507737562725669,1.4126293480283971,-0.0037519262742268713,0.0049754529574527785,0.01170878044684548,0.03470094638898562,0.2178310501349352
2.2333319187164307,-4.010893135855597,-0.10507268517371691,1.4126949677788043,-0.004723376751752189,0.006669786989796676,0.011645656618754219,0.034797993527475236,0.2326270585331277
2.2418289184570312,-4.010928957244691,-0.10506540925641074,1.4127536355843264,-0.0027776779891479707,0.004537278021614102,0.011154877582869871,0.03489095084066582,0.21438208704324938
2.2499279975891113,-4.010966145356788,-0.10506663820380963,1.412820431490158,-0.001513266017656945,0.002211696816768724,-0.006964513605517975,0.0348329132272865,0.17824989968158514
2.2581090927124023,-4.011012373682248,-0.10508820108063945,1.4128798361710715,-0.0015138007872107437,0.0013009230725124605,0.0011158202093888847,0.03484221172903141,0.17784574135215428
2.266771078109741,-4.011046336699706,-0.10508217677815197,1.4129537406774308,-0.0012862356378064972,0.004568930340675825,0.008184190687064996,0.034910413318090285,0.21181285209648795
2.2753610610961914,-4.01108266253323,-0.10508749085743563,1.4130214412884932,-0.0010216450842373238,0.0016812871090794226,0.017266106988777508,0.035054297542996764,0.1963148030037985
2.2832651138305664,-4.01111620139858,-0.10510786314903137,1.4131080079168572,-0.0011606063167940617,0.001722314562870189,0.011575640115056851,0.03515076121062224,0.19208227109922615
2.2916259765625,-4.01114689440161,-0.1051058115895547,1.4132187450416618,-0.0009894268817971135,0.0027164523413835233,0.01797444031090445,0.03530054821321311,0.20678833915816577
2.3004939556121826,-4.011193994728059,-0.10513599639578121,1.4133136836785307,-0.0018098129363979913,0.004022578875521679,0.032040754297207596,0.03556755449902317,0.23167698339490397
2.3083009719848633,-4.011233141557323,-0.10514905948554051,1.4134180954811717,0.0004731989861269947,0.003954777071876622,0.03155327459059554,0.0358304984539448,0.23148925993177727
2.3174431324005127,-4.011268388012505,-0.10516023400291073,1.413527388385378,3.961605499060828e-06,0.0026811861633887113,0.022075520367880186,0.036014461123677136,0.21334523930311355
2.3256139755249023,-4.011326113033402,-0.10519400330320001,1.413641466492145,0.0013230266974721217,0.002547825353573258,0.013790781130177121,0.036129384299761945,0.2051524594363215
2.3334219455718994,-4.011377445857838,-0.10522450880611496,1.4137332306718657,0.0010951995196614274,0.0016982506336429282,0.021518467401065167,0.03630870486143749,0.20579947374111093
2.3415539264678955,-4.011428729857501,-0.10526206133205486,1.4138333892897172,0.003305706444508232,0.0021825102121916977,0.016355340428263476,0.03644499936500635,0.20549293105062164
2.350261926651001,-4.011490451215657,-0.10528323452175006,1.4139065923853413,0.002909364110633065,-0.0008015417798962174,-0.003551374411010777,0.03641540457824793,0.16270256963731597
2.3586390018463135,-4.0115502018382765,-0.10530039973793932,1.4139774855157263,0.0033642898739579224,0.0005639762061310873,-0.00789723923572544,0.03634959425128355,0.16988568514281432
2.366914987564087,-4.011619481557983,-0.10529796901888641,1.4140540009732385,0.005774404763968532,0.0036290351994051106,0.008836050981512744,0.03642322800946282,0.21035740216141743
2.3752400875091553,-4.011685667548888,-0.10528824303618972,1.4141228943756532,0.0057893665469546905,-0.001031249334210947,-0.017088449206650314,0.03628082426607407,0.1475458189118955
2.383366107940674,-4.011760832581335,-0.10527079221806322,1.4141943686540241,0.007807724708160466,0.0016351675487956043,-0.004389073579062486,0.036244248652915215,0.18063794935402383
2.39159893989563,-4.011824183590659,-0.10523359267500444,1.4142474581868014,0.008151063381490183,-0.0010833490169492865,-0.02725435054350578,0.03601712906505267,0.1363618591737152
2.400531053543091,-4.011890223825565,-0.10518306698306358,1.4143128755069019,0.00722186615293645,-0.0021075698280707124,-0.0491380316865761,0.03560764546766453,0.10653975150366116
2.4090840816497803,-4.011959029157931,-0.10512888165877922,1.4143493452781686,0.006781671802751953,-0.004194416939952801,-0.028497716640613624,0.03537016449565942,0.10635811537107726
2.4164481163024902,-4.012030660004419,-0.10505464438471501,1.4144135569581753,0.004536762885533368,0.0009640744960935394,0.0062294927911474285,0.03542207693558565,0.1811721311683675
2.424678087234497,-4.012097778678383,-0.10494948734984838,1.4144569648868546,0.00392125070892636,0.002133609920676498,0.0239416387781638,0.035621590592070346,0.20779855897779287
2.4333090782165527,-4.0121663776338155,-0.10484743542397662,1.414521755805888,0.0014072272744356051,0.003050516706224871,-0.008044752679186584,0.03555455098641046,0.18719519753505162
2.4415669441223145,-4.012225942042852,-0.104709510376467,1.4145660869692114,0.0027393661570076144,0.005256193463270651,0.029260557231449158,0.0357983889633392,0.23977568698025867
2.4501490592956543,-4.012284415734766,-0.10459864724307265,1.4146125714969853,0.0011929178009269026,0.002588085905060306,0.010974620585005868,0.035889844134880916,0.20187097316948271
2.458806037902832,-4.012339354038525,-0.10448970218638348,1.4146655362401646,0.000641121153282315,0.005894393906152187,0.012950484562832265,0.035997764839571185,0.23196703742939884
2.4667561054229736,-4.012372039753754,-0.10437689276741201,1.4147058886433583,0.0013519351990557674,0.0036381954416173554,0.017340756902811116,0.03614227114709461,0.21750757758693198
2.4748620986938477,-4.012413311134068,-0.10428388836270513,1.4147600671292693,-0.001798002362058438,-0.0005262972535163785,0.015755223655566364,0.036273564677557664,0.18240769717850985
2.483549118041992,-4.012437763344433,-0.10416477335216574,1.4147970472988198,-0.0013563219170651575,0.004943803616572762,0.016437809673436332,0.0364105464248363,0.22944314605671962
2.4919869899749756,-4.012451008113839,-0.10407873373439,1.4148150277520384,-0.004027150087035876,0.003735208346922117,0.002097575675926444,0.03642802622213569,0.2071476139690909
2.5001180171966553,-4.012463993112881,-0.10402001242099382,1.4148254227521118,-0.0015570063764202664,0.005512535880886216,0.026936873922700777,0.03665250017149153,0.24473899476220748
2.508880138397217,-4.012476034136013,-0.10395016793789502,1.4148630998568104,-0.002254455285166311,0.006970881762099524,0.007599628211293341,0.03671583040658564,0.24019953316943754
2.5166120529174805,-4.012485033650321,-0.10389876956581162,1.414876803594412,-0.0019366429426906058,0.0048034382131312125,0.0246407053014,0.03692116961743064,0.23810133942832098
2.524984121322632,-4.012495203796851,-0.10387804583820488,1.414890807451514,-0.003303928768996524,0.006117417033737017,0.01986499216405202,0.03708671121879774,0.2459178234325507
2.5338220596313477,-4.01250424282028,-0.10385645636506605,1.41491313945097,-0.0024090929435352446,0.00768438161389095,0.04360232016027893,0.03745006388680006,0.2817263438261416
2.5424349308013916,-4.012520507082228,-0.10385807725592917,1.4149461034318955,-0.001054342458024436,0.007078671399471721,0.04293287407476282,0.037807837837423086,0.27749501147593736
2.550178050994873,-4.012517746882639,-0.10387364299447246,1.4149791800156564,-0.000544467123494432,0.0042172972447763035,0.009978256327675405,0.03789098997348705,0.22449012970649107
2.5585110187530518,-4.012518518395686,-0.10390888203366042,1.4150015099339133,0.000300867638909769,0.004862157366943434,0.011147451257898233,0.0379838854006362,0.23121693276341115
2.5665619373321533,-4.012508267296018,-0.1039376307660915,1.4150231262038835,0.0003762895429679377,0.003157497078077929,-0.01084052766297805,0.03789354767011138,0.1969228448701784
2.575326919555664,-4.012499660379747,-0.10397506571424213,1.4150376002695122,0.00028582453071912707,0.003878901847775136,-0.033296775413994284,0.03761607454166143,0.1816942938664138
2.583773136138916,-4.012472793818673,-0.1040032957754146,1.4150567795255702,-0.0007378791151981769,0.005661595974063712,-0.002798409172551919,0.0375927544652235,0.22385324791556171
2.5920610427856445,-4.012448322007721,-0.10406112366500098,1.4150509871245167,0.002048850096038244,0.0037476221532772662,0.03826388509256151,0.03791162017432818,0.24531546255841968
2.600152015686035,-4.012420475576719,-0.10412070783454891,1.4150567026853635,0.0031655027535657343,-0.001803331512921397,-0.013975246021346588,0.037795159790816955,0.15154268000946275
2.6081700325012207,-4.01237348871902,-0.10418812637469993,1.4150886768869742,0.003612590517727284,0.00022836755253948654,0.0034107083096321378,0.03782358236006389,0.18409103740299848
2.616910934448242,-4.0123249640267975,-0.10427402437769942,1.415081838772146,0.0075594345925971826,0.0006419345123937757,-0.0357956610565735,0.037525285184592444,0.15051261078850528
2.6252360343933105,-4.0122604361556835,-0.10433983466912063,1.4150978139122614,0.009592759872554797,-0.0038560194983126707,-0.05139330655245161,0.03709700762998868,0.09650325126485132
2.633615016937256,-4.012192229591332,-0.10440539263192615,1.4150912378124132,0.007566027369806473,-0.0035359026831854367,-0.03240305069963617,0.03682698220749171,0.11518201058747023
2.6417009830474854,-4.012131460274162,-0.10445990035534508,1.4150758283577576,0.013616122434744377,-0.004583114563120366,-0.11729430159873738,0.0358495296941689,0.025089157388855282
2.65051007270813,-4.012073745637244,-0.10452493955769505,1.415042895235523,0.005982343785570295,-0.0013523065236277407,-0.05252005067192783,0.03541186260523617,0.10916934836115522
2.6589231491088867,-4.012036247515482,-0.10457149280519476,1.4150522630496558,0.010820556656896302,-0.0070820421157536855,-0.09708039587040196,0.03460285930631615,0.016724797080877207
2.6672589778900146,-4.012004224376882,-0.10462912896626514,1.4150711956167097,0.006052278158005168,0.0032991340389024217,-0.0015135949799283122,0.03459024601481675,0.18961754182459473
2.6761579513549805,-4.011993408535134,-0.10468458046938015,1.4150970173799062,0.00850104728300528,-0.004590349834565605,-0.023475567743826697,0.034394616283618194,0.10253934267300513
2.683547019958496,-4.01197216280188,-0.10470869206469398,1.4151416079616004,0.011498174709806812,-0.003176147298075968,-0.025035773959168894,0.034185984833958453,0.11144412345720371
2.6915650367736816,-4.011963002105748,-0.10476225033239249,1.4151635181590607,0.001359711309898655,0.004005769594055445,0.04198108313973464,0.03453582719345624,0.23486756723158286
2.700132131576538,-4.0119594307172415,-0.10482027873961937,1.4152127985688105,0.011605046868537566,-0.006486308774705708,-0.009194111765607749,0.03445920959540951,0.09906153339152995
2.7086129188537598,-4.011949267481553,-0.10489368988488551,1.4152435041592295,0.013199178827112874,-0.006879057601022728,-0.048791444108717,0.03405261422783687,0.05830942264647623
2.7173140048980713,-4.011964081924223,-0.10498721715852516,1.4152385778533838,0.0060400052380404565,-0.004358443291273532,-0.023602273831145604,0.03385592861257732,0.10227956446171566
2.7253739833831787,-4.011976876839056,-0.10501324853441227,1.415279337465036,0.009915371095785813,-0.0036914737743161665,-0.03953872027876393,0.03352643927692096,0.09138960338810795
2.7334179878234863,-4.012011547793576,-0.1051122787235087,1.4153092213118903,0.012073183739952226,-0.009359055539924789,-0.03675326840676202,0.03322016204019794,0.04448213574961998
2.7417609691619873,-4.012026197490529,-0.10519684116369271,1.4153546527961356,0.012382630886141112,-0.012808133175235511,-0.07225666318092405,0.032618023180356906,-0.01893714346576389
2.7499380111694336,-4.012047104324753,-0.10522268861971869,1.4154120146972338,0.011068457389955585,-0.0122295654335073,-0.054712656212558275,0.03216208437858559,-0.0003979226333531427
2.758692979812622,-4.012064709586171,-0.10526980400613214,1.4154514203451376,0.012089302584829272,-0.006361541404425799,-0.03622551156818532,0.031860205115517376,0.06361374168367673
2.767086982727051,-4.012094113584104,-0.10535413585868658,1.415501342901214,0.011020919659007353,-0.013804994265082339,-0.030026485920301993,0.03160998439951486,0.005736146120029928
2.7752280235290527,-4.012116572893053,-0.10540060515297253,1.4155645828507653,0.00832943887383365,-0.008766350882509353,0.006894985899736916,0.031667442615346,0.08160877019250529
2.7834219932556152,-4.012127582513863,-0.10542873047992163,1.4156231975161624,0.01064734411254745,-0.00879471605713999,0.05067040474992596,0.03208969598826205,0.12187430718710407
2.7922770977020264,-4.012133447810946,-0.10547302588507079,1.4156581445553365,0.0106303660102777,-0.007817157815586737,0.0218109371227046,0.03227145379761792,0.10526706765417893
2.800286054611206,-4.012132481049273,-0.10550740810992265,1.415698728519185,0.009731293740456958,-0.008296256878013362,0.04904906388424585,0.032680195996653304,0.12759361255080756
2.809298038482666,-4.012130344388601,-0.10556914415586227,1.4157251409018914,0.10258346543450424,0.18551312749488705,-5.951698250055182,-0.016917289420473214,-3.838709968608038
2.8169119358062744,-4.012129179824567,-0.10561077807614545,1.4157575317933062,0.017072881768788805,-0.009807619605757748,-0.0033043965003187736,-0.01694482605797587,-0.16898973208401458
2.8252720832824707,-4.012137097679952,-0.10565348114942702,1.4158044473228322,0.018814612040445877,-0.002809308392427318,0.09503265680750772,-0.01615288725124664,-0.019412305206405793
2.8337719440460205,-4.012121219900951,-0.10568034519611234,1.4158363022052083,0.02050893675790684,-0.008797433122277633,-0.22261061715274977,-0.018007975727519554,-0.3613038998781227
2.842061996459961,-4.012094291708615,-0.10568986577226189,1.4158222819430453,0.02612841528410824,-0.016184438058223165,-0.1786278937021457,-0.01949654150837077,-0.3922640612074867
2.8502471446990967,-4.0120642802829645,-0.1057483230340586,1.415825322049337,0.03236550165067872,-0.011003876785746878,-0.08554479567390416,-0.020209414805653303,-0.27061283568223277
2.858865976333618,-4.012001530035491,-0.1057883339506713,1.4158330310990463,0.022237116770587817,0.0036316593877613597,0.05875398990699665,-0.019719798223094998,-0.01529333991394563
2.8665969371795654,-4.011920453586439,-0.10582617760245866,1.4158038845538023,0.014028290151685208,-0.0008781772350818918,-0.06622913109980644,-0.020271707648926718,-0.1653332846589832
2.8751211166381836,-4.011856361215446,-0.10595526653745918,1.415776760101855,-0.08855214325964618,-0.19650749650957902,6.348800138510371,0.03263496017199304,4.171806394754672
2.8838400840759277,-4.011741597540126,-0.10597125222697618,1.415742658912193,0.016908085228087875,-0.0006697500835589514,0.08863446493396682,0.03337358071310943,0.22867210788864206
2.892138957977295,-4.011691376949019,-0.10612747908582398,1.415733161770086,0.012196896503356943,-0.004263653609941166,0.0980150801434157,0.0341903730476379,0.21166768303432507
2.9001519680023193,-4.011599217871769,-0.1061424659767142,1.4156772996435456,0.011089839217657849,-0.0007154552508009285,0.10742407095621243,0.03508557363893967,0.2542526438525238
2.908867120742798,-4.01154976318272,-0.10622698328071022,1.4157065202152033,0.014579248162368434,-0.004022002158819815,0.02344639019209782,0.035280960223873815,0.1520952448865376
2.9167280197143555,-4.011477647585659,-0.10628801320386297,1.4156707260291992,0.013829702744432458,-0.00629640298066016,0.02842446606116822,0.03551783077438355,0.1387239561344488
2.9249329566955566,-4.011380980793266,-0.10626109724470295,1.4156475485987055,0.013286645862974657,-0.0025918682540069645,0.006178051732886047,0.03556931453882427,0.15034303885440586
2.933397054672241,-4.011370809247905,-0.10631827006833501,1.4156813013517437,0.01498296120750316,0.0002477689540797825,0.029085659421541066,0.035811695034003777,0.1953554457111243
2.9427950382232666,-4.011272295695737,-0.10630986753730828,1.415630612714164,0.01473178855299044,-0.004505569721300577,-0.028897504603386803,0.03557088249564222,0.10283043550266846
2.950773000717163,-4.011160414600432,-0.10626964943004567,1.4155770652984019,0.01229275907464787,-0.0007601044987838757,-0.0011562287108587976,0.03556124725638506,0.1593280808170196
2.9585299491882324,-4.011108880642709,-0.10628197332840833,1.415542469508979,0.011554733708258418,0.0024167712799878956,0.010364063616715713,0.03564761445319103,0.19676182925127736
2.9669151306152344,-4.011025267827235,-0.1062732917929032,1.4155144942214377,0.010853001381550492,0.00014063022668478725,0.020158250781580067,0.03581559987637086,0.18732323953920801
2.975615978240967,-4.010922123038445,-0.10623926611449334,1.4154398867845164,0.008512408159011652,0.0007236724313069758,0.014179447976480075,0.03593376194284153,0.18790194107884142
2.9839210510253906,-4.01081550848663,-0.10621116452331615,1.4153365743266757,0.010187075850200499,0.003465101645444709,0.037292586185119214,0.03624453349438419,0.23260308932631835
2.991969108581543,-4.010720041871728,-0.1062087939020666,1.4152376800136963,0.009276448377715237,0.004275899763206785,0.05801054041078196,0.03672795466447404,0.26030170576705225
3.000108003616333,-4.010617660096144,-0.10619633656871506,1.4151879032598382,0.008873322212062607,0.00552900219909195,0.11240125770239501,0.037664631811994,0.32371864790330995
3.0089399814605713,-4.010522229120298,-0.1062396779204341,1.415075821719513,0.00810418260228248,0.004997321287576135,0.12324847346887324,0.03869170242423461,0.33393966954284876
3.017241954803467,-4.0104505389182385,-0.10630053084713738,1.415005003155013,0.006667434780036415,0.007606706782583606,0.145652858658967,0.039905476246392665,0.38179062095629707
3.025676965713501,-4.010359505302652,-0.10632445768287446,1.4149345983477393,0.006609400851228962,0.005900226547492293,0.1076415221151425,0.04080248893068552,0.3379483322940393
3.033766984939575,-4.010268863150382,-0.10636452718648202,1.4148723475996603,0.0036258051960416514,0.0031769885767885834,0.09192291294317534,0.04156851320521198,0.30534663311300597
3.041965961456299,-4.01018555337739,-0.10638162988007471,1.4148058987404217,0.006130494118671648,0.0020813617612963024,0.028805118328370793,0.041808555857948404,0.24068075725915528
3.049901008605957,-4.009304661577916,-0.08110549278283807,1.4163371589928866,0.009984974984174463,0.008801847285558027,0.04848771125719381,0.04221262011842502,0.31571827743396524
3.058887004852295,-4.0091637928251815,-0.08123962214954619,1.4162530298696323,0.011769271289473889,0.004508654003161467,0.02371800718009659,0.04241027017825916,0.2582905982225743
3.067214012145996,-4.009007402982591,-0.08121163802789838,1.4162270895446716,0.013276257970249563,-4.432738280425719e-05,-0.018411585745199688,0.04225684029704916,0.18162696324801358
3.0751569271087646,-4.008837843015463,-0.08148086321948607,1.4161507119514394,0.013856423318907147,0.003159400873203279,0.011896113398341679,0.042355974575368674,0.23580629969577221
3.0838019847869873,-4.008622776940798,-0.08164316360262366,1.4160116224210906,0.013690626279281207,0.004567249014425918,0.014700727773899191,0.04247848064015117,0.25071850873871415
3.0916459560394287,-4.008354972559663,-0.08171590501613511,1.4159144918120619,0.01390243617335044,0.005303317370778831,0.0183534859479631,0.04263142635638419,0.26082558013325896
3.099992036819458,-4.008169102524822,-0.08175895986174848,1.4159410957308327,0.010340874970806498,0.005041838826721164,0.009448279659640124,0.04271016202021453,0.25176641377366316
3.108950138092041,-4.008052372467241,-0.08187909203907913,1.4159314094414885,0.008274749901188507,0.0029752251952380087,0.01871888650519571,0.04286615274109116,0.2438222110346281
3.117269992828369,-4.008736481763912,-0.10627968377330521,1.4142706407391303,0.005187497307915686,0.0049443464725642365,0.06671766754652225,0.043422133303978844,0.30625900566629644
3.125169038772583,-4.008595473281965,-0.10623014809946923,1.414269764084695,0.004179763562765135,0.0105119303448089,0.12106655420441176,0.044431021255682275,0.4062700976717116
3.1333279609680176,-4.008492677317536,-0.10625625577495475,1.4142377288631318,0.005285901934219555,0.012363297311235122,0.12676626590869766,0.04548740680492142,0.43167327515793824
3.1418890953063965,-4.00840010972467,-0.10629029051375816,1.414235012184902,0.002207085132880576,0.00963941266246236,0.12808650019896284,0.046554794306579446,0.4156732146678269
3.1500661373138428,-4.008277509341056,-0.10633428724346837,1.4142058018843902,0.0031982196489695035,0.012727636520041241,0.13720071893078778,0.04769813363100268,0.4549187802905754
3.1588571071624756,-4.008160471274202,-0.106408330018987,1.4141574574334006,0.00470803864023586,0.014069187706671172,0.13064654706668316,0.04878685485655837,0.46522451018763156
3.1670470237731934,-4.00804905116325,-0.10645385341573338,1.414139809670044,0.007954238308105339,0.014264002869289949,0.13330574272869988,0.0498977360459642,0.4738851801508249
3.174838066101074,-4.007924347134508,-0.10653270770797531,1.4141463435087773,0.01003307597919588,0.010440669475941322,0.10479082962987968,0.05077099295954653,0.42022138766380557
3.1832900047302246,-4.007800324610705,-0.10661422216588648,1.414113186780603,0.00823260968103249,0.011745115143627194,0.12067532816653848,0.05177662069426769,0.450412087671093
3.192547082901001,-4.007697724512911,-0.10668778391207276,1.414110498695439,0.009495558413645059,0.010451178047078315,0.07255242897027558,0.052381224269019984,0.3993918910016554
3.200176954269409,-4.007602214021268,-0.10673482390643031,1.4141340574233108,0.014173241611442148,0.013404542292852956,0.03779802434888513,0.05269620780526069,0.39384347342810017
3.2087039947509766,-4.007511872308238,-0.10680218474022704,1.4141384671207828,0.016153917753210945,0.007679429732903695,-0.051778730350721114,0.05226471838567135,0.26373597889928463
3.2166600227355957,-4.007441198022299,-0.10685317479138913,1.414147042306539,0.016360010567823328,0.008322051046333566,-0.07185806315711307,0.05166590119269541,0.2483767299974814
3.2257509231567383,-4.007357407839991,-0.1068543968256974,1.414178975397192,0.019514829085611914,0.0055428961594807535,-0.05116431446945513,0.05123953190544995,0.2408539572525248
3.233289957046509,-4.007281464651365,-0.10682005002880933,1.4142174224346724,0.020701321579605768,0.012045218409653249,-0.030111449371184318,0.05098860316069008,0.3126764083688186
3.2426509857177734,-4.007209307731349,-0.10676332732414147,1.4142662492036189,0.0226331483486595,0.016990175867044603,-0.01657748193352987,0.050850457477910664,0.3651477963483943
3.2507450580596924,-4.007143434310047,-0.10666593285835455,1.4143104747663715,0.02182685840525698,0.014254421426385444,-0.04582693393021808,0.05046856636182551,0.3145320630056224
3.2584149837493896,-4.007090445493237,-0.106547017524059,1.41437603016218,0.01689796232665745,0.011301403168979181,-0.022947547183493067,0.05027733680196307,0.3101568977657789
3.2669029235839844,-4.007037418637628,-0.10635199319742028,1.4144274045033072,0.019072895168186842,0.007413795284866565,-0.02339079458127946,0.05008241351378574,0.27582696725196065
3.275264024734497,-4.007008329900997,-0.10619053011601809,1.4144551121706102,0.014732174053818462,0.01638251476735491,0.03771255667943757,0.05039668481944772,0.40769498892305356
3.283595085144043,-4.006958012037638,-0.10600834815152131,1.41447457696566,0.012221056816581395,0.017848174246352305,0.07310700341732285,0.05100590984792541,0.45484237104680236
3.291952133178711,-4.0068779733587725,-0.10576511724316369,1.4145513717424216,0.008287206215787823,0.020834015671522797,0.07289055335439054,0.05161333112587867,0.48332208977017377
3.300323963165283,-4.006781577253203,-0.10553821356569823,1.4145930683113346,0.011145668604946238,0.02117275566565087,0.10325145974155459,0.05247375995705829,0.5167133405200791
3.308457136154175,-4.006671024928208,-0.10532146410968626,1.414597372960953,0.007410750364670471,0.018266001946246054,0.12395048541200993,0.05350668066882504,0.5163789180866227
3.3172640800476074,-4.00655677312593,-0.10505026079862623,1.4146285670785537,0.008061207886153592,0.016534278509706738,0.1284297136244611,0.054576928282362214,0.5108087422273639
3.325782060623169,-4.006444403752186,-0.10477222496617121,1.4146714380046932,0.006399815811796425,0.01500473788309041,0.17183748772047674,0.05600890734669952,0.5437217928806051
3.3338210582733154,-4.0063305388757815,-0.10446630019254932,1.4147205296717553,0.0064254400400158415,0.017566056038293885,0.26210054399651794,0.0581930785466705,0.6558646231564645
3.341928005218506,-4.0062462374389565,-0.10419082584631979,1.4147661860646872,0.0069721672176684315,0.022465244400280557,0.2605803748238461,0.060364581670202554,0.7058072692868884
3.349971055984497,-4.006178407012235,-0.10393615393298863,1.4147939118162618,0.010120129529411033,0.020567189568673244,0.20626836693220574,0.062083484727970935,0.6491550251419267
3.3585360050201416,-4.006137007170571,-0.10365096974396028,1.4148369523778375,0.007942188108640606,0.016346697871788524,0.15605682610204924,0.06338395827882135,0.5757061277015645
3.367246150970459,-4.006106101033673,-0.10331863038836704,1.4149260124298015,0.0113447316221286,0.0126957127259527,0.05518185856349389,0.0638438071001838,0.45690479027777475
3.3754971027374268,-4.006066782251031,-0.10296664796403435,1.415030936330677,0.017887805625999776,0.01340056300864885,0.00933330966058743,0.06392158468068869,0.42115269147793555
3.3836209774017334,-4.006052148125903,-0.10264741633243035,1.4151120336793963,0.020786548973206247,0.011980258359565654,-0.016353174090665834,0.06378530822993314,0.38519543351318325
3.391890048980713,-4.006030583727164,-0.10230281564400828,1.4152192474471983,0.02249660640139837,0.007840459230304367,0.02840111670699974,0.06402198420249147,0.39109512522646683
3.4003100395202637,-4.005997114413406,-0.10191096578000033,1.4153382645045338,0.02961336199234929,0.010066821671014725,0.027695209541686583,0.06425277761533886,0.40887176214490684
3.4091720581054688,-4.00593684031295,-0.10153043211650956,1.4154602893646606,0.03230038229039162,0.008028120414327758,0.13909538666985244,0.06541190583758763,0.49586787132213234
3.41654109954834,-4.00585775454458,-0.10111484387431151,1.4155514259176496,0.029363400086268712,0.004362686748124152,0.06827214031667417,0.06598084034022658,0.40540526682909317
3.425020933151245,-4.005794306824723,-0.10072069178002444,1.4156527212649928,0.02614772232143211,0.0032216308433312374,0.046870314681001224,0.06637142629590159,0.3792726440319424
3.433480978012085,-4.005719845664049,-0.10032192081872886,1.4157438379728513,0.029091625383063122,0.009907351414478073,0.058317930290586184,0.06685740904832314,0.44725699328708624
3.4418540000915527,-4.005607782949695,-0.09992759700566958,1.4158616085194775,0.028752053454645835,0.006351886209651852,0.05730577559174388,0.06733495717825434,0.41888298827009574
3.4503231048583984,-4.005476693956212,-0.09952379997564907,1.4159325488460954,0.032899301650840124,0.000462932868914048,0.024015524031181235,0.06753508654518085,0.3400581300926281
3.4589791297912598,-4.005344123914555,-0.09914432353087302,1.416008847387015,0.03955492257062947,-0.0002604176146319367,0.029935376395460733,0.06778454801514303,0.3391747748419526
3.4668519496917725,-4.005184079534902,-0.09872507280955836,1.4160633066749888,0.04277265584184511,-0.007144733781494134,0.05190142906773776,0.06821705992404084,0.3024375845403499
3.4752681255340576,-4.005016908579912,-0.09827701204588087,1.4161723453263009,0.04447530489099408,8.843072960291413e-05,-0.013352651061837584,0.06810578783185886,0.3041828526603685
3.483428955078125,-4.004835739357615,-0.09776337534276171,1.4163233338619707,0.04919124146547026,-0.004753216913208201,-0.03740331099606753,0.0677940935735583,0.23981519416838507
3.492398977279663,-4.004660072923355,-0.09721452583583863,1.4164511453153994,0.055959038437477016,0.006331758725803077,0.007262118850149268,0.06785461123064288,0.371477288532718
3.500110149383545,-4.004524167554163,-0.09674371193243653,1.416552281556493,0.06114151545534113,-0.004912451840183191,-0.009434050337033262,0.06777599414450093,0.2609914648567181
3.5088679790496826,-4.004368518930589,-0.0963324606480317,1.4166219425295077,0.0701765051708728,0.006629655782378852,0.0017572037580781963,0.06779063750915158,0.3660599580224164
3.516690969467163,-4.004252783976858,-0.09578606518404756,1.4167644746402748,0.07862537778505226,0.00334609173586018,0.05505869742871983,0.06824945998772425,0.3865108173687665
3.5254061222076416,-4.004158657348438,-0.09523792298879244,1.4169182082921346,0.08659742487226088,-0.002467827225220018,-0.013206379724027273,0.06813940682335735,0.27500002311277105
3.5332541465759277,-4.004098646225212,-0.09464047990018831,1.417095156725683,0.091645549812132,0.004459398696282113,-0.006514025233756993,0.06808512327974271,0.33780895639860314
3.5417139530181885,-4.004015147699838,-0.09401374432491802,1.4172762250555717,0.09549215054245691,0.011487955458787657,-0.0066331887353665575,0.06802984670694799,0.3956332518159964
3.550373077392578,-4.0039616205524124,-0.09334177425181572,1.4174315266905488,0.09461070875372908,0.000901331064005485,-0.040819834314095305,0.0676896814209972,0.2750169230332785
3.558732032775879,-4.003902060028022,-0.0926838106150586,1.4175727716685997,0.09957210618547395,0.008135767524111291,-0.027657224440552075,0.06745920455065926,0.3453356467475805
3.566972017288208,-4.003855811522376,-0.09204309028084956,1.41770060057221,0.10740805024646612,0.01680070272951703,0.029078995674938213,0.06770152951461708,0.4681055836223249
3.5759410858154297,-4.003810870543907,-0.09130709429716402,1.4178498507923354,0.10337538017413643,0.012320634656189223,0.028062258525723416,0.06793538166899811,0.4315219919861303
3.5834410190582275,-4.00376416898936,-0.09044668888561705,1.4180402253162712,0.10723103550902767,0.010504587957546713,0.024456703721113526,0.06813918753334072,0.41332206584459724
3.5925679206848145,-4.003690630907779,-0.08953111678272106,1.4182165207746469,0.11043701176985937,0.02164213406448247,0.10420341848638215,0.06900754935406057,0.5811505605972729
3.6000521183013916,-4.003633207452014,-0.08865301295456232,1.418356661962419,0.10583377335950525,0.017478049052149912,0.1106801550659664,0.0699298839796103,0.5572639272311295
3.6090691089630127,-4.00354561056353,-0.08773977307249298,1.4184682756821558,0.1095729511154439,0.015628885274178966,0.07034842556423615,0.07051612085931226,0.5079589189357665
3.6166820526123047,-4.003403983300648,-0.08672647929425949,1.4185892409618803,0.11136194019690368,0.02158900259722253,0.08821341833215868,0.07125123267874692,0.5769730247690821
3.625087022781372,-4.0032374780407505,-0.08571784820126702,1.418699914903007,0.10970711197269,0.015350875460240939,0.03913788091188364,0.07157738168634595,0.4828864584819258
3.6338839530944824,-4.003054570553084,-0.08471080631546513,1.4187771123205106,0.11410190064115328,0.010622560598905918,0.010457575077706949,0.07166452814532684,0.4173085073274079
3.642302989959717,-4.002813688231897,-0.08361087847047718,1.4188766746588615,0.10830105153348958,0.017388563818501564,0.08304588133872248,0.07235657715648286,0.5429997058578654
3.650390148162842,-4.0025494670271575,-0.08259517723255284,1.4189610269479873,0.10889895736472524,0.02366128512942264,0.019512606842021496,0.0725191822134997,0.5397363191842158
3.6583750247955322,-4.002307701510585,-0.08157073380068336,1.419013437032523,0.10119699106971043,0.027454324317932596,0.014931462217059321,0.07264361106530853,0.5695241339384229
3.667304039001465,-4.002092064146846,-0.08052445654756353,1.419054676409835,0.09711151231742446,0.027754899301558486,0.08492251718070831,0.0733512987084811,0.6384458167845835
3.6756601333618164,-4.0018556912752965,-0.07940182267703721,1.4191532494031103,0.091763798722497,0.031113148630940394,0.14500562325359845,0.07455967890226109,0.7268114241705558
3.684140920639038,-4.001620195305576,-0.07837071520052928,1.41922218313287,0.08887105808675161,0.03673373491681069,0.17766662039992775,0.07604023407226049,0.8105779002960782
3.6918890476226807,-4.001346919780132,-0.07738015122871136,1.419244533517425,0.09066620246719828,0.05148321486603791,0.17720367134111625,0.07751693133343646,0.9405040110686202
3.7000410556793213,-4.0010179054155905,-0.07630551807894094,1.4192646946857959,0.09729606481711633,0.053640367658391294,0.1791421684271144,0.07900978273699574,0.9661459945133297
3.7083380222320557,-4.000658237194621,-0.07526551230368408,1.4192295900718495,0.09059548770873088,0.046240408650668426,0.1337294611182399,0.08012419491298108,0.8702877479020503
3.7168021202087402,-4.000288519030664,-0.07424017026594884,1.419255547657717,0.09340766904958141,0.0571372458150178,0.17929676783699333,0.08161833464495602,1.0087459919519932
3.7254340648651123,-3.9998768504009123,-0.07318346767309125,1.4192437978541068,0.0937674141545871,0.05743090251960872,0.15330040688853963,0.08289583803569385,0.9940894612303512
3.733875036239624,-3.9994151757859377,-0.07210348720604358,1.4193280591333541,0.0879313632284907,0.0647011497083341,0.18217946356449577,0.08441400023206465,1.0890633388583246
3.7418510913848877,-3.9989040605252684,-0.0711233609233117,1.4193217223155754,0.0912828162032961,0.07461968282163066,0.2431107385974235,0.08643992305370984,1.2354111473046139
3.7501420974731445,-3.9983243419258185,-0.06999747653728504,1.4194164564421747,0.08893107502071734,0.08668399989124814,0.26555096025754454,0.08865284772252272,1.3674892565125896
3.7585439682006836,-3.9976725574334453,-0.06898541416218092,1.4194889587452895,0.08960194520528764,0.08933616030215227,0.25965932879405795,0.0908166754624732,1.3946442130821985
3.766757011413574,-3.9969511866515246,-0.06804008393812895,1.4195175756759648,0.09673688074011816,0.09059153528030711,0.23445823990861425,0.09277049412837832,1.3906802799888935
3.7760109901428223,-3.9961917713819983,-0.0670008322721297,1.419606608556211,0.09580693631195654,0.08688867263888586,0.19445510200941318,0.0943909533117901,1.3319346880207457
3.7835700511932373,-3.9954043518579687,-0.06590625482310371,1.419756214296778,0.10215057670274283,0.09024105143636878,0.2260478134862437,0.09627468509084212,1.395887950510385
3.7918479442596436,-3.9946182428646546,-0.0649639089702799,1.4198170355156943,0.10502033252126022,0.09451986023372887,0.2103031226728308,0.09802721111311571,1.4255411295760658
3.8007190227508545,-3.9937949327624773,-0.06402790896004028,1.4199406123847136,0.10968375307777012,0.102310000351027,0.22731434575442633,0.09992149732773593,1.5141012840737467
3.8085639476776123,-3.9929113875337983,-0.06297226695094356,1.4201408486350748,0.11095180407561829,0.09288792552412746,0.19325535201634714,0.10153195859453883,1.4122260009525247
3.8177199363708496,-3.992058882877884,-0.062087932066393084,1.4203017624647034,0.11142020299117238,0.1048027544061952,0.2332748779864119,0.10347591591109226,1.5568704223587273
3.825874090194702,-3.9911733247331487,-0.061215073738775785,1.4204499390826482,0.11517896244566352,0.10926047856898005,0.2656763436770948,0.10568988544173472,1.6328738564249552
3.833915948867798,-3.9902676424191714,-0.06024217916151216,1.4206933187871431,0.1174798658101118,0.10961372977195523,0.2627889563083735,0.10787979341097116,1.643239858433683
3.841654062271118,-3.989398026892395,-0.05941227907525003,1.4209002374867359,0.12228123187865901,0.11640105023217352,0.30595553626791006,0.11042942287987041,1.7497470585735566
3.850511074066162,-3.9884963647113287,-0.05859107617567558,1.4210944899986666,0.12419081873159989,0.11978862124978665,0.32364243130624193,0.11312644314075576,1.8063393898219744
3.8589961528778076,-3.987583511042776,-0.057795368396463064,1.421340008235547,0.12752257461576702,0.12103489482871596,0.28191437896858906,0.11547572963216067,1.7902046953784725
3.867203950881958,-3.9866807746923736,-0.05705310462252922,1.4215329866761102,0.13433845449973641,0.12253296539953318,0.33674784524373447,0.11828196167585846,1.8635799660778574
3.8754019737243652,-3.985738704574529,-0.0563547199264369,1.4216893646423145,0.1358499388463176,0.1232595365156079,0.30350628661223233,0.1208111807309604,1.8518398015480266
3.8834290504455566,-3.984849032973447,-0.05568315074136342,1.4218991356621562,0.14259615758065136,0.12473920336649819,0.37696464823901654,0.12395255279961886,1.9432343414369675
3.891937017440796,-3.983958213491385,-0.05500951001000891,1.4221615476440324,0.14601084373326678,0.12922071195088078,0.3801833305541391,0.12712074722090336,1.9980816441171954
3.9001691341400146,-3.9831337345929647,-0.05442090891684637,1.4224509373741083,0.1536525321100225,0.12928301266150188,0.4646794279279909,0.13099307578696995,2.0907154397453254
3.9088780879974365,-3.9823435983710023,-0.05384152417794333,1.4227409135070486,0.1640262483298175,0.128156103674313,0.4842540192690392,0.13502852594754527,2.1158852391566922
3.91713809967041,-3.9816003382454412,-0.05328755564667229,1.423056432251928,0.16927595536884718,0.12647454979345574,0.4592630352884963,0.13885571790828274,2.096751826272468
3.9257171154022217,-3.980885140748309,-0.05269809362448804,1.423417922687464,0.1820384099301245,0.12079290768043498,0.5281140460289591,0.1432566682918574,2.1288478788735015
3.9339230060577393,-3.9801650814765526,-0.05204400634530686,1.4239041705504296,0.18633629665270404,0.1194009868178178,0.5430341920857262,0.14778195322590512,2.1511444849224026
3.9425370693206787,-3.979392091231026,-0.05136216367574575,1.4244137736658837,0.1958057063899366,0.12079835720669739,0.5553844862150981,0.1524101572776976,2.1940427107362552
3.9509170055389404,-3.9786703926948532,-0.050801181849968416,1.4248583002082515,0.20366121689934188,0.1153861777824834,0.580844079033701,0.15725052460297845,2.1928272157475948
3.9592981338500977,-3.9779334056054036,-0.05021565855390597,1.4253963198490784,0.21338831806139993,0.11267963683688324,0.6164109840632503,0.16238728280350553,2.2243381517360366
3.9668350219726562,-3.977194321482984,-0.04967672173868383,1.4259379675170318,0.22356103460952245,0.10946520742935353,0.6647164772536829,0.16792658678061956,2.264750760946349
3.9762399196624756,-3.976509629289988,-0.0491011721926876,1.4265370057777886,0.23459722168198444,0.10280639631548835,0.6809885490778911,0.17360149135626865,2.2482718221481273
3.983464002609253,-3.975805463356454,-0.04858863311933397,1.4272221869412982,0.24487638079500934,0.0950516215222656,0.6975422828934963,0.17941434371371445,2.223655251569528
3.9920010566711426,-3.975131237411176,-0.04808376799129983,1.4280073307240153,0.25619743108914905,0.08921257605753835,0.7856439180710373,0.18596137636430643,2.2820337771197656
4.000836133956909,-3.974455148824801,-0.04760376164850704,1.4288164488541546,0.265974405156866,0.08029041218590541,0.8333091665949965,0.19290561941926473,2.280778573037329
4.008162975311279,-3.9737224093992833,-0.04719327284811745,1.4296428108869679,0.28094777299120655,0.07852831847361721,0.8253692093126785,0.19978369616353706,2.28878598731195
4.017303943634033,-3.972995816744575,-0.046843686250231144,1.4304389089808776,0.2981169329945968,0.06611713353105342,0.8244849167082569,0.20665440380277253,2.21333322130796
4.025382995605469,-3.9722207915699226,-0.04642727908595916,1.431269263062717,0.32048980552474643,0.0549127900504659,0.811331986786159,0.2134155036926572,2.135571142461459
4.033560037612915,-3.971426912715388,-0.045963916170551226,1.4321388002108166,0.3439913155778845,0.03810651535959281,0.7719424117865403,0.2198483571242117,1.9857288718622002
4.041934967041016,-3.9706024903397634,-0.04535707681771984,1.4330783103303462,0.36971476690340965,0.023027644777806305,0.7224426171546883,0.22586871226716743,1.83899072524861
4.050907135009766,-3.9697611110811004,-0.04495534544032096,1.4339421050556849,0.398586612729508,0.0072460701553225815,0.6654008643893594,0.2314137194704121,1.676791465908571
4.058953046798706,-3.9689277859689946,-0.04450940892174932,1.4349066960842434,0.4234046790681584,-0.00946151833247097,0.6116448931822782,0.23651076024693107,1.508395219146122
4.066861152648926,-3.9680693690898217,-0.04405861128846456,1.4359133744855792,0.4432989715635858,-0.027264606014585233,0.5691974497309493,0.24125407232802232,1.3401313879214904
4.075533151626587,-3.967194413029133,-0.04357877768936067,1.4369269214705984,0.46832541865607935,-0.037198660306740794,0.545981968371716,0.24580392206445328,1.253048817888924
4.083385944366455,-3.966288509621727,-0.04310082979832232,1.4380033219150392,0.49896470515777913,-0.053649000242395564,0.5759516827626787,0.25060351942080894,1.1587578746567742
4.09175705909729,-3.965372887797431,-0.04268380259837175,1.4391120073652557,0.5345356040476107,-0.06252430243382985,0.595452057257222,0.25556561989795246,1.1184947463171957
4.0997841358184814,-3.964433490017671,-0.042203944595778586,1.4402363562782918,0.5723526023116046,-0.07279741829715237,0.5957900603480115,0.2605305370675192,1.0490520303824655
4.10853910446167,-3.9634423221631647,-0.04175805381240219,1.4413824362656644,0.612275040084888,-0.08123934060387171,0.6034389640463389,0.2655591951012387,1.0013662148529923
4.1166770458221436,-3.9624422819723377,-0.041285489756523165,1.4425385480954724,0.6609905050196383,-0.09944972944677159,0.588265866601323,0.27046141065624973,0.8492016462170341
4.1255409717559814,-3.9613916158154194,-0.04088202363407993,1.443716982262476,0.7096446408708853,-0.1122692105748174,0.5647018041118756,0.2751672590238487,0.7338487643848808
4.133471965789795,-3.960321196987607,-0.04042231674688543,1.444939391363872,0.7687625342029107,-0.1245261811567107,0.5266633396909581,0.27955612018794,0.6068323434914698
4.141561031341553,-3.959192452394273,-0.04004789059507175,1.4461747689277875,0.8330803734268359,-0.13310196259071766,0.5805721863326574,0.28439422174071216,0.5936093893613548
4.149631977081299,-3.9579817773471717,-0.03961395054279913,1.447417023443187,0.9156227272235431,-0.14459590022044666,0.568303739509648,0.2891300862366259,0.4930907652306705
4.159116983413696,-3.956730599480695,-0.03919900508856228,1.44865607935732,1.0190789201725972,-0.1494675754359681,0.5307837964239126,0.2935532845401585,0.4201529599491485
4.166477918624878,-3.9553728628051834,-0.03878498561212056,1.449868951446944,1.1306360030582738,-0.16027268798935773,0.6136066408339591,0.2986666732137748,0.40624917573009944
4.174991130828857,-3.9539834953290405,-0.038425213738541145,1.4510817560059768,1.2680479078243108,-0.1580444189345607,0.5659918758489124,0.30338327217918243,0.3787707871925128
4.183854103088379,-3.952523526730002,-0.03808112287340306,1.4523244680405378,1.4226672263928184,-0.16171526725037633,0.6392018194823423,0.30870995400820195,0.40892352061599535
4.191581964492798,-3.9509978724688084,-0.03781382745957326,1.4535399389134152,1.6051686782574413,-0.15532412884092395,0.6211474504422476,0.31388618276188734,0.4362183162281206
4.200215101242065,-3.9493948426259453,-0.03764341992554786,1.4547540780543862,1.7986740464118947,-0.1522897961411433,0.561524222928631,0.3185655512862926,0.39393118357831924
4.208552122116089,-3.9477105055268398,-0.03746669469790233,1.4559648368488325,2.007693344494329,-0.14604867204352617,0.5638608325782246,0.3232643915577778,0.43077403436289474
4.216838121414185,-3.945932895746482,-0.037389332300217105,1.457146364270537,2.23907385510256,-0.13659794978877537,0.5338177445196335,0.3277128727621081,0.46026532732948566
4.2249720096588135,-3.9440663671086846,-0.03736672815835378,1.4582899050918139,2.5082911371316343,-0.10380446936035825,0.4369229647350714,0.3313538974682337,0.6149356334488905
4.2330241203308105,-3.9421056531114607,-0.03739369654254402,1.459415264798727,2.745317225894592,-0.11148826879901219,0.36189465361195383,0.3343696862483333,0.4528672636213378
4.241542100906372,-3.9400585835559387,-0.03750833471613245,1.460496860336625,3.0304212993625197,-0.0938850472388223,0.25423244423579794,0.3364882899502983,0.46033367161784433
4.250530958175659,-3.9378937913191834,-0.03754013863911905,1.4616028811629582,3.2722530938827803,-0.12466547034215103,0.11107768980395782,0.33741393736533126,0.033169751313270934
4.258415937423706,-3.935575395441137,-0.0375977477315193,1.4626518808532298,3.538404132470167,-0.13067729748786527,-0.045517246042172665,0.3370346269816465,-0.20913626739709135
4.266601085662842,-3.9330621584372034,-0.03763884474090007,1.4636647680401742,3.729562996054377,-0.1666219752849316,-0.1782021906139386,0.33554960872653034,-0.6720724505964573
4.274930953979492,-3.9303338143020974,-0.037772895418481764,1.4645998305360093,3.8492534308895827,-0.19204183523899654,-0.1326564897553495,0.3344441379785691,-0.8727845202188449
4.283267974853516,-3.927374090373281,-0.03791740079137474,1.4654768430909213,3.859235890976052,-0.24220979148670685,-0.0796847828049585,0.3337800981218611,-1.2513371611965007
4.292043924331665,-3.924154926823826,-0.038024471399796034,1.4662974286026926,3.8713832266908623,-0.3076131360243579,-0.24864137150399257,0.33170808669266116,-1.9621359921760464
4.299746036529541,-3.9207063046691824,-0.038197798873559126,1.4670475173920106,3.900002244277485,-0.3732599819605088,-0.3162547955425765,0.3290726300631397,-2.5906549381894024
4.30843710899353,-3.9170648487017727,-0.03851183652669401,1.4677095027492086,3.953416162889114,-0.27472749836734534,0.956578455099355,0.33704411718896765,-0.6046697008215323
4.3165810108184814,-3.913204013039275,-0.03881505630100295,1.4683585024658363,3.850808128084871,-0.5704217222009591,-0.11961180045830799,0.3360473521851484,-4.02619255112762
4.3255181312561035,-3.909064989246593,-0.03920358813416766,1.468956539396149,3.9215231354766917,-0.5615876404664268,-0.03540104401664523,0.3357523434850097,-3.8921242557863502
4.333544969558716,-3.904623490715308,-0.039570067056241894,1.4695784823564395,3.8795108087801844,-0.6489285657790663,0.02358499270095127,0.33594888509085097,-4.562967883715882
4.342982053756714,-3.899858575724685,-0.039972263170877854,1.4702209273057842,3.9555040568381785,0.7288565562350153,-57.94873688978849,-0.14695725565738652,-46.88848209246595
4.350089073181152,-3.8947574635561484,-0.040293186926555175,1.4709067551736459,3.7677888119806116,1.1362613531773218,-2.2619916678096863,-0.16580718622246723,6.006772445420132
4.358094930648804,-3.8892280253486473,-0.040715659772944626,1.4715798081881581,3.775681659956252,1.1623424516753889,-2.519414147136234,-0.18680230411526919,5.895131047167085
4.366645097732544,-3.88328259138748,-0.04122324759909581,1.4722862285536884,3.771004920875031,1.1992146035505942,-3.528849227049876,-0.2162093810073515,5.167451507312821
4.375410079956055,-3.8768386077813926,-0.04177927864726499,1.473056495818089,3.7883830778691525,1.2719076978165689,-1.7482253214112864,-0.23077792535244554,7.288191739445351
4.383443117141724,-3.8698639223259335,-0.04236931410730128,1.473939720076966,3.763068936336592,1.2547962368118175,-4.443778631567596,-0.26780941394884217,4.575800838084476
4.39248514175415,-3.8622068867143318,-0.04292527376597548,1.4749602780065914,3.7775707388513142,1.3663802843344612,-1.7259654096090649,-0.2821924590289177,7.857663771513156
4.400251150131226,-3.853717438753936,-0.04337498052176211,1.4762252971535197,3.7987555205568246,1.4497453996175995,-1.733907465517892,-0.2966416879082335,8.476789405781794
4.409060955047607,-3.84431958881534,-0.04392039127859487,1.4777211967338186,3.8322674586435244,-1.0470180278337637,68.18756633677546,0.27158803156489536,52.43432654942374
4.416554927825928,-3.833841642518942,-0.04434071675978534,1.4796212254469627,4.031387677524614,-0.8212223163776962,-0.5210378904281909,0.26724604914466044,-6.847561671027641
4.425636053085327,-3.8221370889448583,-0.04476859722541936,1.4819393783546047,3.9723515190933765,-0.950439760937266,-0.7315798407040042,0.26114955047212707,-8.135913591279447
4.433473110198975,-3.809014597417677,-0.04502430374606775,1.484838314734908,3.9796013979871345,-0.9822687362898175,-0.6507036421050438,0.2557270201212517,-8.35799376441552
4.441627025604248,-3.7943823237972887,-0.04530967510744185,1.4883276944204773,3.931015896473087,-1.0867037444563517,-0.7230900924641726,0.24970126935071693,-9.317339080277662
4.450179100036621,-3.7781315222623335,-0.045748504265220744,1.4924884206234674,3.984382936089546,-1.02662682765423,-0.6722772222906193,0.24409895916496177,-8.805280113430253
4.459012985229492,-3.7600991846520695,-0.04623651933918446,1.4974165982006664,4.016391779173024,-1.0429194726032673,-0.8005707898365311,0.237427535916324,-9.093824546995355
4.466434955596924,-3.740052375884322,-0.046401616933088204,1.5033986686046072,4.045021741870467,-1.0758769784669353,-0.7066674647439641,0.23153864037679098,-9.320077482208161
4.475969076156616,-3.7181368607653433,-0.0468500950512898,1.510028897896556,4.0344369969162495,-1.1086245168731095,-0.8040807931495786,0.2248379671005445,-9.711119723102476
4.483392000198364,-3.6940412475379416,-0.04712799050445478,1.5176284599624272,4.0403540362529275,-1.097650733673162,-0.7704561585877445,0.21841749911231328,-9.62086209017078
4.492175102233887,-3.6679661320942913,-0.04782900834067533,1.5256754318573804,4.110366824457494,-1.071055558988657,-1.0934331996324487,0.20930555578204288,-9.741864399457178
4.499835014343262,-3.6397782555486216,-0.048331468277438096,1.5343986783738892,4.063431286959038,-1.124894900399917,-0.7366330067693838,0.20316694739229801,-9.89610568577807
4.508360147476196,-3.6099746726555764,-0.04895957348309797,1.543321775187793,4.017421750743849,-1.155594818883634,-0.14896637637735743,0.2019255609224867,-9.627883286119085
4.516529083251953,-3.579149554943582,-0.04959540522813335,1.552339221786445,4.0958011261359655,-1.221729299299695,-1.0850857420747506,0.19288317973853045,-11.072987569816648
4.524976015090942,-3.5481028944008344,-0.05069848320166416,1.560968457304257,4.103084583154733,-1.2130046645920962,-0.7739140287612367,0.18643389616552014,-10.755106524128529
4.533371925354004,-3.516765218080633,-0.051650209808140106,1.5690509939763493,4.127943962252577,-1.2100699086086049,-0.7868266739164043,0.17987700721621677,-10.777907711807698
4.54223108291626,-3.485003864518023,-0.052671550228948004,1.5766102826225334,4.149692489856465,-1.200935563934171,-0.7537255479400451,0.17359596098338306,-10.705896942734864
4.550692081451416,-3.453155244356419,-0.05373799201658338,1.5853446187056264,4.170486448488581,-1.2109490940358119,-0.719236106075658,0.1676023267660859,-10.79163832115766
4.558802127838135,-3.4212926100188565,-0.05545280193167379,1.5914389504112108,4.179769917948779,-1.2723834572784471,-0.6701485541790775,0.16201775548126027,-11.29136470366556
4.566838979721069,-3.3888960473347627,-0.05623992680102776,1.597787548452446,4.200785435433119,-1.2714379425422315,-0.6751775747374567,0.15639127569178146,-11.318673782350645
4.575114965438843,-3.3565913204589357,-0.05727072248802771,1.603339943757705,4.22139034365809,-1.2548431092412022,-0.6630661024113882,0.15086572483835323,-11.19897425383355
4.583317995071411,-3.3230947028063693,-0.05824133863424115,1.6045216135771092,4.23438223813026,-1.3119003279817512,-0.7071902389057305,0.14497247284747214,-11.74709001441141
4.592561960220337,-3.2905642567778104,-0.05893278908156916,1.608678364807923,4.264599680346542,-1.2929165535084264,-0.7128193563973018,0.1390323115441613,-11.626948155871489
4.600260972976685,-3.257848721202712,-0.05977722655419988,1.6123526156158428,4.285093377582792,-1.3104169053996917,-0.7072412529710592,0.13313863443606913,-11.80064311774304
4.608508110046387,-3.225011444636049,-0.060643988408704094,1.6153718230321836,4.305854860926245,-1.3247310787190245,-0.7295136630352361,0.1270593539107755,-11.973331762032183
4.616837024688721,-3.1918541281093216,-0.06119461471279067,1.6184689266432521,4.3359187000831465,-1.2855076055073478,-0.7159007456883781,0.12109351436337235,-11.666477243668634
4.625469923019409,-3.158846044609966,-0.06230460159014774,1.620254632168551,4.3573389940097265,-1.3433947938868722,-0.7568530527476619,0.11478640559047516,-12.222306790943126
4.633291006088257,-3.125440691115584,-0.06295894273441181,1.6224248491703925,4.382563348797704,-1.3251978499010435,-0.7279259389658027,0.10872035609909347,-12.077669306492773
4.6420371532440186,-3.091635568032159,-0.0626707756607871,1.6247249372786396,4.407969107540485,-1.3433826373482143,-0.7153374982956617,0.10275921027996296,-12.252125373614815
4.650093078613281,-3.0585299459242448,-0.0634710516675207,1.624886682748568,4.436989531083626,-1.345146087648472,-0.7341430048165226,0.09664135190649194,-12.318264995473534
4.6583571434021,-3.024320395874337,-0.06242793363669928,1.6271577105525845,4.452343674096609,-1.3595346471856011,-0.7027137317972831,0.09078540414151458,-12.441715549831974
4.667135000228882,-2.990294900061172,-0.06286598176417037,1.6280528156689038,4.481882195787712,-1.3723901900793587,-0.7533482779076622,0.08450750182561739,-12.630023040570187
4.674968957901001,-2.9561395073333845,-0.06345175376728132,1.6285220706003858,4.521222430382326,-1.3112257914341472,-0.683869607542788,0.07880858842942749,-12.090024979565474
4.684201955795288,-2.922159167754493,-0.0652173978302069,1.6278421541009327,4.549841680522689,-1.3475226984720066,-0.7794873535694297,0.07231286048301558,-12.515737586634597
4.6920390129089355,-2.8878726248040647,-0.06613478571132236,1.6275651627274026,4.5667227003339,-1.3723759886967084,-0.7908470729066591,0.06572246820879342,-12.768768648978709
4.700178146362305,-2.853297501478694,-0.06685497448314195,1.62699021421199,4.593577304164795,-1.3761289075991505,-0.7769836453213521,0.05924760449778215,-12.823812885604976
4.7083799839019775,-2.8184311226863334,-0.06796150730229024,1.6259990996713731,4.62983756641508,-1.3659059340153255,-0.7551282842196805,0.05295486879595148,-12.755504027336183
4.716601133346558,-2.783597312024893,-0.0689489653343068,1.6244886880584934,4.654245137759557,-1.3776152186742927,-0.8154317247346563,0.04615960442316268,-12.94428207008512
4.724915027618408,-2.748745595096548,-0.06998364113636144,1.6228546197224083,4.696739840968782,-1.3547306740415266,-0.7724505517755123,0.039722516491700076,-12.75290366794963
4.733731985092163,-2.713385557423398,-0.06980673613884676,1.6212410738322636,4.711315642451464,-1.3920530024936588,-0.8321270542253606,0.032788124373155404,-13.154648406452113
4.742321968078613,-2.678328648429049,-0.07122499452593564,1.618892145912573,4.755708319303876,-1.3405509022265858,-0.6498176383527949,0.027372977386882113,-12.594911450751686
4.750196933746338,-2.6435989962654416,-0.07418821300493438,1.6161721701499927,4.768880145103445,-1.3804255886457142,-0.7498715240936829,0.021124048019434755,-13.050443789278845
4.758876085281372,-2.6081486656522492,-0.07547536997132413,1.612722574750961,4.800593784394097,-1.3812088568312724,-0.6918029459251702,0.015359023470058337,-13.038822652426267
4.766662120819092,-2.5726751521812488,-0.07737135771388387,1.609127119112513,4.844784692446082,-1.3636777045638777,-0.7096266903412408,0.009445467717214663,-12.944247737648544
4.775252103805542,-2.537026532448402,-0.07911593527551213,1.6053602712216415,4.856708625378474,-1.421018533678587,-0.7865229216765159,0.002891110036577031,-13.52683141910838
4.783129930496216,-2.501236909544524,-0.08070747974866914,1.601475868296446,4.873764063615757,-1.4335291775885233,-0.6944019247007323,-0.0028955726692624036,-13.580547696923736
4.791583061218262,-2.4652864357905635,-0.08231259022219885,1.5973236565678701,4.908484344805277,-1.4593763317616328,-0.7297441219601655,-0.008976773685597116,-13.864228293884596
4.800326108932495,-2.429200778670554,-0.0845979038096602,1.5924779735487662,4.939781150877685,-1.4423123628480177,-0.6733314524785176,-0.014587869122918096,-13.703637422544885
4.807898998260498,-2.3929711919673453,-0.08676330118140223,1.5874643933962738,4.98361239687555,-1.4527899544015261,-0.6960297973174147,-0.02038811743389655,-13.847616393319239
4.8173301219940186,-2.3566208879997346,-0.08865298228367882,1.5824132284907748,7.143700734173765,1.079427330412649,-5.797444370496502,-0.06870015385470074,2.202724618967064
4.825593948364258,-2.320125162959574,-0.09122333353109334,1.5766930826606902,5.108961866204235,-1.2218092089770864,-0.6469410514215035,-0.07409132928321327,-12.146670518638745
4.833155155181885,-2.2834366018761036,-0.09360235177865849,1.570947817454668,5.133800281383494,-1.2237162675183026,-0.6357582582887744,-0.07938931476895306,-12.182643128406411
4.8413190841674805,-2.2465939099760663,-0.09622583476386064,1.5648645475245795,5.161580675776922,-1.224173115912804,-0.5995771871821098,-0.08438579132880397,-12.18334930769005
4.84962797164917,-2.209602147384777,-0.09906668738451611,1.5584610148629559,5.207048194856932,-1.2319287168160031,-0.5565167312066954,-0.08902343075552643,-12.240799396119064
4.8582611083984375,-2.1724400321629784,-0.10148016242683275,1.5521916429633236,5.2250789224342356,-1.237573155498924,-0.5515626659847506,-0.09361978630539936,-12.30901116737813
4.866225004196167,-2.1350856189921754,-0.10456398700147765,1.5452292377628143,5.258149060656234,-1.235145078062641,-0.6414928822868937,-0.0989655603244568,-12.40037666551328
4.875576019287109,-2.0975816192767525,-0.10752311477299771,1.5382139225496188,5.305330326114135,-1.244365245664641,-0.6010797667092049,-0.10397455838036684,-12.474553269214832
4.8828489780426025,-2.0598939624131596,-0.11074418990626034,1.530846143347892,5.324668402722287,-1.2494185201509338,-0.5939419099254373,-0.10892407429641215,-12.537794911146081
4.891319036483765,-2.022009959193034,-0.11394018428882698,1.5232566439485293,5.360021736909296,-1.2425388561205253,-0.6348303903557806,-0.11421432754937699,-12.54838757184545
4.899606943130493,-1.9840327540766476,-0.11747255575915691,1.5153376184777618,5.407995011006258,-1.2460900049119785,-0.5681013806403534,-0.11894850572137994,-12.550471697315016
4.909045934677124,-1.9458516934902774,-0.12114230153743556,1.5070943633614389,5.427561291438568,-1.2535400879084264,-0.5560547632162205,-0.12358229541484844,-12.627984282990596
4.916873931884766,-1.9074315399354016,-0.12436625343130567,1.4991675835362424,5.464388601153755,-1.244197772040935,-0.4534844140759553,-0.12736133219881474,-12.483419745011279
4.92465615272522,-1.8688039625982023,-0.12790070926407116,1.4907069532440038,5.507965301431467,-1.269706459147417,-0.6238681945849223,-0.13256023382035576,-12.881877920317383
4.93300199508667,-1.830079009099913,-0.13191871086936555,1.481794512896327,5.529126718015255,-1.2448712977785896,-0.3479232875505822,-0.13545959454994394,-12.44603165760876
4.941710948944092,-1.7911873262366094,-0.1361563395104919,1.4726135540452026,5.568534527952625,-1.2744311415229972,-0.6237240922458476,-0.14065729531865934,-12.971421622560213
4.949826002120972,-1.7520569502799341,-0.1403118887727414,1.4632891093647913,5.607236769510802,-1.2697352606403998,-0.3890479950478465,-0.14389936194405806,-12.746109632466808
4.958755970001221,-1.7127831570229248,-0.1447766898170791,1.453610892690062,5.631357929780334,-1.2785447136779984,-0.571609596024949,-0.14866277524426597,-13.00960900883446
4.966922044754028,-1.6732262066308996,-0.14882433493298758,1.4438846864567938,5.674183100904806,-1.2487384449909837,-0.3744933614201429,-0.1517835532561005,-12.607391425706481
4.975315093994141,-1.6336060564432282,-0.15361107327782902,1.4335775425221409,5.712867242116462,-1.312631747002909,-0.6030208226991718,-0.1568087267785936,-13.377625036652159
4.983763933181763,-1.5936842477807855,-0.15775583634259227,1.423495150277232,5.734562018807796,-1.2669822242281972,-0.2577329112145499,-0.15895650103871484,-12.702118966033526
4.992181062698364,-1.553709462824675,-0.1625382687965273,1.4128335915418708,5.782232667251605,-1.2923128402235138,-0.6430640252064457,-0.16431536791543522,-13.291821935787342
4.99991512298584,-1.5135324565610124,-0.16739492550422663,1.4019392881002564,5.8271544753699205,-1.280289098822713,-0.4986674598807106,-0.1684709300811078,-13.090907336512263
5.008327960968018,-1.473053715244165,-0.1718702964019817,1.3909571522958564,5.8517669960497845,-1.31422329149002,-0.6202694905042172,-0.17363984250197628,-13.512850738377379
5.016617059707642,-1.432547076551058,-0.17699449085663924,1.3792323911676236,5.897561663158169,-1.3089540869058776,-0.7103830077178763,-0.17955970089962525,-13.585717869408091
5.024809122085571,-1.391967136968782,-0.18244851380752625,1.367168762115186,5.938401018249612,-1.2803438328475985,-0.44812611818970893,-0.18329408521787283,-13.13812335927624
5.033313035964966,-1.351173918117621,-0.18811485980509163,1.3546406013367334,5.950936232621978,-1.2839538950008202,-0.5653670860006343,-0.18800547760121145,-13.297469248746939
5.041563987731934,-1.3101887844917375,-0.19353195625776123,1.3420221244668789,6.018007879783905,-1.3273952149579744,-0.7550877972781578,-0.19429787591186276,-13.873159033160277
5.050583124160767,-1.2689141257403145,-0.19905990979680052,1.329071395665977,6.045905933182181,-1.2639103928485378,-0.6933540807507299,-0.2000758265847855,-13.318787148611754
5.0584211349487305,-1.208906227690989,-0.1973559077445918,1.3339588428352147,6.0812550181840175,-1.3316219798938334,-0.6753300429925879,-0.20570357694305708,-13.9039539922189
5.067532062530518,-1.1672020383135302,-0.20320432129933783,1.3206535035613225,6.127812030668185,-1.2792748597399426,-0.6506585864306125,-0.21112573182997885,-13.4777978453299
5.075129985809326,-1.1253638508801576,-0.20921381656847,1.30709514647904,2.6744949763591586,-4.4148444018954205,3.8383628899763256,-0.17913937441350947,-34.962110921493256
5.0840699672698975,-1.0833635707865787,-0.2153420791280043,1.2933046100501384,4.456428381324271,-2.386015406722668,-0.5909495404574305,-0.1840639539173214,-22.255867033094443
5.092803955078125,-1.041056048075573,-0.22155141797045855,1.2792213803056718,6.081687294752539,-1.5975819040489307,-0.1878048839637847,-0.1856289946170196,-15.604746287306904
5.100856065750122,-0.998668502662709,-0.22798401982769478,1.2648829621847233,6.166109770458353,-1.5534799255193887,-0.9896213204966098,-0.19387583895449134,-16.003536891625917
5.108103036880493,-0.9560819772633204,-0.23451069331233942,1.2503110618772855,6.157659435347355,-1.53128237532684,-1.536056425467659,-0.20667630916672183,-16.3627333233347
5.1167380809783936,-0.9131858970339531,-0.2411466271504557,1.2354088028493215,6.3171216491139015,-1.4868702185696936,-0.5844479437088379,-0.21154670869762882,-15.197523707736043
5.125409126281738,-0.8702084830930364,-0.2479241773745454,1.2202350328388976,6.168450694847065,-1.6250478919921905,-0.18206981782196707,-0.21306395717947854,-15.976922451471301
5.13329005241394,-0.8270127179027196,-0.2548866093109144,1.2048574961202487,6.345691177964904,-1.5357714048145283,-0.4775082176496781,-0.2170431923265592,-15.54397532135452
5.1416380405426025,-0.7834967957934271,-0.2620115195875939,1.1891988113843186,6.6994405375400445,-1.3984797504917745,-0.39637894625690007,-0.22034635021203336,-14.403993221518057
5.149949073791504,-0.7398997438285365,-0.2692754248602272,1.173256942183887,6.456977865653939,-1.5423221186939298,-0.6723778450151952,-0.22594949892049332,-15.835822703441746
5.159204959869385,-0.6960489507482819,-0.2767488524513891,1.1571886735351016,6.853492731272269,-1.3406526722378944,-1.1388461870594169,-0.23543988381265513,-14.680766377419005
5.166852951049805,-0.6519504301837764,-0.2842371767210313,1.1406339427072096,6.38854289499767,-1.7672802281511828,-1.0700891998157191,-0.24435729381111945,-18.15009136813562
5.174983024597168,-0.6076974143187284,-0.29199084954494553,1.1241326732642254,6.5585617167882235,-1.5362877563147161,-0.0883759388673433,-0.2450937599683473,-15.376174660069461
5.183385133743286,-0.5632401435854748,-0.29980647830317536,1.1071116750798606,9.510548064005375,0.5512356035015209,3.2920296999342256,-0.2176601791355621,4.699390770729588
5.191439151763916,-0.5185134926692223,-0.3077505002877572,1.0899391108218537,6.623760136045846,-1.3541486758373482,-7.827037666264748,-0.28288549302110166,-20.9247873889028
5.200456142425537,-0.47368122984482847,-0.3158871978137237,1.0724513155880377,6.7281125317676755,-1.334998530867634,-0.4016755186009191,-0.28623278900944266,-14.195208534249607
5.208431959152222,-0.4285134311150738,-0.3242803089377186,1.0550152638551245,6.758291747161383,-1.3311780628290668,-0.2877578323308305,-0.2886307709455329,-14.079010365610815
5.216645956039429,-0.3831985590390643,-0.3324564144592219,1.036776202561301,6.803585408048349,-1.3382134423310357,-0.34754207021328476,-0.29152695486397695,-14.213589533255329
5.2256081104278564,-0.3376842395042993,-0.3411343607524543,1.0187868572714256,6.8381828875379655,-1.374066999838308,-0.48368896346369317,-0.2955576962261744,-14.661057239583672
5.233216047286987,-0.2919096001478366,-0.34988215204400513,1.0002806392155161,6.881242367373447,-1.3880422000065178,-0.5113381941697326,-0.2998188478442555,-14.831299008575726
5.241765022277832,-0.2458264103661873,-0.3586516492233193,0.9816203724966324,5.947029071276462,-2.59000627750346,3.3843190099164033,-0.27161618942828547,-21.13094789361183
5.250086069107056,-0.19968712534102145,-0.3674805486701574,0.9624081880127957,6.928636873677866,-1.6054873254846014,-0.3609882533056563,-0.2746244248724993,-16.409883395419683
5.258680105209351,-0.15327905269108805,-0.3763964746492388,0.9428982514589823,6.788338469451028,-1.8253345423890095,-0.38881184558310355,-0.2778645235856918,-18.266453631242
5.266646146774292,-0.10656607760887966,-0.38548668717725715,0.923387539314019,6.969336864293037,-1.6829401876672303,-0.3965740340039936,-0.28116930720239175,-17.129789015135923
5.274857997894287,-0.05984854649948228,-0.39512229346783667,0.9036078840419263,7.013720687879013,-1.6837358267938767,-0.512559597079798,-0.28544063717805673,-17.268409722221516
5.283044099807739,-0.01277788388310524,-0.4041049032639091,0.8830715407862263,7.102045490656344,-1.658722209191948,-0.6577666721439845,-0.29092202611258994,-17.23077971405597
5.291913032531738,0.03450632514991954,-0.41388399582312085,0.8627358518342474,7.0015252349209405,-0.8228615623694508,-2.0482716563270675,-0.30799095658198217,-11.521743147623845
5.299973964691162,0.08184845302305399,-0.42317937137832873,0.841521846595446,6.308956837786572,0.8549717339720642,-8.906339347327837,-0.38221045114304747,-3.7757052821194
5.30824613571167,0.129545636130906,-0.4330430222820317,0.8203966936218722,4.914296991937495,2.9909337910208005,-8.763965751232366,-0.45524349906998385,14.1778468561081
5.316509008407593,0.1449210264861718,-0.4500652407258651,0.7802238235787595,4.160708787181264,2.9414785736931015,-5.804391960717177,-0.5036134320759603,16.309640342506977
5.324774980545044,0.17779141517528768,-0.45774277496592786,0.7538792003107355,4.102871544492281,2.761726029206971,-2.2708724016812187,-0.5225373687566371,17.866727929978794
5.333156108856201,0.22514432139423357,-0.4678647549522797,0.7314408572949676,3.4605009645612452,1.8372877434503812,-2.6361729093925934,-0.5445054763349088,9.809483716814219
5.342138051986694,0.2730717210690855,-0.47818310455076507,0.7088378579085254,3.1368981937453024,2.0451342586772556,-2.46379648355298,-0.5650371136978503,11.66955583036733
5.349611043930054,0.32067491166490325,-0.4882837964932986,0.6858187273317944,3.0236541398699974,2.1807983219832465,-2.2778508495636407,-0.5840192041108806,12.903729919574317
5.358086109161377,0.3695423649128285,-0.49895532233164447,0.6626508527160091,2.9980609093558472,1.8059991922610483,-1.1956856777049962,-0.5939832514250889,10.681511621101418
5.366217136383057,0.4169202139492266,-0.5094444393712192,0.6385453953407693,3.0307921021305972,2.214881928363735,-1.9260676345167616,-0.6100338150460619,13.377348940565666
5.374547958374023,0.46580432706017216,-0.5203576670232385,0.6146600550507647,2.9453599244199142,2.3375160758885616,-2.5154076645400147,-0.6309955455838954,13.797942131590966
5.383080959320068,0.5177359753171159,-0.5319369979687546,0.5910854903930426,2.741735238638294,2.2475608492298402,-3.6204127454482338,-0.661165651795964,11.956283674346817
5.391721963882446,0.5672970090825098,-0.5431237433712106,0.5665047598843973,2.652448810610163,2.2990738799240713,-3.9834883347265704,-0.6943613879186854,11.92442883873926
5.3999340534210205,0.6202276949209059,-0.5545114750545412,0.5423182103662805,2.6029286760605195,2.275931072163709,-3.5501800576840115,-0.7239462217327188,11.984619552222444
5.40877103805542,0.6683209913727184,-0.5655846568992288,0.5151483979587218,2.5295347908349575,2.413018256627614,-3.175520181885876,-0.7504088899151011,13.355412603106688
5.416311025619507,0.7182358270825514,-0.5769671054802388,0.4894667951639086,2.186614361549718,2.2363232878456443,-2.7404417796714764,-0.7732459047456968,12.217889146546847
5.424939155578613,0.7966123883342634,-0.5897543819426523,0.476837365039472,2.1217130065019063,2.2142927792021907,-1.0838415817761016,-0.7822779179271643,13.47617820011541
5.432987928390503,0.8464666548806565,-0.5998102744405494,0.45059402286965355,1.9298673018482377,1.9774459944951917,-1.5798556658603191,-0.7954433818093336,11.023278376329628
5.442296028137207,0.8971120781034243,-0.6120695571507099,0.4240915187264429,1.9004025565362925,1.8865692387696311,-1.7908665725700912,-0.8103672699140844,10.008342648694198
5.449897050857544,0.9479439557060687,-0.6241878727821454,0.3974265792850884,1.9543542106590759,2.1956657435764355,-1.3640228906019303,-0.8217341273357671,12.915142105721696
5.458209037780762,0.9990430642579637,-0.636404134873731,0.37044989498906206,2.0348190155938446,2.35956046678679,-1.487414497646955,-0.8341292481494917,14.105185297479862
5.466936111450195,1.0502218064639268,-0.6491223491519049,0.3428976608729456,2.025894824019469,2.1356747427748135,-1.6465175893424444,-0.8478502280606788,12.023072416484117
5.4752960205078125,1.1015911056534329,-0.661976524190391,0.31491035333458667,1.9566222385511856,2.1355295636399476,-1.7165614338733093,-0.8621549066762897,11.904763776995171
5.483458042144775,1.143542212977706,-0.679283785108811,0.2808222389087547,2.8122347681384685,2.741560202319369,-14.427128120025552,-0.9823809743431693,4.94472431373063
5.491857051849365,1.195489013455875,-0.6923032260570248,0.2522866503482116,1.4945493985770464,2.2107272408817327,-1.9627559889535284,-0.9987372742511154,11.755059884763
5.499890089035034,1.2457162356204803,-0.7068255077236117,0.22214181250505216,1.3781892184602922,2.2216983105093053,-1.3971548451504745,-1.010380231294036,12.317000269057104
5.508916139602661,1.297621914518096,-0.7201803856325955,0.1925526450321865,1.2953976347586393,2.104931270935299,-1.942804538174574,-1.0265702691121574,10.791499385846087
5.516757011413574,1.3497537678326021,-0.7335661275852359,0.16263153307143494,0.18780412829108029,1.7900885621777212,11.011064304810843,-0.9348113999054004,20.322031595486266
5.526327133178711,1.402485731007782,-0.7466527744226832,0.1324136824118591,1.3480972206105937,1.9444653277103476,-1.1835063595675521,-0.9446739529017967,10.500864332202065
5.5336339473724365,1.4560075557817276,-0.7591358123789221,0.10819187420660054,1.30639069368591,2.107665303747074,-3.2860967229117843,-0.9720580922593949,9.876642688513504
5.5424699783325195,1.5074458796882442,-0.7720443499576537,0.09519364715854413,1.4152131120300617,2.298984494686152,1.6718478667937564,-0.9581260267027802,15.936220303916837
5.5503270626068115,1.5551863155629353,-0.7852308626901936,0.09957361366619051,1.285983069043081,1.765243826691158,-2.3973268965950556,-0.9781037508410724,7.771493517203166
5.5590410232543945,1.5973835835800851,-0.7953649482001327,0.10430983671618649,1.0756126757732711,1.6526036972334193,-2.842407925596735,-1.0017904835543785,6.358760233922283
5.5670390129089355,1.6384976672146179,-0.8010926335260045,0.10718921982741689,1.0379772758589392,1.5993638882697825,-3.1747210092769595,-1.0282464919650198,5.498204693492843
5.57552695274353,1.6710956818405687,-0.8096600019490077,0.10534807832633275,0.8869639086702563,1.5750420752670857,-3.185278574087027,-1.0547904800824117,5.18752471967186
5.583569049835205,1.7022989106136435,-0.8192217460130237,0.10574485505161771,0.8669309895799625,1.5764717271831161,-3.0242376637293233,-1.0799924606134894,5.226758278918362
5.591546058654785,1.7333401193508715,-0.8270268804567217,0.10701278382570098,0.8517862287449868,1.5790000802362703,-2.6216253275383217,-1.1018393383429754,5.505099818636459
5.600054979324341,1.7624676534495434,-0.8361584326236272,0.1055023662000166,0.7135200773663231,1.6451765316458755,-2.7085052487218686,-1.1244102154156577,5.901725270617944
5.608832120895386,1.7937428134421645,-0.8444084292283476,0.106161153701959,0.661077700904463,1.2509295926651756,-3.982802778282437,-1.1576002385680113,1.3150805662483327
5.6170220375061035,1.825052964872942,-0.8528679987252471,0.10740943306533327,0.6076262468291703,1.2149505245696925,-4.101572370097912,-1.1917800083188272,0.7554826747186576
5.62520694732666,1.8545869213588748,-0.8613641902497863,0.10816293671104096,0.48673585026148886,1.4321520696267926,-5.077576899998846,-1.234093149152151,1.5302445477432345
5.633378028869629,1.883832529026475,-0.8698262460937989,0.10874180181579701,0.509985078321326,1.2517999024211517,-4.026386691462127,-1.267646371581002,0.7892385947099596
5.641680002212524,1.912645554219927,-0.8788846386004898,0.108584154530152,0.5093211541001995,1.1914261323233015,-3.9881257932400516,-1.3008807531913358,0.1592118509455993
5.649912118911743,1.9417760195322202,-0.8866199450681846,0.1089168237423311,0.3834934426693961,1.251143594219063,-4.015537879648612,-1.3343435688550742,0.5004215536581462
5.658555030822754,1.9678329457175625,-0.8947919827201024,0.1095264241241632,-0.6959633338665436,-2.740949872109187,259.8302132045912,0.8309082078498523,212.22226339237767
5.667278051376343,1.9933812782702607,-0.9026122420557657,0.11015167564974045,0.7207153126688097,-1.024341264402455,-0.39663009670313,0.8276029570439929,-5.1436259256904275
5.675019025802612,2.0164069972741214,-0.9103908247565246,0.1102007437738634,0.7509553165719799,-1.0352983470142556,2.3310193289942216,0.8470281181189447,-2.7226618305642267
5.683145999908447,2.038712951633871,-0.9173794646674844,0.10956212922459553,0.7088535334657855,-1.0095336548403102,1.5251953498250748,0.859738079367487,-3.154964339697659
5.691982984542847,2.063202693280482,-0.9240028635594967,0.11009476007839321,0.6918598351302712,-0.9978082528170573,1.7448170143226571,0.8742782211535092,-2.788929897430215
5.70003604888916,2.0891592959774266,-0.9303894994017599,0.11074469614790548,0.6642118778176508,-0.9977058752419439,0.20346183974352616,0.8759737364847052,-4.1457676689354495
5.70917010307312,2.1136741467232443,-0.9375881763544761,0.10985984749389242,0.6548218098486086,-0.9853122851668228,-1.0970930130100731,0.8668312947096213,-5.240378526714308
5.716699123382568,2.137797223768725,-0.9447066730241817,0.10906192845013925,0.6763314392282943,-1.0115045585416838,0.38945408961268857,0.8700767454563937,-4.126366591579248
5.724955081939697,2.169808898253126,-0.9289214449530052,0.1022486674497445,0.722792050041026,-0.9622684093638347,-3.403090952572838,0.8417176541849534,-7.230742161950402
5.73393702507019,2.1920409727560135,-0.935971648119156,0.10175041565489511,0.8101515554787639,-0.835217359617463,-7.519018902585941,0.7790591633300705,-10.14125079677108
5.742443084716797,2.2138277638376365,-0.9418325717070817,0.10186329454350761,0.8416447405588714,-0.8439419432170601,-5.510458273904577,0.733138677714199,-8.652124024350481
5.7500269412994385,2.2344238324754477,-0.9469526613234406,0.1017098924986252,0.7880469170115564,-0.7894216777356154,-5.841656135402,0.6844582099191824,-8.710846075972231
5.758435964584351,2.2473542753957827,-0.9751261111067537,0.10931133585467673,0.8496470745780315,-0.7608338086925226,-1.9645465502536386,0.6680869886670687,-5.112072847448088
5.767009973526001,2.2670676612482357,-0.9799061234452476,0.10970383049644004,0.75915842692229,-0.7114453755636304,-6.120979707017278,0.6170788244419247,-8.620391551007682
5.7750890254974365,2.2877119453270187,-0.9836641233654515,0.11061000451092573,0.8323739726859419,-0.7513590281364565,-1.7773849558897359,0.6022672831428436,-5.175798403843068
5.783308029174805,2.310167434340447,-0.9866059386669305,0.11197861209828024,0.8508869737034201,-0.6823188285456492,-1.980230925294162,0.5857653587653923,-4.859389391605804
5.791649103164673,2.328355006477649,-0.9912796856137573,0.11130705782751739,1.8472250602680622,-0.5114660631523282,97.13968754143143,1.3952627549439875,88.39876209901016
5.8000359535217285,2.344786248816876,-0.9956637100173122,0.1111760438536012,0.10466932794886542,-1.1295165085278338,-2.400148709843135,1.3752615156952948,-5.086099183234985
5.808151006698608,2.3606663899876588,-1.0002123399859923,0.11064993732106307,0.09746901893261789,-1.2136656324231707,-2.1259028918082112,1.3575456582635597,-5.630519287999411
5.816802978515625,2.375729752558631,-1.004507737229426,0.11069712941035549,0.02647766051362871,-1.13853211266623,-2.3507891607211384,1.3379557485908835,-5.280224169771821
5.82542610168457,2.390721343181933,-1.0082684325328604,0.11051756982148674,0.07953103012005897,-1.0967905631640593,-2.873385730377569,1.3140108675044038,-5.519086492838552
5.833341121673584,2.405667189013619,-1.0119784489060184,0.11013266335082465,-0.01245295685258474,-0.9023258870761889,-5.150256512429889,1.2710920632341547,-6.100468920943206
5.841933012008667,2.420600552227292,-1.0152379365547566,0.11068793293836453,-0.37225881429946717,-2.156418301616017,-99.82059948007623,0.4392537342335195,-104.71033819121345
5.849960088729858,2.4323597371205015,-1.0191623363781233,0.10982837920402293,0.7339548939141246,-0.5987002630238161,-4.904005877673081,0.3983870185862438,-7.627597142761788
5.858047008514404,2.4436393218474777,-1.0235474049969395,0.1088703583216193,0.7152853863869554,-0.6066875322509967,-3.0238911012085823,0.3731879260761723,-6.138445390649499
5.866836071014404,2.4562438360490244,-1.0266716632528696,0.10898490197090789,1.8189918955292113,-2.5010421291587264,107.62960918061836,1.2701013359146587,80.45925140404299
5.8750529289245605,2.46746853396534,-1.029984509314039,0.1080429612986986,-1.5575601363177876,-1.243718574309801,-122.93365380896041,0.2456542208399886,-118.31152036707687
5.883235931396484,2.4781693604464676,-1.0335583777952138,0.10659974035098704,0.696841520533014,-0.5483230713607432,-4.871658390186074,0.205057067588438,-8.088563986779507
5.891597032546997,2.4890540776222743,-1.0368405995623802,0.10593527864504716,0.20703605555840887,-0.6129976038199404,-0.21879241252208526,0.2032337974840873,-4.407235854232782
5.900244951248169,2.5020131601824835,-1.0252344689636743,0.08625225835409073,0.5641743334093082,-0.5876898727841711,-5.672794397885172,0.1559605108350442,-9.33932914182397
5.908468961715698,2.5123623354819227,-1.0285948151320494,0.08489857498335392,0.39773388027858503,-1.20235348656063,102.51762449696864,1.0102740483097827,85.83631592367296
5.916290998458862,2.5229711491108464,-1.0322367633510587,0.0838745303205778,-0.1826173852899563,-0.7089513574929519,-5.0794353635111555,0.9679454202805231,-5.825047777488481
5.924536943435669,2.5332004684647735,-1.036245062365171,0.0828596993220754,-0.09323461392420912,-0.7883246188419288,-5.443865853341325,0.9225798715026787,-7.047427794060222
5.933190107345581,2.5432776563866626,-1.0402870238151447,0.08194776363248264,0.013440989282127558,-0.7825419173166401,-5.719292354495615,0.8749191018818819,-7.490904999063113
5.941213130950928,2.553208207483886,-1.044237888944302,0.0808764760257083,0.2910139721134955,-0.5118438573182027,-116.87647443434189,-0.09905151840430045,-108.77941792063262
5.949934005737305,2.5629991738053377,-1.0478119331275901,0.0797216434187359,0.5387097258633669,-0.55076869451247,-4.799181113573654,-0.13904469435074757,-9.65044402127426
5.9583940505981445,2.5730762492326718,-1.0515937998881923,0.0785948726020058,0.49502372799510164,-0.49051509598134385,-8.197875958578129,-0.20736032733889864,-12.484883935869892
