0.0,-4.993769514831691,0.2099800732629626,1.6194053142713791,-3.4075482138727637,2.411247489854028,-0.7939109282273149,0.43740125008541125
0.007706165313720703,-4.9609583667738075,0.20843943637782922,1.627999743022235,-3.3153259031863507,2.4434282095763624,-0.6778965402388271,0.4430503879207348
0.015717029571533203,-4.9281111325399385,0.20687658492280817,1.63662806769703,-3.3933853972040713,2.4291985202559156,-0.6345432706453735,0.44833824850944626
0.024281978607177734,-4.895174442763621,0.20538744611498044,1.644896865119678,-3.3840052619181473,2.4271468472493796,-0.5277706192185527,0.4527363370029342
0.03258395195007324,-4.8610801213720345,0.20329020884732826,1.6511706588998787,-3.3758926598183057,2.432885807325446,-0.3660430459146591,0.4557866957188897
0.04053497314453125,-4.826633881584743,0.20090984568123912,1.6575118395534552,3.7255854136417534,-4.0741312432452705,383.18320083598667,-2.7374066445809992
0.04926300048828125,-4.792769505286286,0.1996841005403829,1.6642688266407044,3.538213726716564,-2.255334020386426,-0.3791751022271761,-2.7342468520624394
0.057479143142700195,-4.7591629731498495,0.19897826117168482,1.6712329549101652,3.5736740683950328,-2.2406237360384615,-0.2790945513526033,-2.731921064134501
0.0656270980834961,-4.7249286483834245,0.19759105043760986,1.6774066997180803,3.566623798331161,-2.247812282104052,-0.43984316414471536,-2.728255704433295
0.07457518577575684,-4.691239346137605,0.19703990368052765,1.6839586948766023,3.57741249047067,-2.2420306317449565,-0.2141414359300775,-2.726471192467211
0.08328104019165039,-4.656981063631635,0.19590310908484287,1.6899436241730614,3.5852969626052618,-2.244069094040718,-0.28169279414994364,-2.7241237525159616
0.09110498428344727,-4.622774561781323,0.194955167780471,1.695796643097163,3.5825821045726793,-2.242183353885748,-0.21796361148293641,-2.722307389086937
0.0993800163269043,-4.5885900179246955,0.1941539927649049,1.7016179929610644,3.5983001979206013,-2.23207864934456,-0.11145125534872236,-2.721378628625698
0.10788702964782715,-4.546693152639961,0.2092199328915074,1.7206237133054183,3.6119556734979343,-2.213411498082677,-0.056556390400945844,-2.7209073253723566
0.11607813835144043,-4.51217477367415,0.20819436076256934,1.7261990914371188,3.6043498834381853,-2.2314357179399793,-0.24541464777897204,-2.718862203307532
0.12439703941345215,-4.477421297329552,0.20726742779197035,1.7314640290087622,3.651503929576625,-2.2193098573665964,-0.156413555484054,-2.7175587570118314
0.1328601837158203,-4.442678499345434,0.20622211679301208,1.7366800060996403,3.613601248544409,-2.218900020665536,-0.10821212065955876,-2.7166569893396684
0.14081311225891113,-4.407863610094858,0.20522345585836382,1.7417536285579214,3.6349834414867437,-2.2299037679940543,-0.28680575423400967,-2.7142669413877183
0.1494910717010498,-4.3729699581778725,0.20436376589264352,1.7467344000134037,3.635102418876039,-2.2153638481566507,-0.06940147706343325,-2.713688595745523
0.1574859619140625,-4.338094378575117,0.2035166203736096,1.7516466407515563,3.644722013342723,-2.2268571427858883,-0.250570056469428,-2.711600511941611
0.1661679744720459,-4.303129015289558,0.20260535063413299,1.7563961724803994,3.6504518329315445,-2.200894561904436,0.1862114802616155,-2.7131522742771246
0.17417097091674805,-4.268121072090627,0.20171446159630455,1.7609407555965633,3.638130396363799,-2.2123934502707727,-0.134953779190905,-2.7120276594505337
0.18251800537109375,-4.2331000895090245,0.2008102344729246,1.76557671605841,3.640936897015009,-2.2281408306352244,-0.21887958945901786,-2.7102036628717086
0.19097495079040527,-4.197756520148128,0.2001172173681408,1.769913249334381,3.675305556144628,-2.2003486103629197,0.01866985538631738,-2.710359244999928
0.19922113418579102,-4.162698227746356,0.1992590937638219,1.7743450129423317,3.6555024662748075,-2.2382984780701998,-0.18195059585050188,-2.708842990034507
0.20757603645324707,-4.1274292781478845,0.1983199238177758,1.7787025784512727,3.7284225553458636,-2.193098902849212,0.09212896210266663,-2.7096107313853626
0.21659016609191895,-4.092207191803057,0.19741485363253244,1.782929092792727,3.6157496055594804,-2.258024871810922,-0.478022239072704,-2.7056272127264234
0.22410798072814941,-4.056863564848718,0.19653673783046435,1.7871356928844926,3.71722363023283,-2.223645124883656,-0.05724721042863479,-2.705150152639518
0.23245596885681152,-4.0215729605419135,0.19561617769775036,1.7911804959929924,3.6561794993501966,-2.2115020569615718,0.26066434018339635,-2.7073223554743797
0.24102306365966797,-3.9863312713201298,0.19451283255271953,1.795315489503653,3.651574653769957,-2.2445307224597917,-0.3531220429993809,-2.704379671782718
0.2494029998779297,-3.9510059828125117,0.1934471253386758,1.7994956221759906,3.663221913598826,-2.2333482819224377,-0.020678184822937595,-2.7042073535758604
0.257951021194458,-3.915517967387043,0.19256595103749977,1.8033511367950668,3.699488713579892,-2.2037315877146275,0.0806133935171971,-2.7048791318551704
0.26616501808166504,-3.8800413349908704,0.19165332252283218,1.8075091405643973,3.6607819144844043,-2.254629676471312,-0.04787242690891702,-2.7044801949642627
0.2744870185852051,-3.8441737577114874,0.19085984195427474,1.8110979049606097,3.6763702737219948,-2.2406446170124537,-0.11136923983508851,-2.703552117965637
0.28255414962768555,-3.8089148068406824,0.1896738246803373,1.8154307050406102,3.708625369072659,-2.2305537699715496,-0.0025365340845340256,-2.703530980181599
0.29131197929382324,-3.7730085510537315,0.1886671061020884,1.819129584486109,3.7045727757995257,-2.224299970320577,0.3399848002117878,-2.7063641868500308
0.30011701583862305,-3.737614473257065,0.18739105975774425,1.8230286867609236,3.6786920716980154,-2.221490849030956,0.13965867241530816,-2.7075280091201583
0.30763912200927734,-3.7021272983817033,0.18626598002883832,1.8270892153850402,3.692691468181633,-2.2232494153063387,-0.022976404908217063,-2.7073365390792565
0.3156721591949463,-3.66659097232552,0.18503476249376116,1.8310181021266472,3.711567645018208,-2.244412242022162,-0.12671999903151487,-2.7062805390873272
0.3242530822753906,-3.6308878248718055,0.18388855325417075,1.8346193887787825,3.6753315034896916,-2.23676021864246,-0.05445520211363686,-2.7058267457363803
0.33263397216796875,-3.595295919057569,0.1826865733296222,1.8387272493566569,3.732337448057673,-2.2111715544830384,0.23959265703416222,-2.707823351211665
0.3415091037750244,-3.559632011220238,0.18144332315619632,1.8426414369510524,3.69638941954659,-2.2662645768520284,-0.2831718689487417,-2.705463585637092
0.34929609298706055,-3.523760278646261,0.18035486758792268,1.8463647027637653,3.737622242872589,-2.1932112743630348,0.5068160485681439,-2.7096870527084933
0.3576831817626953,-3.487951834620505,0.17907864475215873,1.8501565677229144,3.719672646062593,-2.1893393196677056,0.4007035920307267,-2.7130262493087494
0.3657510280609131,-3.452353344867431,0.17772394748930623,1.8540595699845854,3.7247989140376365,-2.2500758409445925,-0.44591227699299907,-2.709310313667141
0.3744010925292969,-3.416642109209833,0.17643396400521388,1.8579199669333506,3.769256515506274,-2.1967300622141015,0.13536405087862136,-2.710438347424463
0.38329505920410156,-3.380709817046555,0.1751309030193817,1.8618362272504039,3.7262202745600197,-2.184977444828264,0.6263439748284583,-2.7156578805480334
0.390916109085083,-3.345076415761534,0.1737481763319856,1.8658058357659388,3.764174572058554,-2.1907759773624025,-0.11131550158150816,-2.7147302513681875
0.3990631103515625,-3.3091095800124086,0.17240633623160875,1.8694534313090365,3.76374590292214,-2.196877562950693,0.07483792326480554,-2.7153539007287275
0.4073941707611084,-3.273211819413571,0.17104415733461245,1.8735588237881202,3.768241501770221,-2.181739312615634,0.18575471181486947,-2.716901856660518
0.41573596000671387,-3.237274500166926,0.1695423133153852,1.877119084328494,3.799490744955661,-2.1529175059533516,0.5000340793001534,-2.7210688073213527
0.42447495460510254,-3.201498730802364,0.16791871548914067,1.8808321389100606,3.8338557408520946,-2.137718320360194,0.3659013065443517,-2.724117984875889
0.43256711959838867,-3.165458578238664,0.1665467039922857,1.884853909922369,3.708791698361954,-2.1813254563083584,0.13959410696946506,-2.7252812691006345
0.44097208976745605,-3.129272195607158,0.1650345439763761,1.8883576370984048,3.821310237080316,-2.1622141238306454,0.08569965118349288,-2.725995432860497
0.4490830898284912,-3.09347165140856,0.16317763478927003,1.8921091819113547,3.7630202955362395,-2.1452876327362596,0.1082827798133934,-2.726897789358942
0.457517147064209,-3.0573597315746204,0.1616468273423474,1.895740553065226,3.8754516404758492,-2.0995388728790205,0.5710583337524255,-2.7316566088068788
0.46596813201904297,-3.0212323136352865,0.15988484957745436,1.899442218794699,3.7918426577301476,-2.105344236761251,0.3481369398193124,-2.7345577499720397
0.4743039608001709,-2.9851285132669156,0.15816204197723566,1.903069421850464,-3.898119050661743,1.6855340338691842,-382.4533417910677,0.452553431620191
0.4826180934906006,-2.9489004699897134,0.15643000376854585,1.9065214702041284,-3.952313507902516,0.7769245895807474,0.1728026349210543,0.45111340966251556
0.49065613746643066,-2.9124726958170433,0.15462050184697054,1.9098520746073506,-3.7807139186874115,2.2698501118126386,0.2923472162979679,0.4486771828600325
0.49912309646606445,-2.8768550511260407,0.15233590978579087,1.9139788618982685,-3.800463476230402,2.252105195865031,0.33221706219725977,0.445908707341722
0.5076351165771484,-2.840446825229967,0.15055523147948127,1.9176068156714274,3.6728867522908675,-4.129149518250994,383.0102448952223,-2.745843333451797
0.5158700942993164,-2.8045432971104627,0.14827185294872217,1.9213342365777455,3.9089703038236414,-2.0171531367094047,0.4230039362212423,-2.749368366253641
0.524407148361206,-2.7679505569669,0.14632473322143089,1.924509407252411,3.935572688865744,-2.004965981275361,0.32698902719817013,-2.7520932748136255
0.5324289798736572,-2.7319878469666454,0.14398410764790937,1.9281109823722107,3.941243605849185,-2.011187913500259,0.2351820379729297,-2.7540531251300666
0.5405631065368652,-2.6966317523924808,0.11836865752945079,1.9265389213239865,3.9536309306255517,-1.992960744250094,0.3137404667655552,-2.7566676290197796
0.5493080615997314,-2.6641680266984955,0.12973166776571063,1.9180065984460288,3.947412215798843,-2.0007407806480684,0.16529726130734446,-2.758045106197341
0.5577549934387207,-2.627575465997033,0.12784191296984537,1.921383337544396,-4.16575148603424,-0.08919405295782656,-382.8403578915072,0.432291209565219
0.5659770965576172,-2.5909076819475567,0.12574984984379745,1.9246569745930346,-3.892362158861457,2.2161270800434902,0.6110679258419238,0.4271989768498696
0.5747771263122559,-2.549401117377825,0.13389198913464231,1.9446078278276,-3.89133602449719,2.158960913334515,0.261068312119912,0.4250234075822037
0.5825340747833252,-2.51287467018651,0.1314205457966044,1.9476894067593853,-3.90180865422296,2.120068986296553,0.3052388835303832,0.4224797502194505
0.590839147567749,-2.47619023831747,0.12898465150201,1.9506923726201453,-3.9169256984772516,2.1170764735672307,0.27113612190590386,0.4202202825369013
0.5993671417236328,-2.439448414665018,0.12656243506181222,1.9537973738236571,-3.9265289787816,2.10497301831748,0.25967834479480034,0.41805629633027797
0.6077790260314941,-2.402676194712922,0.1241023203218962,1.9568188864687013,-3.9412293711843764,2.0921731922813933,0.2564755425120402,0.41591900014267763
0.6159679889678955,-2.3659319674903294,0.1216718419571716,1.9599705648191472,-3.9542404894217498,2.066467148096937,0.267090308652993,0.41369324757056936
0.6241810321807861,-2.3347222294824674,0.10744736954215943,1.9447518960192265,-3.9783753283698347,2.051671064490963,0.28123722161408793,0.4113496040571186
0.6326820850372314,-2.297549331990263,0.10571177551533427,1.948120793546704,-3.9883813545351794,2.0442100191588146,0.23614769019329573,0.40938170663884116
0.6410250663757324,-2.2605880755326213,0.103283929982171,1.95114008090167,-3.9981996577911096,2.0146814391102725,0.289019817956897,0.406973208155867
0.6492700576782227,-2.223687908486157,0.10058308871471681,1.9539219886803854,-4.015451738053617,2.015526272585766,0.213429149731168,0.4051946319081073
0.6575560569763184,-2.186689279443705,0.09797422875252669,1.956713102899618,-4.030133384726014,1.9925694982677764,0.2469699677657733,0.4031365488433925
0.6661839485168457,-2.1496645900958455,0.0953288854594646,1.9594596092948369,-4.042627691639706,1.986051590695913,0.1988730342453282,0.40147927355801477
0.6741609573364258,-2.112576892130953,0.0927679469821392,1.96213817547899,-4.058067603140705,1.9535213064398016,0.19447329060008345,0.3998586628030141
0.6825649738311768,-2.075482082332549,0.090086115225417,1.9646595502285322,-4.069389447085123,1.9410507096471614,0.1685250552831863,0.39845428734232086
0.6909019947052002,-2.0382582386562054,0.08740503581310982,1.9670744211484599,-4.080268053378814,1.9410835832857773,0.06914359067646147,0.39787809075335034
0.6992411613464355,-2.000987474369077,0.084783694943323,1.9694723122323232,-4.095367385058026,1.9314168758353258,0.042902832144373626,0.39752056715214723
0.7072710990905762,-1.9637448599057046,0.08201849058699054,1.9717016030837822,-4.087119775810995,1.9512684958433761,-0.08363256106129535,0.39821750516099136
0.7162501811981201,-1.9263713681731496,0.07940940780416697,1.9739469266567444,-4.098166181672256,1.9333419949809751,-0.11927004159699717,0.39921142217429967
0.7241840362548828,-1.8889650880926423,0.0766369345203336,1.9760451953853384,-4.088531841446379,1.9593285679545143,-0.23393287740495206,0.40116086281934094
0.7331869602203369,-1.8514877223046364,0.07392176338248059,1.9781147690438456,-4.108483926668702,1.9275854986919265,-0.1677520202678795,0.40255879632157326
0.7410120964050293,-1.8140007739079587,0.07090504695427892,1.9799452866733527,-4.102454296350566,1.9582799519865508,-0.23277517129645986,0.40449858941571043
0.7490911483764648,-1.776469796609005,0.06791251988752828,1.9816960608762952,-4.095094856290401,1.9772522186467705,-0.3257740932415376,0.4072133735260566
0.7577641010284424,-1.7388561546320733,0.06502722475301213,1.9834335870722348,-4.095553615284826,1.9862040664190612,-0.40084059786602344,0.41055371184160677
0.7660520076751709,-1.7011583059661752,0.06217655862947433,1.9850615743419748,-4.085953701319705,2.013411105001905,-0.4610975960079977,0.4143961918083401
0.7743830680847168,-1.6634585342119548,0.05950885377024078,1.9868424258877346,-4.076927854143578,2.0315292213720335,-0.4317753709412586,0.41799431989951724
0.7832529544830322,-1.6257302617519036,0.05659441847649935,1.9884123848741295,-8.124519301549777,4.176537824739466,-0.9847248619619853,0.4262003604158671
0.7907330989837646,-1.5879883506653443,0.05369760927017041,1.990139504751446,3.863106590458283,-4.412893529555539,382.55798224824764,-2.7617828249861964
0.7991111278533936,-1.5501947200501107,0.050468086442125124,1.9915053432530618,4.129331857039633,-1.9573941543101225,-0.5478330369930795,-2.7572175496779208
0.8077700138092041,-1.5123440360537852,0.047379195963462836,1.9930527875292576,4.080875423340958,-1.9614006176347007,-0.49426162775501936,-2.7530987027799623
0.8159561157226562,-1.4744829875490049,0.04425458945230384,1.9946669330348117,4.100084105817697,-2.0138424083116497,-0.45450748462641855,-2.7493111404080754
0.8242471218109131,-1.4365834795568013,0.040922514955646555,1.9962214748125189,4.111370670894615,-2.0204995903384986,-0.34180892696463516,-2.74646273268337
0.8327391147613525,-1.3986602181100163,0.03758977005771623,1.9978701232680658,4.101641784841705,-2.067536332167414,-0.4249868360975917,-2.7429211757158902
0.862617015838623,-1.3607387210371336,0.03412941233328175,1.9995508259484833,4.104065660003415,-2.091486546780328,-0.5098833285939541,-2.7386721479776073
0.865882158279419,-1.2411702137616083,0.03435984258345981,2.0254701068009777,4.0956766311050385,-2.115666705980568,-0.4972825330477093,-2.7345281268688764
0.8740391731262207,-1.203153462718924,0.030620849569943216,2.0276880431411923,4.075996586318654,-2.125996606183888,-0.1333550515549753,-2.733416834772585
0.882526159286499,-1.165488964341777,0.026727647135530958,2.029933233934489,4.040184796657074,-2.1553862097203913,-0.24832459426701092,-2.731347463153693
0.8911600112915039,-1.1275012494442964,0.022718339859326853,2.032378375988828,4.0841695256110295,-2.1571190840147887,-0.002708369771973196,-2.7313248934055934
0.8990910053253174,-1.089398561959241,0.018696845564449442,2.0347303013296063,4.023785529963014,-2.2216368237953374,-0.4061504885696543,-2.7279403060008462
0.9075131416320801,-1.0512103383461344,0.014573052975223441,2.037339975223093,3.993565323889244,-2.2436175116177823,-0.4713230715382899,-2.724012613738027
0.916593074798584,-1.0129145308446006,0.010473111917056953,2.039963045378531,4.066847294407601,-2.225163733158942,0.012749380872580929,-2.724118858578632
0.9242591857910156,-0.9745926007895187,0.006339695634231834,2.0426401087580115,4.009270658120485,-2.2785955645929583,-0.28093253930387974,-2.721777754084433
0.9325530529022217,-0.9363840773407339,0.0019299786797353244,2.045418691750488,3.9910966663580307,-2.267501085489693,-0.2087633731512284,-2.7200380593081728
0.9409561157226562,-0.8983458746050645,-0.0026493123846472377,2.048461817133688,4.028408594521318,-2.277748582418724,-0.14551558084566096,-2.7188254294677923
0.9493710994720459,-0.8599657216950863,-0.007065516381151433,2.0513711302218467,3.992647447259182,-2.3289663659953974,-0.36248435336645457,-2.715804726523072
0.9575459957122803,-0.8218205903733585,-0.011522108875857234,2.0548450923054165,3.9476577969899096,-2.3281309661469587,-0.4486602743715551,-2.712065890903309
0.9659790992736816,-0.7838180187910196,-0.016259151401655632,2.0584387702000475,4.010180065657129,-2.327213871963427,0.2010947365591953,-2.7137416803746355
0.974694013595581,-0.74531994507217,-0.020884580588412416,2.0616483085289956,3.8269429131568047,-2.293115760648715,-0.5013241365885079,-2.709563979236398
0.9827420711517334,-0.7070711178106719,-0.025737095256674995,2.0653698750485625,3.9649626461273217,-2.4025473919254487,0.0012053865791372687,-2.7095740241245574
0.9908730983734131,-0.6689918954023234,-0.030738157312122226,2.069002504874172,3.9713529754777337,-2.3891493859280915,-0.15927740446414873,-2.7082467124206895
0.9992861747741699,-0.6305897019766445,-0.03569325266294539,2.07253926212361,3.9834688219081675,-2.406799360945527,-0.11151204967450923,-2.7073174453400686
1.007662057876587,-0.5922721106636839,-0.04060692318467139,2.076471797300866,4.02676923865255,-2.4305737118927135,-0.30719377301791084,-2.704757497231586
1.0159621238708496,-0.5542838409051652,-0.045905864891741914,2.0804108421699854,8.032590886193846,-4.788056125563647,0.40231592569192287,-2.7081101299456853
1.025102138519287,-0.5158313424634517,-0.05105302481071875,2.084190408949146,4.046896633088642,-2.453404292613154,-0.3712125709499148,-2.705016691854436
1.0328381061553955,-0.47886904259937446,-0.05585702249981807,2.0881906237907053,3.945609072305689,-2.471566267842053,-0.4002002637027502,-2.701681689656913
1.0411219596862793,-0.44048046324394907,-0.061204626964536234,2.0925377748107583,3.919624145204186,-2.521294692463059,-0.5651783851759618,-2.696971869780447
1.0494341850280762,-0.4020847002608075,-0.06672032760662876,2.0967102772846875,4.010411834317001,-2.4262812794491753,0.4735615689447137,-2.7009182161883194
1.058122158050537,-0.363531597522142,-0.07228844609257616,2.1009380467234826,3.9840547786079683,-2.4004239702103343,0.5201741916611446,-2.705253001118829
1.0873210430145264,-0.32455702653039803,-0.07800465577064976,2.1050939630287115,3.8679099055069015,-2.504149763688295,-0.2578048408660649,-2.703104627444945
1.0875871181488037,-0.24705044684239016,-0.08969471536325846,2.1131876476357805,4.066471715228801,-2.428845701332242,0.2445649104436498,-2.705142668365309
1.0916509628295898,-0.20784451099464507,-0.09551824328835212,2.117455153574337,3.8095107067196254,-2.5556914174977727,-1.2718691739364374,-2.694543758582505
1.099761962890625,-0.1693238068187226,-0.10157998047851985,2.122088275607791,4.043146344455276,-2.3793546398534464,1.5423201559379507,-2.7073964265486548
1.1083340644836426,-0.13079895498420882,-0.10762365929646417,2.1270071716995376,3.7773121809170473,-2.5983124242571702,-1.5435166214275675,-2.6945337880367584
1.1165311336517334,-0.09194726239164534,-0.11337709472799276,2.131039214180763,3.9145625333377065,-2.519063143094965,-0.2983696953510062,-2.6920473739088333
1.125190019607544,-0.05340354168407469,-0.11953538169355211,2.1351371698834334,3.9923853012932224,-2.43262613585405,0.8963419471860945,-2.699516890135384
1.1338231563568115,-0.015360422489534864,-0.12603226280470978,2.1403458475799093,3.905541657549522,-2.5579185937555438,-0.5540891892047739,-2.6948994802253443
1.1425461769104004,0.023906296671460887,-0.13187352004087732,2.1443638650464925,3.8579606810012734,-2.5318484487029815,-0.2935190659633591,-2.692453488008983
1.1498291492462158,0.061739459242621766,-0.13854828746372996,2.149844363985448,3.879892040939899,-2.55012067802976,0.3149122030750817,-2.695077756367942
1.1583430767059326,0.1006471818760681,-0.14497214356951246,2.153658484181882,3.861310742461713,-2.5852262042747856,-1.2212783633220248,-2.684900436673592
1.1674010753631592,0.13839199558127172,-0.15171804917210646,2.1595748745423897,3.851302415814534,-2.6016395558508965,0.03908649634183803,-2.6852261574764404
1.1752760410308838,0.17689453287876664,-0.15834260749603862,2.1643055772895674,3.8362388248137957,-2.590433350326335,0.2111052060205587,-2.6869853675266118
1.1834089756011963,0.215638678132296,-0.1649379058051635,2.168395229834232,3.91671814381658,-2.5509475234825674,0.09938539395395907,-2.6878135791428948
1.1924619674682617,0.254199643385825,-0.17151420191223943,2.1735602253747754,3.870956069084404,-2.564792636410851,-0.47065191369309645,-2.683891479862119
1.199753999710083,0.29232161552168573,-0.17847966564399334,2.1786073412051685,3.7483987430393064,-2.670980027353422,-0.7759099406875336,-2.677425563689723
1.2082901000976562,0.33066080771820566,-0.18571557529220026,2.183812900750603,3.749710716231419,-2.6923466388781736,-0.5451493876034341,-2.672882652126361
1.2171900272369385,0.3690410244640873,-0.19239295853762384,2.1889588554568835,3.840524492983925,-2.6376512817184032,-0.022683191350836296,-2.6726936255317706
1.224809169769287,0.40740497235007167,-0.19979562767852052,2.1942768458490978,3.7627962003270863,-2.7342169419070474,-0.461744823589747,-2.668845752001856
1.2329809665679932,0.44560571885609085,-0.20719785778335284,2.199633539347558,3.8786494626906367,-2.6233397989425913,0.6118191712946697,-2.6739442450959783
1.24127197265625,0.48426056035001297,-0.2143569921874416,2.2044321269899765,3.801846718044801,-2.62835269767797,-0.15837318493977293,-2.6726244685548135
1.2498211860656738,0.5226428096925633,-0.2217438937133223,2.209351084270089,3.67599441820776,-2.7397738175940316,-0.9820197325817936,-2.6644409707832986
1.2578001022338867,0.5605389592000855,-0.22941775456321858,2.2152702511091613,3.7154827601607234,-2.7367697491990395,-0.14983526290480498,-2.663192343592425
1.2662420272827148,0.5985517956683581,-0.2372308828382886,2.2211711118965494,3.718486252352399,-2.7313445206387295,-0.17637878424816122,-2.661722520390357
1.2751619815826416,0.6370348705596273,-0.2448683323353993,2.22631619517999,3.781615563079542,-2.66732325973315,0.08020929245967423,-2.6623909311608545
1.2831261157989502,0.675327178715735,-0.25290220081002507,2.2323245521501596,3.7140474084966937,-2.7220525449570943,0.4697972658365579,-2.666305908376159
1.2911779880523682,0.7140336229081865,-0.26028117296243036,2.2372680827009153,3.687034704512837,-2.7756881629034056,-0.8114468182754031,-2.6595438515571974
1.2995681762695312,0.7521945153756262,-0.26846886663588015,2.2424870577664118,3.6806340108950217,-2.7604543971054545,0.05138859451943034,-2.6599720898448593
1.3076591491699219,0.7898916291572442,-0.2770244279605244,2.2487000211114356,3.7464798262034744,-2.697920664750683,0.38447461156691176,-2.6631760449412503
1.316349983215332,0.8278770723276054,-0.2855066902436855,2.254692196241464,3.6931811220756146,-2.756578102490202,-0.26282966066967006,-2.660985797769003
1.3247361183166504,0.8658726121497469,-0.2941433398711746,2.2605768740360492,3.6310198983210125,-2.7929017854519245,-0.4952524812394543,-2.6568586937586742
1.3329880237579346,0.9040850458293999,-0.3021316445658975,2.265770970415352,3.6755030632072043,-2.776967503986125,-0.36397484753411646,-2.6538255700292233
1.341257095336914,0.9419848915882616,-0.3109445085827924,2.271777810076042,3.680674322498523,-2.7603142098706193,0.19374672810346993,-2.655440126096752
1.3495380878448486,0.979932245019796,-0.3197396479699058,2.278028622148685,3.6224061541596186,-2.8118602922060028,-0.6147773073897866,-2.650316981868504
1.357741117477417,1.0177708422228087,-0.3286983825801861,2.2842078845622695,3.6007247741973116,-2.831766836720093,-0.4056941869652064,-2.6469361969771272
1.3663060665130615,1.0558366476886591,-0.33724082093421776,2.2897931276587715,3.648075467092426,-2.795636408235216,0.050578378121137746,-2.64735768346147
1.3748700618743896,1.093746741712415,-0.3463138649516461,2.295933761558642,3.537271641707038,-2.871814094720453,-0.7669739113912755,-2.640966234199876
1.3831040859222412,1.1313645697513477,-0.35568389969189196,2.3024270897665398,-3.9428612516628574,1.8978194112447675,-380.7179012965974,0.5316829432717692
1.3909730911254883,1.1692671525618408,-0.3647517281777064,2.3085152613611957,-3.4181921578390018,3.0100103693819134,-1.1163682611985992,0.5409860121150909
1.3993251323699951,1.2071331164654273,-0.37391125019411325,2.3145217879255675,-3.34173729316364,3.0528140596369417,-0.7561965637994605,0.5472876501467531
1.4080030918121338,1.2448038558108947,-0.38346411519635215,2.320942059465811,-3.58072001796424,2.925650326272553,1.0878364869628898,0.538222346088729
1.416222095489502,1.2824158166158248,-0.39322966534450304,2.327466714312722,-3.3183288339631,3.0718045812551926,-1.409709594875297,0.5499699260460231
1.4246280193328857,1.3202295703163,-0.40248166187259754,2.333554988494618,-3.4187488581762775,3.0187347714829715,-0.27460999110017426,0.5522583426385246
1.433366060256958,1.3575761075390984,-0.4126985917443245,2.3404015586485776,-3.351251741876725,3.065120447596404,-0.4508778209080866,0.5560156578127586
1.4409310817718506,1.3939155624871504,-0.44438819352324355,2.3373754320184794,-3.378362963652604,3.0494341047079643,0.1681287852133284,0.5546145846026476
1.4493680000305176,1.4312503820133722,-0.4548269820159059,2.344207759512027,-3.2554420977872223,3.116462302271038,-1.655270775022002,0.5684085077278309
1.4581780433654785,1.4682690655273203,-0.46555976141135724,2.3514408222955305,-3.3682145080140997,3.077539197661891,0.486859427229942,0.5643513458342481
1.4666149616241455,1.506387410545099,-0.4748217596953018,2.3570784144442536,-3.2428411482654402,3.1275201314347343,-0.5890893353343518,0.569260423628701
1.4745910167694092,1.5433417699615877,-0.48588288584596984,2.3644490310578736,-3.2598632606664366,3.1227908111468494,-0.4949110591040773,0.5733846824545683
1.4831621646881104,1.58079332266385,-0.4960735589409972,2.370919544618191,-3.230481392357711,3.153720904581098,-0.5779252231842635,0.5782007259811038
1.4912161827087402,1.617995197490958,-0.5069437052761143,2.3778744935472265,-3.279477254883097,3.1195128660319007,0.07142253422757872,0.577605538195874
1.499680995941162,1.6553105136590711,-0.5177025038377633,2.384651456437733,-3.208391592137691,3.145095730082385,-0.3762100955255887,0.5807406223252539
1.507889986038208,1.692153158417311,-0.5288959456590413,2.3919351984431576,-3.2248949030147136,3.1533723857506533,0.07187886739897564,0.5801416317635958
1.5161631107330322,1.7295865047139871,-0.5397302180281134,2.3985916411744266,-3.230094957366612,3.1528539979713455,-0.5033234993816871,0.5843359942584432
1.5247859954833984,1.766396562024308,-0.5513023265962722,2.4059782106734957,-3.1844760385646653,3.1653357208780695,-0.22556925837164954,0.5862157380782069
1.532602071762085,1.8033345553603812,-0.5624885178175646,2.4131028445042744,-3.264183347982489,3.141650091003764,0.20258254628866545,0.584527550192468
1.5410401821136475,1.840242250120445,-0.5738925780712264,2.4203991684566155,-3.200751399091812,3.183972696730524,-0.4252486232432995,0.5880712887194955
1.5492181777954102,1.8773320050703366,-0.5852466741856363,2.4272556977167774,-3.3127084881474556,3.0753401136705665,0.6150412870912447,0.5829459446604018
1.5577020645141602,1.9140647754525406,-0.5968521233410448,2.4344991589087845,-3.1222660967303573,3.1893797363144847,-1.1348472541129961,0.5924030051113435
1.5659821033477783,1.9509460330468869,-0.6086023332584422,2.4417469239361402,-3.19587436747249,3.132244390846644,0.4564217227039613,0.5885994907554771
1.5742871761322021,1.9878911266155264,-0.6201316724391324,2.448812424269693,-3.1764412072886063,3.1455403417802534,-0.524946777553339,0.5929740472350883
1.5827131271362305,2.024590291695714,-0.6321537930458025,2.4561054209715607,-2.816588412904793,3.3326749814582266,-1.7911187627020553,0.6079000369242721
1.5909790992736816,2.061722124829462,-0.6440757022790061,2.462929228175971,-3.207651520483126,2.8796832836617994,1.504630822456705,0.5953614467371329
1.5993189811706543,2.0986337617280064,-0.656006591138482,2.470208092830465,-2.8970174371278126,3.3116778827068583,-0.8941116671464178,0.6028123772966864
1.6077649593353271,2.135788157968274,-0.6681302290220323,2.476406695039054,-2.8925263594508244,2.982712776782813,-0.31216369314064796,0.6054137414061918
1.6158421039581299,2.1722135412926913,-0.6807410720448256,2.4839281714955943,-3.070105366365981,3.264606489917984,-0.2241227222118214,0.6072814307579569
1.6245081424713135,2.2088558868631907,-0.6932210274393362,2.490851574121151,-3.1614526730848653,3.52855015220888,-1.270873887859043,0.6178720464901156
1.633406162261963,2.245455790185994,-0.705609255903966,2.4977969997265244,-2.894762244156942,2.883058954159778,1.1123719396537268,0.6086022803263346
1.6412770748138428,2.2805844145089718,-0.7189107443917606,2.507188194130019,-2.9006776035957214,3.09635381873381,0.48863493959893756,0.6045303224963434
1.6495401859283447,2.3161736756105005,-0.7311966358783248,2.5120660694090122,-3.2286062865994802,3.364189569661259,-0.4874394183205366,0.6085923176490146
1.6577141284942627,2.3517069697267794,-0.7444402201285711,2.5211117273720567,-3.1663423816225356,3.415969103427183,-1.3519221460987119,0.6198583355331705
1.666234016418457,2.3856727773699165,-0.7573125154695297,2.5278320767008413,-2.985571918581063,3.2209698802764195,0.4443931605306961,0.6161550591954147
1.6745171546936035,2.4222068048315775,-0.7704925423135829,2.5355736319279027,-2.8742697970958777,3.3419926559325757,-0.5781303520016223,0.6209728121287615
1.682746171951294,2.460715448586596,-0.783525242355676,2.5442797277702622,-2.9017257481092993,3.29002570716398,-0.49504232665390724,0.6250981648508774
1.6911041736602783,2.4942430134413556,-0.7964852044959764,2.5501997495306123,-3.1440276930708566,3.1944804419758843,0.3953897296131448,0.6218032504374346
1.699308156967163,2.5287970159412643,-0.8100878343115376,2.557690663715069,-2.9771248934310623,3.1894420741835745,0.9940042628219992,0.6135198815805846
1.7080421447753906,2.566899290346453,-0.8233165832389322,2.5653100390570662,-2.9628772104390197,3.3400352796616817,-1.2049773911182804,0.6235613598399036
1.7160630226135254,2.6049133131489395,-0.8363905275799766,2.5731523194376975,-2.7576422857390632,3.237907819259842,-0.631255860014206,0.628821825340022
1.7245500087738037,2.640729547373966,-0.8500619245814641,2.5806797171738904,-2.8199138664707317,3.333781231338189,-0.8533149283463004,0.6359327830762411
1.7326500415802002,2.6764140545302175,-0.8639275906556072,2.5893943737483176,-2.8214353751134,3.2290062072895864,0.24288021761908585,0.6339087812627487
1.7416110038757324,2.712066328382849,-0.8778369342304407,2.5974766880595705,-2.763110228788188,3.304873865187006,-1.015572630776318,0.6423718865192181
1.7492551803588867,2.748869235281632,-0.8916811520592812,2.603853068409454,3.462413224550624,-2.7322648218285384,393.47468478818587,-2.6365838200489975
1.758061170578003,2.784456687362569,-0.9057814176001423,2.6113005336700508,3.2408562940032146,-2.9156934138225346,0.1448585478802933,-2.6377909746146666
1.7661540508270264,2.820753540611692,-0.9200043635035107,2.61947837734031,3.1915283015665628,-2.8197812531856865,-0.30235027494265765,-2.6352713889901445
1.7744619846343994,2.8552091740696843,-0.9343110658276073,2.6277828786023543,3.2042604737244944,-2.9164900315593627,-0.04444580283722743,-2.6349010072998342
1.782668113708496,2.890614993307988,-0.9488496844514429,2.6361767180896165,3.18347964980543,-2.8519238937016844,-0.1255557325956147,-2.633854709528204
1.7907731533050537,2.9254968159080827,-0.9633876614741115,2.643931198751501,3.1577325536529814,-2.882313423209184,-0.26897269159990245,-2.6316132704315383
1.799316167831421,2.9604326190614483,-0.9780342827051515,2.6521875955848815,3.163951909790557,-2.8379741565359473,-0.07162128058991968,-2.6310164264266223
1.807798147201538,2.9967002194699237,-0.951798751825304,2.6581545014631476,3.1437318860604027,-2.8243176061368587,-0.2501095084137894,-2.628932180523174
1.8161749839782715,3.0320816105184196,-0.9668956115768321,2.666395156159217,3.139620037056914,-2.904785621116203,0.13361515557505754,-2.630045640152966
1.8243579864501953,3.066736544665273,-0.9809102220605508,2.6740470031635093,3.1185026972570578,-2.875100655556947,-0.16061914941039035,-2.628707147241213
1.8325040340423584,3.101878176965719,-0.9963638571034925,2.682339172616464,-1.4811794785104861,2.9155362273786434,-393.9779058380047,0.6544420680754929
1.8411121368408203,3.1366155375735874,-1.0108240745387733,2.6902085920649794,-2.6888138278032274,3.2326938511337984,0.14438326180872707,0.6532388742270868
1.8494830131530762,3.171306816681319,-1.0258632708118023,2.698325890832854,-2.593504701628635,3.277114551099639,-0.2092018087176939,0.6549822226330676
1.8581600189208984,3.205867588060812,-1.040586751134158,2.7060747858098853,-2.5872363337228235,3.399887954470265,-1.1751792868334832,0.66477538335668
1.8662171363830566,3.240241775849767,-1.055033484013367,2.713735105606675,-2.5993444814056774,3.2040680921259015,0.5898245992541806,0.6598601783628951
1.8741891384124756,3.2749057942639523,-1.0707324809653178,2.7220351951143043,-2.662502946439366,3.1423229240029205,0.5100327205219424,0.6556099056918789
1.8827409744262695,3.3093061709076483,-1.0858778899285366,2.7301596852773615,-2.407896653615487,3.4864173231267563,-1.6514461398189928,0.6693719568570372
1.8913919925689697,3.3338885465679886,-1.1422640778899933,2.741922450683477,-2.619445271309094,3.232499744700803,-0.5388835246843415,0.6738626528960734
1.8993690013885498,3.3680547701213466,-1.1575930476955607,2.7496973450933186,-2.514338404487342,3.1706340433307223,0.9890834363255063,0.6656202909266942
1.9081270694732666,3.4018301037355676,-1.1732783504062172,2.7581900417252094,-2.627632336765764,3.36167642780609,-0.22292906665804857,0.6674780331488446
1.9164581298828125,3.4362770133689517,-1.1889955812626614,2.7671890383903626,-2.461372854649778,3.0930487651543386,0.15141895856529697,0.6662162084941338
1.9246020317077637,3.4697586714456783,-1.2047166304298216,2.775006111563122,-2.507437729251903,3.281244334124854,-0.04237447099402214,0.6665693290857506
1.9329121112823486,3.503310316820433,-1.2204569120415796,2.7822366862704997,-2.602671168476272,3.1595123814363912,-0.6697103076278355,0.6721502483159826
1.941162109375,3.5370736492530317,-1.2362649882877237,2.7925700544201413,-2.181902064103153,3.3687080484307685,-0.9798548248529881,0.6803157051897575
1.9495739936828613,3.5709402190524466,-1.2520851540084652,2.7999981664184803,-2.4630600389261565,3.1098296369940117,0.9973216203454127,0.672004691686879
1.9577181339263916,3.603737121492382,-1.2678387624760208,2.8078405715819916,-2.6055173062622385,3.342699057235973,-0.13429477519146804,0.6731238148134746
1.96626615524292,3.63827550321323,-1.283672221141635,2.8162879693206615,-2.269640626690748,3.1497166138167687,-0.49362237543988385,0.677237334608807
1.9745841026306152,3.6703305014015086,-1.3003145132564795,2.8238753176432425,-2.4279481390254647,3.395818639230887,-0.7881087546413124,0.6838049075641512
1.9834940433502197,3.7036595487627557,-1.316399718873811,2.8324465980763374,-2.752311393629282,3.477460392288404,0.0658247347602714,0.6832563681078156
1.9912681579589844,3.7370252446856886,-1.3323917298940449,2.839543802788191,-2.5413814525117386,3.2240059277917705,1.1876261621466089,0.6733594834232606
1.9993281364440918,3.768818588663833,-1.3490961965878407,2.8499291883063593,-2.230356508678868,3.0921301205364293,-0.6804119037084266,0.6790295826208308
2.0083961486816406,3.801015030337434,-1.3652470085900619,2.8574315434630675,-1.9985325170954118,2.994332954415528,-0.10944526785527486,0.6799416265196248
2.016179084777832,3.8353578673019264,-1.381655276585916,2.865675054924086,-2.3973231756588094,3.2088024371327686,1.2312772424724239,0.6696809828323546
2.025455951690674,3.866545306762007,-1.3979720251214753,2.8742779107507124,-2.6084760828949367,3.4052817653266505,-0.7560648355550281,0.6759815231286465
2.0335021018981934,3.9001068247010955,-1.4147294042820027,2.8834321045093367,-2.250975438259612,3.2350428348107667,-0.5907125792376844,0.6809041279556272
2.041041135787964,3.9361890889528097,-1.430932013983778,2.891425851026129,-2.2947390185074834,3.1755899517324475,-0.33026886189423177,0.6836563684714124
2.050089120864868,3.969499235290336,-1.4475370899560454,2.89922135223771,-2.3971866537224025,3.155893918187797,1.2847418280345924,0.6729501865711242
2.057993173599243,4.000145903686797,-1.4641535667749814,2.9076004579948918,-1.8670980464723068,2.865896298743056,-0.8059423459019088,0.6796663727869734
2.066112995147705,4.0287855493072815,-1.4808430563825394,2.9165325323991227,-1.9502402785807402,3.1745559825206944,-1.618376072590304,0.6931528400585593
2.0746030807495117,4.061046945554735,-1.497469658978248,2.925096364551264,-2.7591315087896238,3.2549830241797473,2.5828465010146395,0.6716291192167706
2.0829670429229736,4.0957587316841275,-1.5142608643453215,2.93363311024629,-2.735108133043333,3.4649114150503895,-0.6662404575099101,0.6771811230293532
2.0911011695861816,4.1273042527467645,-1.5309505920248458,2.942771954460678,-1.158718599136488,2.533072075634796,-1.1152904167295352,0.6864752098354326
2.099709987640381,4.158844608133412,-1.5479822619668857,2.951209489837614,-3.587242798099778,4.016342623253951,0.43131253554646865,0.6828809387058787
2.1085760593414307,4.19085812542077,-1.5646190696715914,2.959323735337577,-2.2046447939319798,3.0436493822903814,0.2022364509048602,0.6811956349483382
2.116292953491211,4.217970693242218,-1.5813387729873578,2.96811965256647,-2.019350770207618,3.150787943551915,-0.8157182363969406,0.6879932869183127
2.1247100830078125,4.24737590823843,-1.5976824310615547,2.9780850189711265,-2.0604357756535836,2.876433395266183,2.5089864631497427,0.6670850663920649
2.1327171325683594,4.282253620404218,-1.6151348143722901,2.985011076678421,-2.615262658956759,3.5083052288047205,-2.8613779976353504,0.6909298830390261
2.141240119934082,4.318109401800506,-1.6321561532256255,2.993232212870821,-1.9242716072227506,2.9425037430046257,0.6342531450980937,0.6856444401632087
2.149765968322754,4.338957316537637,-1.6491914501525813,3.0034395462517014,-2.04914318245666,3.342310651343824,-2.109092577111511,0.703220211639138
2.1580300331115723,4.38326787591757,-1.6666893833141974,3.010539963272829,-1.9930276953252055,2.862326863262993,0.41516800768383266,0.6997604782417727
2.1662871837615967,4.413511765455758,-1.6839995685126263,3.0186737539293484,-2.2982571943789276,3.1781622501439477,1.1159955739559457,0.6904605151254731
2.174376964569092,4.44318431358674,-1.7017033795679295,3.0282719908086015,-1.6301574926189162,2.9338698972351756,-0.9292703325839557,0.6982044345636728
2.1829769611358643,4.471504165329739,-1.71782248599403,3.0364804849841067,-2.127606181756774,3.09363653611291,0.25376459031850374,0.6960897296443519
2.1919431686401367,4.506930364078639,-1.7354403312433913,3.04512300069907,-2.280031184239409,3.333020763903538,0.403453189243721,0.6927276197339876
2.199738025665283,4.534868018534908,-1.7525774547373125,3.0539491336531874,-1.8299077426144854,3.038169921999784,-1.0053048471322734,0.7011051601267565
2.207880973815918,4.565904755768976,-1.7707545088674574,3.0641512910881787,-0.6874021242275509,2.010291645590324,-7.635058201817477,0.7647306451419021
2.216114044189453,4.593972225117238,-1.788795993406473,3.0717020527938024,-1.857796131879104,3.198897057989759,0.8779924789323612,0.7574140411507991
2.224358081817627,4.6256055153937385,-1.8056415286661656,3.079922642823251,-1.7087960327182488,3.180615784239671,-0.4922675245514041,0.7615162705220608
2.233042001724243,4.651728144996226,-1.8237370423238037,3.089917656965113,-1.8434005026719475,3.1789069226568705,-0.3396466366098405,0.7643466591604762
2.241387128829956,4.681864294913973,-1.8415713722653673,3.0983314131589528,-1.5826557657904554,3.110526372151636,0.012867236436142626,0.764239432190175
2.2496001720428467,4.714223420523268,-1.8580262531735727,3.1075703038859555,-2.0134768397615126,3.193647069938426,0.45210172654640335,0.7604719178022883
2.257863998413086,4.742207559240942,-1.876297261595005,3.117079896034356,-1.8113572021384248,3.1167691063768865,0.6182574353484238,0.7553197725077181
2.2659189701080322,4.757939381325887,-1.8916210446901522,3.125201946459249,-1.5543228626431853,3.0693923576758206,-1.0248240463658975,0.7638599728941006
2.274665117263794,4.787503449312349,-1.9092619919974163,3.133935095257246,-1.93991181391177,3.145942384312376,0.4654573701125386,0.7599811614764961
2.283022165298462,4.816099266253448,-1.9271357175824662,3.143293402241377,-1.768721961484657,3.1045680064519328,0.20559551650254804,0.7582678655056415
2.291661024093628,4.845521285666488,-1.945195563280233,3.151784162647924,-1.6565957951365047,3.1200451284510855,-0.3180782845935859,0.7609185178772547
2.3002309799194336,4.872979457236786,-1.964359210299826,3.1613703089983733,-4.466884878121416,4.669667471606801,10.15662020789058,0.6762800161448332
2.3074400424957275,4.903479872951553,-1.9814171363595505,3.1690871080669067,-1.8426829022806834,2.9309238413669063,-1.1428989952639323,0.6858041744386993
2.315958023071289,4.932274666136353,-1.9997902161083299,3.177649164732664,-8.38661837961716,8.058842096979957,-0.25113789170183587,0.6878969902028813
