Time,xPos,yPos,zPos,u,w,q,theta,Elevator Angle
0,-7.714551165,-0.051180516,1.519772912,0,0,0,0,0
0.008401871,-7.714443265,-0.051139295,1.51971679,-0.061521741,-0.109693075,0.037905648,0.03443885,3.591963164
0.016439915,-7.714315344,-0.051242159,1.51978874,-0.069274257,-0.125689482,0.123920654,0.035471522,4.323032837
0.025135994,-7.714218804,-0.051367477,1.519865448,-0.066673901,-0.136003838,0.111860228,0.036403691,4.307095327
0.03333807,-7.714173966,-0.051275784,1.519780114,-0.061993177,-0.132818213,0.034116688,0.036687996,3.768331565
0.041697025,-7.714149115,-0.051216105,1.51972602,-0.035925912,-0.044881692,-0.02380013,0.036489662,3.15314419
0.050039053,-7.714142111,-0.051224985,1.519726631,-0.039661366,-0.078749238,-0.200583007,0.034818137,1.841349804
0.058444977,-7.714197277,-0.050921363,1.51949502,-0.021240613,-0.028952656,-0.355411918,0.031856371,0.395360512
0.066847086,-7.714239222,-0.050724763,1.519356341,-0.011111968,-0.003839636,-0.441049232,0.028180961,-0.574415649
0.076006889,-7.714243377,-0.05081645,1.519441409,-0.001219665,0.020392494,-0.47636202,0.024211277,-1.222806959
0.083324909,-7.714269293,-0.050786346,1.519442808,0.003599754,0.016937145,-0.605468398,0.019165707,-2.559410758
0.091868877,-7.714313434,-0.050719497,1.519386883,0.003493459,0.000969809,-0.66589536,0.013616579,-3.432106021
0.099951029,-7.714369825,-0.050727718,1.519393896,0.002077041,-0.000921593,-0.784825661,0.007076365,-4.786311173
0.108444929,-7.71441699,-0.050821653,1.519459291,0.016395615,0.083870322,-0.842342745,5.68E-05,-5.89744874
0.116711855,-7.714519428,-0.050648413,1.519326561,0.001481798,0.018635436,-0.830167122,-0.006861217,-6.274040744
0.125355005,-7.714673172,-0.050321788,1.519070571,0.000301727,0.02839638,-0.851117308,-0.013953861,-7.010997443
0.133255005,-7.714814743,-0.050066151,1.518889705,0.009357378,0.075987044,-0.831403518,-0.020882224,-7.536810347
0.141717911,-7.714933861,-0.04993513,1.518796755,0.001489009,0.055336728,-0.84455714,-0.0279202,-8.160510716
0.150062084,-7.715009551,-0.050076884,1.518921082,-0.005411825,0.053901618,-0.856187445,-0.035055095,-8.796399179
0.158587933,-7.715111083,-0.050070126,1.518921675,-0.007136528,0.128661699,-0.896531915,-0.042526195,-9.722756784
0.166542053,-7.715157168,-0.050332225,1.519125562,-0.031930914,0.044185516,-0.79323697,-0.049136503,-9.379557329
0.174825907,-7.715241549,-0.050534067,1.51929734,-0.019293059,0.210922277,-0.69811596,-0.054954136,-9.370456641
0.183147907,-7.715410956,-0.050330787,1.519124388,-0.046188474,0.123959139,-0.637643511,-0.060267832,-9.19680729
0.191972017,-7.715599017,-0.050199835,1.519005967,-0.06240726,0.135212101,-0.537087705,-0.064743563,-8.788368301
0.20025897,-7.715698949,-0.050599105,1.519325838,-0.066948866,0.221410138,-0.480612609,-0.068748668,-8.747986673
0.208344936,-7.715846619,-0.050746588,1.519458462,-0.078003511,0.218879905,-0.30469897,-0.071287826,-7.687550045
0.216523886,-7.716007514,-0.050682154,1.519420517,-0.090916279,0.231634419,-0.212648201,-0.073059894,-7.131248707
0.225280046,-7.716178635,-0.050551429,1.519316883,-0.110136705,0.170964419,-0.056105998,-0.073527444,-5.95233133
0.233349085,-7.716316826,-0.050576396,1.519343915,-0.160254614,-0.061394209,0.031520177,-0.073264776,-4.914292713
0.241910934,-7.716398283,-0.050751217,1.519453198,-0.117002388,0.33340663,0.063568088,-0.072735042,-5.094493255
0.433281898,-7.725550355,-0.010611066,1.485708669,-0.137144118,0.264662651,0.121398691,-0.071723386,-4.457094443
0.791575909,-7.725749375,-0.007511111,1.478672169,-0.124531079,0.432261387,0.191197618,-0.070130073,-3.997853304
1.291809082,-7.708140534,-0.072838307,1.4673623,-0.177380231,0.191600993,0.173695613,-0.068682609,-3.558517215
1.299911976,-7.708616198,-0.072708489,1.466237277,-0.178809682,0.312326733,0.118942455,-0.067691422,-3.893263883
1.308678865,-7.708901737,-0.073089462,1.46585259,-0.261882777,-0.121425398,0.192998104,-0.066083105,-2.539813721
1.317312002,-7.709209203,-0.072955656,1.465185239,-0.164069473,0.593734663,0.230895103,-0.064158979,-3.045417133
1.325197935,-7.709378434,-0.073164832,1.464938451,-0.227956928,0.291118369,0.231874846,-0.062226688,-2.342428327
1.333539963,-7.709470095,-0.073370693,1.464903858,-0.24827882,0.205274571,0.26915174,-0.059983757,-1.733455176
1.341764927,-7.70948437,-0.07361054,1.465073499,-0.257434607,0.250857743,0.315322026,-0.057356074,-1.158742896
1.350130081,-7.709457083,-0.073693127,1.465215191,-0.268811902,0.244193166,0.368197514,-0.054287761,-0.464356153
1.358408928,-7.709428083,-0.073618777,1.465223669,-0.284060318,0.187192224,0.421631802,-0.050774163,0.317594176
1.366627932,-7.709410721,-0.07351329,1.465216111,-0.27831619,0.248661069,0.452427905,-0.04700393,0.782615301
1.375932932,-7.70927413,-0.074217672,1.465915038,-0.294352923,0.193940567,0.477149886,-0.043027681,1.411037299
1.383432865,-7.709260717,-0.074186477,1.466070245,-0.295793617,0.21439932,0.521448543,-0.038682276,2.079886587
1.391548872,-7.709254901,-0.074171985,1.466306824,-0.298233433,0.233281176,0.531670029,-0.034251693,2.529749572
1.40030098,-7.709163717,-0.074526833,1.466938283,-0.324868491,0.140046793,0.500955533,-0.030077063,2.879062498
1.408267021,-7.70913844,-0.074477504,1.467398896,-0.330504771,0.155208981,0.565984217,-0.025360528,3.749658077
1.416560888,-7.709167768,-0.074177983,1.467849381,-0.323728732,0.204292225,0.527359316,-0.020965867,3.791205777
1.424870014,-7.709181604,-0.074394792,1.468923121,-0.323456738,0.216950971,0.485773026,-0.016917759,3.840112181
1.433289051,-7.709429288,-0.07342805,1.469303958,-0.331062093,0.190299435,0.449913273,-0.013168482,3.969724042
1.441488028,-7.709493277,-0.07384045,1.471067821,-0.343844104,0.132687284,0.418632728,-0.009679875,4.154777201
1.450006962,-7.709815264,-0.073152321,1.472122122,-0.337743258,0.149005286,0.408353645,-0.006276928,4.325309831
1.458904982,-7.710261335,-0.072275055,1.473280176,-0.338230812,0.146608343,0.364886741,-0.003236206,4.287919033
1.46675086,-7.710691177,-0.072144656,1.475159227,-0.349118051,0.073200265,0.304442538,-0.000699184,4.188347649
1.474819899,-7.711209636,-0.071790952,1.477024893,-0.334890606,0.146237803,0.355413112,0.002262592,4.664950676
1.483403921,-7.71182435,-0.071418171,1.479005334,-0.331316644,0.120894307,0.278248134,0.004581326,4.320716745
1.492104053,-7.712635015,-0.070297836,1.480493612,-0.329443568,0.094341529,0.148740472,0.00582083,3.538816027
1.500056982,-7.714004338,-0.066739605,1.48008112,-0.317087554,0.100233674,0.083609517,0.006517576,3.071576653
1.508818865,-7.714774872,-0.067021437,1.482923018,-0.302519771,0.10203295,-0.071515094,0.005921617,1.867773924
1.517549038,-7.715756749,-0.066589629,1.48520477,-0.302365675,0.0498006,-0.209269719,0.004177702,0.800412642
1.525299072,-7.716539543,-0.067665718,1.488870812,-0.28944456,0.062874945,-0.303834331,0.00164575,-0.146545874
1.533699989,-7.717904649,-0.066288462,1.490565167,-0.294707062,0.016239699,-0.381436977,-0.001532892,-0.89148602
1.541804075,-7.71921527,-0.066057863,1.493262718,-0.276741051,0.056499653,-0.426826098,-0.005089776,-1.631847456
1.550082922,-7.721459682,-0.06132228,1.49239716,-0.28626973,0.016910913,-0.438468031,-0.008743676,-1.941762702
1.558568954,-7.722506888,-0.063715686,1.49742243,-0.305387085,-0.038678315,-0.431529211,-0.012339753,-2.052408838
1.566910982,-7.724251988,-0.063012395,1.499961853,-0.301484501,-0.016671075,-0.394710926,-0.015629011,-2.111438359
1.575836897,-7.726214709,-0.061388015,1.501793429,-0.304049557,0.001670546,-0.287081819,-0.018021359,-1.56828816
1.583159924,-7.728236634,-0.060131636,1.504003451,-0.303376399,0.028867555,-0.112390282,-0.018957945,-0.468089458
1.591613054,-7.730363015,-0.058755665,1.506156946,-0.329610429,-0.046097184,-0.003295429,-0.018985407,0.473613847
1.600101948,-7.732647963,-0.056742464,1.50783501,-0.27097379,0.171567438,0.19193161,-0.017385977,1.480098871
1.608530998,-7.734867338,-0.055368917,1.510013873,-0.316396204,0.006521547,0.325108124,-0.014676742,2.976767029
1.616896868,-7.737248491,-0.05345231,1.511734061,-0.314332651,-0.01660686,0.444066937,-0.010976185,4.09904921
1.625211954,-7.739642499,-0.05177201,1.513614711,-0.310155698,-0.01806983,0.552874019,-0.006368901,5.205448548
1.633611917,-7.742059747,-0.05030991,1.515642689,-0.289621542,0.033414793,0.620435803,-0.001198603,5.951098327
1.641887903,-7.744730663,-0.047960666,1.516890631,-0.295214533,-0.019517612,0.680517881,0.00447238,6.897544476
1.650268078,-7.747451186,-0.045685013,1.518253464,-0.270630697,0.01717643,0.678535594,0.010126843,7.189138725
1.658315897,-7.750112642,-0.04392542,1.520012081,-0.250097994,0.034686254,0.617792107,0.015275111,7.069986876
1.666941881,-7.752777145,-0.042269944,1.521865347,-0.242997622,-0.020539016,0.516037423,0.019575422,6.715097967
1.675572872,-7.755514874,-0.040341104,1.523487367,-0.226696662,-0.047423217,0.404083225,0.022942783,6.141707498
1.683623075,-7.758369404,-0.037816946,1.524620778,-0.200783862,-0.032551195,0.260711472,0.025115378,5.17420144
1.691993952,-7.761176082,-0.035521115,1.525880131,-0.167640202,-0.002365236,0.13254114,0.026219888,4.168658095
1.70006299,-7.763990703,-0.033191953,1.527110982,-0.161406913,-0.034087792,-0.013237179,0.026109578,3.136689142
1.708849907,-7.766899593,-0.030208753,1.527723018,-0.158000007,-0.076629772,-0.182298332,0.024590425,1.84938541
1.716598988,-7.769693099,-0.027991756,1.528935349,-0.124182156,-0.005149435,-0.330373037,0.021837316,0.360853332
1.724955082,-7.772458657,-0.025580054,1.529930142,-0.143020269,-0.107385649,-0.426169126,0.018285907,-0.430300129
1.733311892,-7.77520855,-0.022994031,1.530700328,-0.102569101,0.013550454,-0.509792244,0.014037638,-1.666987155
1.741729975,-7.777856334,-0.020489061,1.531518369,-0.122152184,-0.082017061,-0.560717033,0.009364996,-2.243733695
1.749957085,-7.780382323,-0.018155395,1.532353701,-0.107180172,-0.07264678,-0.61402501,0.004248121,-3.137247412
1.758409977,-7.782903749,-0.015409447,1.532758175,-0.112593052,-0.120897477,-0.614797932,-0.000875195,-3.518570838
1.766726017,-7.785316646,-0.012944466,1.533278163,-0.05744312,0.057230538,-0.566857307,-0.005599006,-4.01260447
1.774888039,-7.787772327,-0.010161374,1.533417258,-0.102547039,-0.143107785,-0.598404123,-0.010585707,-4.277034663
1.783931017,-7.790076077,-0.007972858,1.533899821,-0.070894203,-0.014834671,-0.602094616,-0.015603162,-4.979460092
1.791452885,-7.792460334,-0.005492199,1.534061598,8.722008158,3.867672588,100.133626,0.818843722,19
1.799963951,-7.79500901,-0.002479404,1.533770706,0.042396178,0.096097068,0.050664921,0.819265929,19
1.808507919,-7.797523245,0.000188988,1.533671061,0.080716076,0.108774835,0.069074471,0.81984155,19
1.816736937,-7.800056329,0.00264601,1.533730639,0.048409912,0.088017825,0.071125281,0.820434261,19
1.824997902,-7.802579451,0.004693692,1.534019084,0.035719107,0.065725628,-0.037339236,0.8201231,19
1.833170891,-7.805333003,0.007504676,1.533687156,0.058070727,0.057875539,-0.103399874,0.819261435,19
1.841749907,-7.80756592,0.007875298,1.535155926,-1.313301611,-15.71155896,-94.56433618,0.0312253,-19
1.850138903,-7.810201474,0.009960319,1.535248962,-0.005698543,0.006963454,-0.147266824,0.029998076,1.549523896
1.858309984,-7.812822274,0.012095105,1.535139331,-0.028965693,-0.039788125,-0.06834132,0.029428565,2.208274465
1.866824865,-7.815407811,0.014197717,1.535005213,-0.025124952,-0.008245903,-0.009721092,0.029347556,2.564588377
1.874867916,-7.817820988,0.015625467,1.535286562,0.177072221,0.699799604,0.26238713,0.031534116,3.029744595
1.883260012,-7.820280358,0.01750045,1.535112914,0.186972888,0.725317205,0.141567292,0.032713843,2.229072285
1.892374039,-7.822536947,0.018832769,1.535233206,0.243006135,0.922632836,0.177493035,0.034192952,2.160873309
1.900048971,-7.824625269,0.019904408,1.53549039,0.445617651,1.56418144,0.251590389,0.036289538,1.290192735
1.908416986,-7.826646511,0.021422161,1.535279627,-0.035008694,0.031905067,0.159377498,0.037617684,4.461993633
1.91662097,-7.828526087,0.023078427,1.534841199,-0.042971908,0.012421242,0.17727042,0.039094938,4.767285449
1.925086021,-7.830191946,0.024457832,1.534528006,-0.039318599,0.032114104,0.152775009,0.040368063,4.675277609
1.933496952,-7.831587951,0.025460783,1.534471678,-0.04185084,0.024115449,0.218145971,0.042185946,5.294866481
1.941781998,-7.832925134,0.026797817,1.534152595,-0.056274598,-0.003526374,0.232571592,0.044124042,5.659411699
1.950109959,-7.834225701,0.028542215,1.533481832,-0.047584063,0.019196833,0.255878875,0.046256366,5.933715445
1.958335876,-7.835259369,0.029470047,1.533416334,-0.041674464,0.029118116,0.169244354,0.047666736,5.418215643
1.96665287,-7.836434642,0.031430254,1.53249981,-0.054089266,-0.011827204,0.155343988,0.048961269,5.527981608
1.974936962,-7.837290886,0.03217807,1.532600721,-0.027016728,0.048680214,0.151608976,0.050224677,5.412075671
1.983366966,-7.838302375,0.033956379,1.531907743,-0.029827626,0.040618884,0.095541646,0.051020858,5.116700683
1.992001057,-7.839192963,0.035602871,1.531298564,-0.016947762,0.047995216,0.012641002,0.051126199,4.474191472
2.000614882,-7.84013212,0.037794489,1.530291907,-0.02079265,0.035632206,-0.010550205,0.051038281,4.337711804
2.008281946,-7.840608135,0.038225278,1.530771501,-0.040832855,-0.045489598,-0.048765967,0.050631898,4.203477195
2.016474009,-7.84147527,0.040747008,1.529588049,-0.011129788,0.03061041,-0.042925167,0.050274188,3.993333594
2.024970055,-7.842067912,0.0418534,1.529473659,0.00817773,0.036410607,0.029688273,0.05052159,4.386917366
2.033365011,-7.815960172,-0.066529319,1.60457409,0.006824571,0.000943013,0.017776096,0.050669725,4.341846585
2.04169488,-7.816304059,-0.066874118,1.605378986,0.014694494,0.025888545,-0.024182439,0.050468204,3.977473768
2.050148964,-7.816507751,-0.067527627,1.606489216,0.010090308,0.026519162,-0.110625066,0.049546329,3.337229572
2.058726072,-7.816769159,-0.067635797,1.607284455,0.014587074,0.04442018,-0.126779385,0.048489834,3.101733225
2.067003965,-7.816966621,-0.067319381,1.607875725,0.012125676,0.043429125,-0.125612101,0.047443066,3.037555327
2.075000048,-7.816988603,-0.066870971,1.608558592,-0.009096748,-0.004169897,-0.097915112,0.046627107,3.312613884
3.133334875,-7.823839795,0.113344685,1.477351079,-0.012479099,0.008140101,-0.085878342,0.045911454,3.350658776
3.141605854,-7.823889002,0.113420983,1.477407657,-0.003277737,0.061735058,-0.042133935,0.045560338,3.539150542
3.150085926,-7.824120522,0.114061576,1.477069131,-0.014520617,0.048204048,0.022741635,0.045749852,4.075540262
3.158330917,-7.82432779,0.114435542,1.476994301,-0.016520777,0.046469953,0.149330588,0.046994273,5.05959958
3.166703939,-7.823036788,0.107560697,1.482869589,-0.021584339,0.044282661,0.263883383,0.049193301,6.061112564
3.174898863,-7.821677211,0.100223653,1.488961627,-0.030784835,0.042946113,0.341620783,0.052040141,6.890932317
3.183383942,-7.819916189,0.090763111,1.496714969,-0.037607094,0.016719158,0.406280898,0.055425815,7.672505629
3.191788912,-7.816678078,0.07443422,1.509875963,-0.017273248,0.084749299,0.396364823,0.058728856,7.725056177
3.199892044,-7.81697961,0.07477497,1.510130679,-0.024634453,0.071089841,0.379058656,0.061887678,7.924718331
3.209054947,-7.817341481,0.075218856,1.510220114,-0.039416982,0.022414377,0.389093411,0.065130123,8.380395091
3.216712952,-7.81767967,0.07546434,1.51047429,-0.020532492,0.068906696,0.319692619,0.067794228,7.990737475
3.225240946,-7.818036592,0.075789718,1.510660365,-0.021705471,0.070576679,0.279678048,0.070124878,7.919756869
3.233516932,-7.818503794,0.076474039,1.510610322,-0.039639737,0.029302578,0.264770314,0.072331298,8.134228125
3.241926908,-7.818907301,0.076885087,1.510751789,-0.03473771,0.044905322,0.200789485,0.074004543,7.799689191
3.250051975,-7.819265755,0.077071638,1.510977616,-0.022749566,0.081480646,0.172460847,0.075441717,7.63547509
3.258547068,-7.819711136,0.077711299,1.510857114,-0.029609736,0.056436164,0.170759723,0.076864715,7.797638474
3.266661882,-7.819956357,0.077690608,1.511250968,-0.051298678,-0.000803894,0.162321611,0.078217395,8.015104936
3.275402069,-7.82022186,0.077794022,1.511576342,-0.032239112,0.05015282,0.150837243,0.079474372,7.900212657
3.283489943,-7.820383346,0.077603503,1.511968562,-0.028850721,0.063275356,0.166186682,0.080859261,8.094720053
3.292041063,-7.820571541,0.077587005,1.512256271,-0.008080045,0.110685158,0.1806563,0.08236473,8.169071052
3.300225019,-7.820892193,0.078452214,1.511860455,-0.059292885,-0.022637756,0.144951903,0.083572663,8.406693189
3.30843401,-7.820997643,0.078383369,1.512110559,-0.031482271,0.039352004,0.104376266,0.084442465,8.000347671
3.316645861,-7.820944905,0.078124455,1.512417035,-0.034866901,0.029660438,0.090517305,0.085196776,7.99452122
3.325126886,-7.820888505,0.078122202,1.512427764,-0.024466183,0.068843834,0.142135116,0.086381235,8.364816451
3.333463907,-7.82077709,0.077840527,1.512649404,-0.031032065,0.051471302,0.137182455,0.087524422,8.47599902
3.341777086,-7.820704052,0.077701457,1.512874291,-0.055026762,-0.015991648,0.166973986,0.088915872,8.977218392
3.350121021,-7.820600578,0.077421254,1.513249916,-0.021763352,0.083566551,0.210772229,0.090672307,9.172026697
3.358336926,-7.820516809,0.077120042,1.51361621,-0.043116287,0.02726584,0.213890016,0.092454724,9.502185526
3.366810083,-7.820590913,0.077377305,1.513577965,-0.028638394,0.074940464,0.231627695,0.094384955,9.674108165
3.375012875,-7.820697909,0.077498945,1.513640955,-0.051258379,0.017931772,0.265625476,0.096598501,10.26007718
3.383344889,-7.820748626,0.077057833,1.514153636,-0.054920882,0.023171139,0.275659373,0.098895662,10.54277354
3.391798973,-7.820887876,0.07669958,1.514549382,-0.043419579,0.062284084,0.281088187,0.101238064,10.68762585
3.400188923,-7.821043589,0.076309454,1.514929737,-0.032898114,0.097974824,0.263033443,0.103430009,10.66681878
3.408761978,-7.821241387,0.075982018,1.515289468,-0.071091538,0.019103823,0.314586345,0.106051562,11.5147096
3.416785002,-7.821516196,0.075775884,1.515633523,-0.051131145,0.070122402,0.327449392,0.108780307,11.68452801
3.425139904,-7.821836825,0.075869724,1.515755274,-0.064945971,0.047279055,0.324964732,0.111488346,11.99225422
3.433350086,-7.822021974,0.075217416,1.516451852,-0.07353125,0.020738664,0.387856162,0.114720481,12.76003602
3.441787004,-7.822263508,0.07472159,1.517030437,-0.060205989,0.054099413,0.391300282,0.117981316,12.9596222
3.450182915,-7.822603443,0.074791142,1.517195449,-0.043483358,0.083302389,0.363455609,0.121010113,12.90607066
3.458426952,-7.822813053,0.074292899,1.517756761,-0.058336781,0.043524865,0.358876924,0.124000754,13.23715865
3.466820002,-7.823034697,0.073735768,1.518330781,-0.081468658,-0.022442397,0.342486727,0.12685481,13.53943448
3.475054979,-7.823381811,0.07369262,1.518550458,-0.040078898,0.078390729,0.261536319,0.12903428,12.86474015
3.483665943,-7.823698168,0.073452463,1.518902242,-0.058637646,0.03182344,0.25694061,0.131175451,13.1505005
3.492189884,-7.823938385,0.072772964,1.519565027,-0.0567883,0.022398157,0.203656906,0.132872592,12.92125556
3.499991894,-7.824220518,0.072359795,1.520014992,-0.062082347,-0.011689601,0.184348316,0.134408828,12.96657788
3.508419037,-7.824646177,0.072597274,1.51997491,-0.026493651,0.042419458,0.111696408,0.135339632,12.30042692
3.516752958,-7.824947169,0.072245268,1.520370202,-0.028518452,0.0265323,0.011610828,0.135436389,11.64352763
3.524955034,-7.825229396,0.071751158,1.520876355,-0.025097472,0.024124367,-0.107687802,0.13453899,10.73140752
3.533459902,-7.825372387,0.070734218,1.521790065,-0.04374488,-0.018445235,-0.17551802,0.13307634,10.28014816
3.541800976,-7.825849022,0.071220801,1.521560829,-0.018922853,0.043736128,-0.233578767,0.13112985,9.535927264
3.550366879,-7.826138098,0.070989452,1.521865467,-0.032498622,-0.016191562,-0.265458374,0.128917697,9.243196069
3.558549881,-7.826448635,0.070905447,1.522087016,-0.021423272,0.002373373,-0.297688697,0.126436958,8.736203993
3.56683898,-7.826701255,0.070437935,1.522640986,-0.016637259,0.011472592,-0.442351471,0.122750696,7.402298761
3.575308084,-7.826996359,0.070140566,1.523045666,0.012838289,0.070487207,-0.440577433,0.119079217,6.894369402
3.583781004,-7.82744127,0.070628548,1.52287221,-0.033630339,-0.049852768,-0.508090932,0.114845126,6.420965385
3.591837883,-7.827684943,0.070077837,1.523549315,-0.014423624,-0.000761267,-0.473319634,0.110900796,6.184738141
3.600141048,-7.828063688,0.070108383,1.523742388,-0.008657304,0.018031422,-0.479796297,0.106902493,5.759535448
3.608375072,-7.828360135,0.069623786,1.524341621,-0.016831775,-0.010827647,-0.481764436,0.10288779,5.47224847
3.617389917,-7.82879971,0.069782203,1.524449157,-0.019610964,-0.007857762,-0.472125979,0.098953407,5.223320108
3.625025988,-7.829274212,0.069907047,1.524596118,0.008508517,0.069370403,-0.501849613,0.094771326,4.457547243
3.633406878,-7.829686646,0.069622676,1.525075926,-0.020452305,-0.017378531,-0.482651314,0.090749232,4.470416986
3.642452002,-7.830043627,0.068930983,1.525859715,-0.015687818,0.010002793,-0.415258089,0.087288748,4.598383979
3.650034904,-7.83064958,0.069205071,1.525955309,0.004401495,0.076183847,-0.403231104,0.083928489,4.242712567
3.658390045,-7.831136595,0.068910882,1.526489949,-0.044046101,-0.047236825,-0.362478376,0.080907836,4.625865925
3.666647911,-7.831718286,0.068842213,1.526821281,-0.050123391,-0.05124383,-0.301651394,0.078394074,4.87044849
3.675091982,-7.832346801,0.069067985,1.526922825,-0.002835765,0.089391402,-0.318600413,0.075739071,4.17236473
3.683600903,-7.832898096,0.068912329,1.527311463,-0.020642644,0.04015788,-0.263633372,0.073542126,4.497002721
3.691715002,-7.833341606,0.068382213,1.527956831,-0.043970105,-0.009747447,-0.222716251,0.071686157,4.789237787
3.700212002,-7.833868874,0.068283472,1.528256626,-0.030363427,0.027537139,-0.227472655,0.069790552,4.495357598
3.708745003,-7.834518664,0.068927269,1.527985217,-0.025655699,0.03799195,-0.184337045,0.06825441,4.627026086
3.716650009,-7.834933937,0.068410608,1.528590066,-0.046786162,-0.003811755,-0.126773227,0.067197966,5.083069541
3.725044012,-7.835453073,0.06846508,1.528789068,-0.041444957,0.01959379,-0.12685196,0.066140866,4.94978788
3.733407974,-7.835946866,0.068597121,1.528911379,-0.042938486,0.018410313,-0.125439946,0.065095534,4.881399791
3.741918087,-7.836446499,0.069095201,1.528745516,-0.05830077,-0.015688732,-0.024801652,0.064888853,5.66398066
3.750166893,-7.836712956,0.06890168,1.52906599,-0.040304505,0.054266298,-0.055333648,0.064427739,5.272629852
3.758534908,-7.836978287,0.068843865,1.529252979,-0.060396351,0.000579602,0.03431773,0.06471372,6.059786204
3.766692877,-7.837212509,0.068779562,1.529424145,-0.064519428,-0.011756437,0.073281037,0.065324396,6.409034016
3.7751019,-7.837553431,0.069202974,1.529223425,-0.05574999,0.040437734,0.090097389,0.066075207,6.509356309
3.783460855,-7.837757424,0.068938177,1.529564145,-0.078620367,-0.029874352,0.112974178,0.067016659,6.919573671
3.791876078,-7.838008652,0.069237925,1.529395518,-0.05350582,0.038730191,0.140459461,0.068187154,7.018223291
3.80014205,-7.838188248,0.069296077,1.529392626,-0.057908,0.045377253,0.181862009,0.069702671,7.453785451
3.808979988,-7.838337555,0.069197631,1.529470536,-0.075316704,-0.006198317,0.209472729,0.071448277,7.921534847
3.817427874,-7.838301108,0.06844223,1.530066479,-0.06905668,0.02939157,0.229898252,0.073364096,8.167594157
3.82526803,-7.838531908,0.069079526,1.529621661,-0.058260286,0.064796596,0.226384097,0.07525063,8.218957059
3.83368206,-7.838650664,0.069165438,1.529602054,-0.097232497,-0.036087551,0.257776904,0.077398771,8.903580267
3.841777086,-7.838738429,0.069065557,1.52974376,-0.070133651,0.034697652,0.250635907,0.079487403,8.829170803
3.850157022,-7.838868685,0.069268872,1.529639601,-0.080514537,0.009323146,0.227893796,0.081386518,8.909745836
3.8583529,-7.839024841,0.069445663,1.529558295,-0.084154698,-0.009176649,0.254109678,0.083504099,9.298230902
3.8668859,-7.839008959,0.068750599,1.530140497,-0.056588497,0.059565058,0.208498808,0.085241589,8.929047503
3.875143051,-7.839165569,0.06901342,1.529980826,-0.06830466,0.023130791,0.193072215,0.086850524,9.048468069
3.883579969,-7.83930307,0.069029986,1.530052468,-0.07176096,0.014229379,0.186274807,0.088402814,9.158202958
3.891860962,-7.839319741,0.068351484,1.530688174,-0.056297271,0.049217761,0.120753427,0.089409093,8.68211761
3.900173903,-7.839653777,0.069056643,1.530266156,-0.079687984,-0.019572289,0.103427689,0.09027099,8.813221479
3.908276081,-7.840036747,0.069807457,1.529807725,-0.06175203,0.029190618,0.038687265,0.090593384,8.263382247
3.916936874,-7.840116677,0.068990229,1.530548729,-0.069199545,-0.005139826,0.007118006,0.090652701,8.114206478
3.925134897,-7.840312823,0.068753005,1.530869834,-0.072160519,-0.015634371,-0.012895873,0.090545235,7.991444091
3.933554888,-7.840672481,0.069101885,1.53076257,-0.046651257,0.039315498,-0.040586747,0.090207012,7.589139461
3.941787958,-7.840940896,0.069006049,1.530973843,-0.060704312,-0.012420447,-0.04355521,0.089844052,7.649227895
3.950181007,-7.841175788,0.068782659,1.531275124,-0.056695468,-0.004448679,-0.029181652,0.089600872,7.698405522
3.958920002,-7.84156266,0.069062474,1.531217251,-0.047752312,0.013651799,-0.046590519,0.089212618,7.482496053
3.966727972,-7.841918071,0.069053205,1.531357349,-0.046360547,0.006512901,-0.013055425,0.089103822,7.69711191
3.975795031,-7.842285114,0.069074268,1.531487167,-0.058742647,-0.030565562,-0.019715121,0.08893953,7.731770297
3.98368597,-7.842761454,0.069503831,1.531325199,-0.053943721,-0.013763122,-0.029760312,0.088691527,7.604674906
3.991834879,-7.843125743,0.069166607,1.531754856,-0.044133642,0.008142862,-0.032367249,0.0884218,7.492889601
4.000355959,-7.843628305,0.0694696,1.531727128,-0.048773678,0.002291261,-0.007153807,0.088362185,7.69210029
4.008458853,-7.844158425,0.069880748,1.531594269,-0.053028706,-0.007594741,0.001637531,0.088375831,7.784464639
4.016824007,-7.844644244,0.069720856,1.53189984,-0.041829549,0.021559269,0.032590678,0.08864742,7.935921647
4.025142908,-7.845281271,0.070326861,1.531607571,-0.063768454,-0.030833797,0.082611047,0.089335845,8.496877852
4.033429861,-7.845748107,0.070131449,1.531899193,-0.100449312,-0.129620261,0.083630224,0.090032764,8.836270524
4.042182922,-7.846255839,0.069920497,1.532242809,-0.05479986,-0.005438264,0.104888167,0.090906832,8.71398768
4.050762892,-7.846878189,0.070197475,1.532146483,-0.135748736,-0.224199981,0.062632319,0.091428768,9.073343515
4.058534861,-7.847470066,0.070174469,1.532348573,-0.090869418,-0.111104377,0.109536589,0.092341573,9.139442188
4.066804886,-7.84799479,0.069703824,1.532850516,-0.188817334,-0.369291612,0.077403397,0.092986601,9.702515872
4.075003862,-7.848779382,0.070401096,1.532488036,0.280351468,0.807419942,0.14954824,0.094232837,6.836957593
4.083500862,-7.849384943,0.070277914,1.532729863,-0.016611607,0.040964266,0.047120223,0.094625505,8.371245552
4.091920853,-7.850059993,0.070422689,1.532752752,-0.030725143,0.003067737,0.08558231,0.095338691,8.799671186
4.099943876,-7.85075246,0.07075877,1.532618054,-0.029820221,-0.004141673,0.051187624,0.095765254,8.597712541
4.108368874,-7.851264579,0.070299374,1.533072478,-0.040735749,-0.036540758,0.038510868,0.096086178,8.620771929
4.116819859,-7.851848359,0.070227294,1.533215135,-0.04424259,-0.050341718,0.046865493,0.096476724,8.738860601
4.125015974,-7.852454501,0.070241448,1.533280453,-0.025963805,-0.021969555,0.00778403,0.096541591,8.349610144
4.133496046,-7.852958393,0.069846162,1.533647073,-0.023313416,-0.022689891,0.035189726,0.096834839,8.545410761
4.141808987,-7.853605052,0.070204566,1.53342477,-0.012742537,-0.003697816,0.017669692,0.096982086,8.363171981
4.150251865,-7.85413955,0.070006379,1.533620472,-0.013681915,-0.010032627,0.046189293,0.097366997,8.599334223
4.158369064,-7.854709967,0.070179398,1.533525611,-0.008413627,-0.003340807,0.012901601,0.09747451,8.344598777
4.166681051,-7.855297061,0.07049213,1.533341485,-0.019856858,-0.03887212,-0.020392629,0.097304572,8.189991953
4.175513983,-7.855713755,0.070187089,1.533632761,-0.011404747,-0.01939465,0.015828973,0.09743648,8.387233195
4.183510065,-7.856208297,0.070493724,1.533484286,-0.0134055,-0.029843065,0.01340888,0.097548221,8.397216051
4.191716909,-7.856675547,0.070715196,1.533405086,-0.00576114,-0.009818202,0.022894221,0.097739006,8.421348874
4.200093985,-7.857082036,0.070750573,1.533482945,-0.022011088,-0.054849499,-0.034758893,0.097449348,8.124402582
4.20833993,-7.857471671,0.070898151,1.533502625,-0.000163103,0.004719324,0.002577287,0.097470826,8.218244455
4.216805935,-7.857936634,0.071426792,1.533205438,-0.008186887,-0.020299544,-0.027803474,0.09723913,8.052282863
4.225240946,-7.858374239,0.071742179,1.533051379,-0.010397595,-0.030052922,-0.005514812,0.097193173,8.219050002
4.233666897,-7.858746575,0.071807181,1.533086494,-0.00635162,-0.016853073,-0.000350967,0.097190249,8.222928975
4.244328022,-7.859153122,0.071944654,1.533069645,-0.000464007,-0.004456509,-0.007127321,0.097130854,8.129135953
4.250000954,-7.859587717,0.072157309,1.5329676,-0.011611556,-0.02672553,-0.022136291,0.096946385,8.09076286
4.258615017,-7.859950833,0.072037345,1.533115695,-0.003633805,-0.005254921,-0.028362076,0.096710034,7.968745943
4.266740084,-7.860457194,0.072531531,1.532812361,-0.005604065,-0.004192449,0.023582315,0.096906554,8.352571996
4.275141954,-7.861193762,0.074062189,1.531661304,-0.020106256,-0.030281872,0.05458548,0.097361433,8.705538829
4.283326864,-7.861644428,0.074219649,1.531574715,-0.025253317,-0.04207727,0.052091019,0.097795525,8.762517239
4.29161191,-7.862600361,0.076750078,1.529610902,-0.017853796,-0.024592787,0.046245598,0.098180905,8.700791139
4.300914049,-7.863269005,0.078060204,1.528619151,-0.009596373,0.009046754,0.108310995,0.099083496,9.134739572
4.308506012,-7.864549937,0.082192508,1.525408914,-0.000107368,0.0245241,0.074838503,0.09970715,8.891791852
4.316920042,-7.862857148,0.073268954,1.532327389,-0.019972228,-0.032523515,0.057117572,0.10018313,8.960424647
4.325172901,-7.863027213,0.072778037,1.532654151,-0.008630941,-0.00214153,0.083218625,0.100876619,9.112759605
4.333520889,-7.863284526,0.072757452,1.532655226,-0.018987005,-0.046186483,0.028377176,0.101113095,8.841811171
4.341717005,-7.863528589,0.072819554,1.532597108,0.001649239,0.014624911,0.042101806,0.101463944,8.808920572
4.349888086,-7.863837274,0.073274004,1.532261439,-0.010174828,-0.030223611,0.013772997,0.101578719,8.718692891
4.358337879,-7.864163837,0.073897434,1.531808361,0.008473028,0.006484387,-0.003940709,0.101545879,8.461448622
4.366730928,-7.864361548,0.074162346,1.531605278,0.018428973,0.030852859,0.035386809,0.101840769,8.682061323
4.375705957,-7.864536635,0.074351658,1.531398298,-0.005506733,-0.053599585,-0.042889807,0.101483354,8.303843369
4.383363008,-7.86463934,0.074370057,1.531357345,0.019758169,-0.003697472,-0.034089958,0.101199271,8.159466906
4.392068863,-7.864744688,0.074488769,1.531263052,0.020309255,-0.002319245,-0.075030435,0.100574018,7.822709578
4.400228024,-7.864811759,0.07444051,1.531228521,0.00862717,-0.036047341,-0.117814772,0.099592228,7.53558439
4.408686876,-7.86494498,0.074828746,1.530890043,0.0294762,-0.007925096,-0.10100032,0.098750559,7.436383484
4.417613029,-7.865023846,0.074977444,1.530719942,0.029718483,-0.031370322,-0.171730663,0.09731947,6.840775577
4.425235033,-7.865110806,0.07525111,1.530461552,0.017774154,-0.058207927,-0.166038279,0.095935817,6.850120055
4.433444023,-7.865150602,0.075340338,1.530375439,0.032798415,-0.019081737,-0.142286118,0.0947501,6.801283433
4.441809893,-7.865288686,0.075861301,1.529902682,0.017633211,-0.046024404,-0.112882018,0.093809416,7.030424463
4.450412989,-7.865293866,0.075753811,1.529941691,0.028294398,-0.007015121,-0.061490025,0.093296999,7.2548291
4.458474874,-7.865345345,0.075861055,1.529766703,0.024885926,-0.003873553,-0.005807536,0.093248603,7.651762163
4.466772079,-7.865407279,0.076083768,1.529509036,0.014937961,-0.016379116,0.055598701,0.093711926,8.178864365
4.475092888,-7.865446332,0.076179259,1.52936412,0.013065121,-0.016069609,0.07564468,0.094342298,8.380691054
4.483522892,-7.865446579,0.076106313,1.529326783,0.008926,-0.031543219,0.029935838,0.094591763,8.121760194
4.492493868,-7.86552133,0.076304993,1.52909575,0.017326325,-0.021822833,-0.031469916,0.094329514,7.62252964
4.500357866,-7.865547242,0.076263068,1.529049239,0.022369466,-0.001441141,-0.000384866,0.094326307,7.794314254
4.509001017,-7.865590343,0.076245772,1.529009948,0.027551956,0.016523016,0.073986672,0.094942863,8.314552494
4.51652503,-7.865732571,0.076526247,1.528742506,-0.005526371,-0.044866671,0.15638965,0.09624611,9.222772311
4.525542974,-7.865907773,0.076894548,1.52837299,0.005758603,-0.00250305,0.213539795,0.098025608,9.674036441
4.533662081,-7.866035749,0.077010522,1.528154453,-0.012099987,-0.048247495,0.165878983,0.099407933,9.596567527
4.542062998,-7.866122785,0.076813706,1.528221562,0.015129779,0.008892081,0.130963988,0.100499299,9.25335672
4.550291061,-7.866144018,0.076368819,1.528424826,0.007270624,-0.016343384,0.172730764,0.101938722,9.720639012
4.558721066,-7.866282512,0.076596665,1.528138509,0.020188449,0.010075266,0.139865977,0.103104272,9.501110915
4.566745043,-7.866352273,0.076528205,1.528113511,0.023068262,-0.000597683,0.01747008,0.103249856,8.662566876
4.575294018,-7.866470839,0.07686748,1.527714618,0.023060042,-0.014478346,0.004445337,0.103286901,8.582676203
4.583513021,-7.866469511,0.076548306,1.527837257,0.024159018,-0.016312535,0.067226237,0.103847119,9.053191941
4.592051029,-7.866528324,0.07674393,1.527578094,0.0059654,-0.076068177,0.009156853,0.103923426,8.802831288
4.600195885,-7.866463557,0.076478515,1.52763901,0.027291833,-0.027927087,0.00704335,0.103982121,8.638182238
4.608355999,-7.866336917,0.076006775,1.527910398,0.044527975,0.014231698,0.08763179,0.104712386,9.124153104
4.616867065,-7.866337319,0.076387981,1.527461384,0.024106804,-0.038573665,0.094113245,0.105496663,9.38595129
4.625390053,-7.866170397,0.076200751,1.527447364,0.02837213,-0.027534823,0.123341068,0.106524505,9.64074924
4.633558035,-7.866000068,0.0760745,1.527445127,0.053865791,0.035825307,0.16137511,0.107869298,9.826128936
4.641929865,-7.865898664,0.076321541,1.527153369,0.054347283,0.038145551,0.157463553,0.109181494,9.905744282
4.650120974,-7.865647714,0.076195961,1.527111866,0.025749566,-0.048103571,0.048422273,0.109585013,9.411201585
4.658879995,-7.865375831,0.076219494,1.526875747,0.029750273,-0.046326183,0.047250058,0.109978763,9.410371578
4.666681051,-7.86518193,0.076623782,1.526407099,0.05967621,0.007136297,0.022955819,0.110170062,9.048722117
4.674917936,-7.864894792,0.076583132,1.526274656,0.031751274,-0.052425868,0.023285699,0.110364109,9.268921047
4.683299065,-7.864712568,0.076856975,1.525906571,0.031941187,-0.051915405,0.009235512,0.110441072,9.177861033
4.691703081,-7.864472361,0.076723017,1.525870332,0.056792903,0.002277723,0.024224295,0.110642941,9.117444894
4.700780869,-7.864262873,0.076585115,1.525857503,0.071557913,0.042534789,0.044471001,0.111013533,9.176720577
4.70902586,-7.864126164,0.076640423,1.525733257,0.050363367,0.003787976,0.047593578,0.111410146,9.381664065
4.716841936,-7.864005157,0.076704258,1.525610196,0.057420775,0.024051849,-0.023506631,0.111214257,8.825553771
4.724946976,-7.863906279,0.076948465,1.525355536,0.033260818,-0.032313365,-0.035511302,0.11091833,8.895063978
4.733264923,-7.863745406,0.077033207,1.525188088,0.025256207,-0.043762289,0.012025947,0.111018546,9.284047501
4.74189806,-7.863558691,0.076894523,1.525193689,0.027229953,-0.03024617,0.061586524,0.111531767,9.647979373
4.750056982,-7.863343179,0.076592839,1.525352527,0.034090856,-0.009257451,0.022699829,0.111720932,9.345566255
4.75850606,-7.863353089,0.077001351,1.524975943,0.060046776,0.062243998,0.101036327,0.112562902,9.757896653
4.767335892,-7.86330329,0.076992945,1.524959881,0.052765582,0.045556469,0.056656202,0.113035037,9.547087766
4.775066853,-7.863363723,0.077537234,1.524549796,0.042799685,0.019467644,0.028080832,0.113269044,9.445347306
4.783571959,-7.863245712,0.077429257,1.524636172,0.020731986,-0.042224658,-0.017251941,0.113125278,9.288816765
4.792145014,-7.863171578,0.077590939,1.52450685,0.060902086,0.055652903,-0.0339676,0.112842214,8.855311002
4.800461054,-7.863012876,0.07746384,1.52460768,0.026563913,-0.020141309,0.034610162,0.113130632,9.597756753
4.808729887,-7.862821151,0.077420758,1.524622539,0.028178176,-0.026727714,0.005905481,0.113179845,9.398238232
4.816807985,-7.862617568,0.077442861,1.524522342,0.027531,-0.025487585,0.013407847,0.113291577,9.462495857
4.825116873,-7.862403236,0.077503543,1.524408006,0.057113792,0.048434956,0.062143401,0.113809438,9.621179671
4.833492041,-7.862288034,0.078236329,1.523782682,0.067910982,0.07422269,0.034196275,0.114094407,9.374813568
4.842045069,-7.862037675,0.078402807,1.523574819,0.019161304,-0.043189136,-0.033300526,0.113816903,9.247524319
4.850106955,-7.861681037,0.078118423,1.523731551,0.034485898,-0.015232674,-0.008587174,0.113745343,9.301988084
4.858419895,-7.861447415,0.078471066,1.523433045,0.043004811,0.010210368,0.050024002,0.11416221,9.673358763
4.866930962,-7.861187924,0.07875297,1.523230027,0.049440303,0.034922086,0.078567496,0.114816939,9.872473187
4.875701904,-7.860773793,0.078225334,1.523575163,0.01828882,-0.037808125,0.076849923,0.115457355,10.14225719
4.883800983,-7.860358233,0.077734322,1.523940499,0.055930878,0.0498464,0.035132656,0.115750127,9.60652166
4.891802073,-7.8601011,0.0782334,1.523565509,0.045275249,0.019072003,-0.073354607,0.115138839,8.893347129
4.900007963,-7.859812307,0.078714567,1.523209,0.021354718,-0.040072954,-0.054805755,0.114682124,9.158052361
4.908416986,-7.859324559,0.078489071,1.523322786,0.047789548,0.034546966,0.018186894,0.114833682,9.471359652
4.916789055,-7.859013456,0.078982736,1.522917704,0.007324374,-0.042731971,0.069944429,0.115416552,10.16270479
4.925211906,-7.858701218,0.079542268,1.522517049,0.01542141,-0.004953094,0.061254527,0.115927006,10.07881832
4.933453083,-7.858232934,0.079556524,1.522588171,0.018607708,0.013423926,0.123446253,0.116955725,10.56279276
4.941811085,-7.857679558,0.079081097,1.523006509,0.018885575,0.027780534,0.172904274,0.118396594,11.01438251
4.950192928,-7.857265974,0.079022153,1.523084541,0.029778052,0.060650878,0.09306366,0.119172124,10.45060156
4.958814859,-7.856812669,0.078799388,1.523336842,0.005968339,-0.000492,0.128696976,0.120244599,10.96102943
4.967040062,-7.856507392,0.079206645,1.5230999,0.012209542,0.032307289,0.20126785,0.121921831,11.54507892
4.975364923,-7.856257816,0.079771151,1.522760777,-0.019045045,-0.023374464,0.227848656,0.12382057,12.10756138
4.983458996,-7.856004256,0.080170416,1.522535548,-0.000546772,0.036831964,0.286126113,0.126204954,12.56428644
4.991944075,-7.855713336,0.080348227,1.522490556,-0.003788484,0.042593685,0.295875062,0.12867058,12.85633409
5.000407934,-7.855274376,0.079764565,1.52306218,-0.013738202,0.02328392,0.36063771,0.131675894,13.62326662
5.00850296,-7.85488029,0.079362143,1.523488992,0.002991916,0.066679514,0.403037964,0.135034544,14.07179688
5.016939878,-7.854544248,0.079323347,1.523690495,-0.008840532,0.036755111,0.414511672,0.138488808,14.5284168
5.025215864,-7.854332864,0.07996691,1.523360375,-0.019314968,0.013238965,0.431572767,0.142085247,15.02389018
5.033585072,-7.853880797,0.079469426,1.523878347,-0.029709189,-0.017086973,0.406427039,0.145472139,15.21545016
5.041866064,-7.853641898,0.079772142,1.523736566,-0.001354453,0.03406184,0.386157141,0.148690116,15.14690223
5.050083876,-7.853383428,0.080202649,1.52354178,-0.009697302,-0.00843313,0.315453803,0.151318897,14.95540007
5.058610916,-7.853131462,0.080595022,1.523356681,0.017245873,0.018883331,0.303059862,0.153844396,14.90172225
5.066958904,-7.85270443,0.080113726,1.523811745,0.064199691,0.097201877,0.327815378,0.156576191,14.97144962
5.075293064,-7.852212602,0.079327225,1.524490675,0.037755923,0.010499568,0.371433277,0.159671468,15.73440967
5.083466053,-7.852013082,0.079975691,1.524151229,0.037592728,-0.019314703,0.202945493,0.161362681,14.73808078
5.092329025,-7.851713149,0.080230203,1.524057728,0.062272141,-0.011084057,0.192115424,0.162963643,14.63985919
5.100332975,-7.851366801,0.080182505,1.524183085,0.072944853,-0.022207438,0.197151693,0.164606573,14.75025741
5.10865593,-7.850990852,0.079953966,1.524519387,0.078340863,-0.036139056,0.182878785,0.166130563,14.75297007
5.117104053,-7.850803163,0.080518691,1.524223974,0.123746055,0.025684881,0.219560745,0.167960236,14.84530403
5.125159025,-7.850388165,0.080028937,1.524690411,-1.58258172,-3.028843662,6.662447957,0.223480636,19
5.133607864,-7.850031629,0.079874363,1.524891637,0.094653589,-0.028744387,0.575534049,0.228276753,19
5.142212868,-7.849816628,0.080393559,1.524580253,0.048027627,0.012532154,1.439048773,0.240268826,19
5.150456905,-7.849453992,0.080070044,1.52491188,51.81260738,-6.697911476,1.605935814,0.253651624,-19
5.158784866,-7.849352353,0.080663031,1.524565179,4.810307397,-0.391441265,-0.477266399,0.249674404,-12.34784646
5.167543888,-7.84921993,0.080911264,1.524539045,4.648514947,-0.065833127,-0.770575118,0.243252945,-14.01867316
5.175297022,-7.849078978,0.080993996,1.524668241,5.038013368,-0.576012228,-0.939843786,0.235420914,-18.06389075
5.183768034,-7.848950046,0.080958346,1.524916714,4.96144614,-0.458149838,-1.087241168,0.22636057,-19
5.192269087,-7.848763745,0.080576329,1.525448056,4.966436149,-0.42606923,-1.166189141,0.216642328,-19
5.200470924,-7.848713876,0.080793445,1.525449952,4.982217038,-0.476571337,-1.796036723,0.201675355,-19
5.208478928,-7.848645629,0.080659172,1.525729555,5.024895467,-0.501762176,-2.212247668,0.183239958,-19
5.216814995,-7.848779066,0.08121212,1.525516658,5.07864088,-0.469566082,-2.115929061,0.165607216,-19
5.225813866,-7.848822219,0.081095412,1.525820576,5.111042264,-0.443375321,-1.952792927,0.149333941,-19
5.233632088,-7.848899075,0.080932357,1.526168538,5.139538915,-0.4295433,-2.091506426,0.131904721,-19
5.241983891,-7.849038044,0.081129999,1.52634586,5.175791722,-0.413871028,-2.583402093,0.11037637,-19
5.250277996,-7.849088144,0.080771477,1.526899821,5.163441166,-0.317170327,-3.061961232,0.084860027,-19
5.258499861,-7.849203393,0.080678798,1.527193011,5.172410874,-0.232152168,-3.356377361,0.056890215,-19
5.266891956,-7.849378352,0.080881263,1.527279431,5.179506043,-0.171261225,-3.202294514,0.030204428,-19
5.275680065,-7.849602672,0.081450581,1.527102655,5.211825945,-0.147738362,-2.607477165,0.008475451,-19
5.283516884,-7.849655885,0.081330188,1.527381699,5.244616137,-0.144854457,-2.109373163,-0.009102658,-19
5.292049885,-7.849725179,0.081704378,1.527300045,5.253041573,-0.135379467,-1.849714717,-0.024516948,-19
5.300198078,-7.849607274,0.081773118,1.52747757,5.262065169,-0.151721995,-1.793777535,-0.039465094,-19
5.308743,-7.849205133,0.080906536,1.528361103,5.273732312,-0.167787697,-2.066457453,-0.056685573,-19
5.316977024,-7.848908414,0.080996962,1.528497511,5.272694178,-0.177405225,-2.117386175,-0.074330457,-19
5.325527906,-7.848573351,0.081358921,1.528388977,5.302384824,-0.201201015,-1.888049099,-0.0900642,-19
5.333769083,-7.848046306,0.081528231,1.528382028,5.317884906,-0.220906367,-1.550201715,-0.102982548,-19
5.341904879,-7.847416324,0.081706274,1.528299076,5.069651963,-1.119099137,-0.3615882,-0.105995783,-19
5.350359917,-7.84672267,0.082141457,1.528110022,5.634751516,0.56525021,-1.130712884,-0.11541839,-19
5.358803988,-7.845741746,0.081756087,1.528493441,5.381814717,-0.344039551,-0.332124092,-0.118186091,-19
5.367110014,-7.853008066,0.104859831,1.500957924,5.390142703,-0.422407527,-0.297471945,-0.120665024,-19
5.375751972,-7.852185542,0.105676229,1.500903102,5.409531936,-0.501588423,-0.249170956,-0.122741448,-19
5.383792877,-7.85182166,0.107805946,1.501099777,5.407881825,-0.571784972,-0.127439507,-0.123803444,-19
5.708632946,-7.41985906,0.074178715,1.555418789,5.440971225,-0.643665576,0.300751751,-0.12129718,-19
5.717014074,-7.380210106,0.070284919,1.562162686,5.432894505,-0.717164347,0.540283958,-0.116794813,-19
5.725395918,-7.342480794,0.06571267,1.570960614,5.468307067,-0.808048634,0.870937127,-0.109537004,-19
5.733561039,-7.300535775,0.061738959,1.576085652,5.496405921,-0.887488011,1.116718214,-0.100231019,-19
5.742198944,-7.259388262,0.05771027,1.581644379,5.468891831,-0.975318475,1.05652799,-0.091426619,-19
5.750200987,-7.218205525,0.053829818,1.587072995,5.508223791,-1.045480301,1.175690736,-0.081629196,-19
5.758857012,-7.17673301,0.050246498,1.591498666,5.499649784,-1.113767774,0.969424749,-0.073550656,-19
5.767085075,-7.134798008,0.04729421,1.595017463,5.481822203,-1.177249806,0.982957162,-0.065359347,-19
5.775486946,-7.09240996,0.044211591,1.598134786,5.555913933,-1.248283888,1.369151338,-0.053949752,-19
5.783731937,-7.049742264,0.040431178,1.600817933,5.536447694,-1.300896269,1.300628329,-0.043111183,-19
5.792258024,-7.006814037,0.036444504,1.602902545,5.562576753,-1.336301504,1.417247356,-0.031300788,-19
5.800317049,-6.963565,0.032858991,1.604225656,5.512656477,-1.403613019,1.140587099,-0.021795896,-19
5.808765888,-6.920467137,0.02954273,1.605239114,6.7381443,-1.953345618,1.595462486,-0.008500375,-19
5.817035913,-6.877323446,0.026065256,1.605758483,5.663350766,-1.509130426,0.844796457,-0.001460405,-19
5.825558901,-6.834137482,0.022622118,1.605635459,5.578521692,-1.512257999,1.040543502,0.007210791,-19
5.834110975,-6.790696725,0.019340249,1.604772451,5.612331431,-1.557590597,1.03699774,0.015852439,-19
5.842769861,-6.747004389,0.015892302,1.603167553,5.637466152,-1.579052325,1.018033257,0.02433605,-19
5.850409985,-6.703269854,0.012151768,1.600966599,5.339321755,2.481378948,-81.55564194,-0.6552943,-19
5.85886097,-6.65950334,0.008345562,1.597973117,5.415386303,2.326217396,1.450555604,-0.643206337,-19
5.867276907,-6.615705376,0.004541111,1.594087262,3.745195971,-2.766902076,83.26935936,0.050704991,19
5.875499964,-6.571997372,0.000619162,1.589349959,5.619851143,-1.514273639,1.732935045,0.065146117,-17.3586241
5.883811951,-6.528140726,-0.003616626,1.583705832,5.69727357,-1.708331172,1.099960137,0.074312451,-19
5.892297983,-6.484249048,-0.007789428,1.577319017,5.708964914,-1.702955419,0.973814192,0.08242757,-19
5.900501013,-6.4432257,-0.030851944,1.563575896,5.720169743,-1.6985126,1.109584126,0.091674104,-19
5.908992052,-6.396039389,-0.016030972,1.562847383,5.657500536,-1.550654325,1.188154383,0.101575391,-18.24121917
5.917443991,-6.35184184,-0.020205527,1.554712254,5.774348247,-1.752931557,1.230414129,0.111828842,-17.73635969
5.925667048,-6.307674309,-0.024361073,1.545810915,5.798795166,-1.78261993,1.10788753,0.121061238,-17.93859197
5.933858871,-6.263445782,-0.028656672,1.536143226,5.761469232,-1.699044728,0.938117284,0.128878882,-18.24376988
5.942322016,-6.219313428,-0.033196312,1.525849776,5.813864047,-1.78125476,0.853685006,0.135992923,-18.51659443
5.95065093,-6.174954176,-0.037802109,1.515038996,5.754142045,-1.646951593,0.868511636,0.14323052,-17.48892551
5.959032059,-6.13068492,-0.042450857,1.503827573,5.260561782,-0.746715119,0.782988434,0.149755424,-14.81181924
5.967427969,-6.086124919,-0.047172287,1.49215265,5.284617671,-0.765011711,0.617317609,0.154899737,-15.65569672
5.97558403,-6.041291461,-0.051945281,1.480210799,5.807973518,-1.657059708,0.832062919,0.161833595,-16.50718384
5.983933926,-5.996649752,-0.056666031,1.467956207,6.219639955,-2.329797001,0.756271918,0.168135861,-18.79226037
5.992624044,-5.951611123,-0.061401791,1.455530109,6.417882406,-2.633655738,0.653017715,0.173577675,-19
6.000529051,-5.906586655,-0.066255524,1.442905986,5.211212381,-0.507258673,0.193394339,0.175189295,-16.49898841
6.008801937,-5.861643087,-0.07117823,1.430132907,6.595181757,-2.806043531,0.400584393,0.178527498,-19
6.017066956,-5.8159721,-0.076168667,1.417249052,4.956896004,-0.04500236,0.173911692,0.179976762,-14.83079677
6.025556087,-5.770345118,-0.081252591,1.404429915,5.966205605,-1.686180993,0.487658463,0.184040583,-17.97746639
6.033680916,-5.724361522,-0.086357153,1.391848819,6.052516831,-1.808435452,0.69357588,0.189820382,-16.57217775
6.042355061,-5.678688551,-0.091424173,1.379153624,6.425779023,-2.40210749,0.729628572,0.19590062,-17.90362579
6.05053997,-5.622677743,-0.104486866,1.362399032,6.657039817,-2.750753047,0.81615735,0.202701931,-18.04244127
6.058814049,-5.57550157,-0.109730476,1.349754035,6.289969582,-2.137180603,0.651689458,0.208132677,-16.66852928
6.06713891,-5.528924227,-0.114848634,1.337487423,5.994169501,-1.673819773,0.30718837,0.21069258,-17.15076778
6.07651186,-5.48195492,-0.120058765,1.32525051,5.654668139,-1.824276777,9.300591849,0.288197512,19
6.084115982,-5.434669746,-0.125440833,1.313238805,5.88764129,-2.091975743,0.945012542,0.296072616,-4.750808834
6.092288017,-5.386790457,-0.130743608,1.302519341,5.87036297,-2.106766649,0.401962084,0.2994223,-8.068882387
6.100606918,-5.339053387,-0.136255361,1.290964596,6.349322896,-1.938374355,-7.124906396,0.24004808,-19
6.10938406,-5.306714902,-0.125288978,1.269518536,6.001755988,-1.706027569,0.113228921,0.240991655,-15.96186625
6.117630005,-5.259160658,-0.129886491,1.259975128,6.075284629,-1.588613037,0.957982696,0.248974844,-10.02476773
6.125675917,-5.210757465,-0.135730396,1.249303232,6.087630895,-1.586220519,0.767591152,0.255371437,-10.86773287
6.134446859,-5.162175854,-0.141461325,1.239077148,11.93417145,-3.53744323,1.28669327,0.266093881,-19
6.142546892,-5.113412174,-0.147233806,1.229346122,6.252746271,-1.37576846,1.354467012,0.277381106,-6.13124698
6.151896954,-5.065199029,-0.151425337,1.221271234,6.038722896,-1.659668721,1.240485455,0.287718485,-4.57111241
6.159571886,-5.015749864,-0.157592679,1.212124663,5.936823653,-1.791863593,1.090373101,0.296804927,-4.134853616
6.167430878,-4.965986253,-0.163918525,1.20321402,6.363637939,-1.263955923,1.002502455,0.305159114,-6.948024988
6.175750017,-4.916552483,-0.169427204,1.195343387,6.336175059,-1.27441374,0.871780467,0.312423951,-7.05368767
6.183951855,-4.8665385,-0.175742539,1.18720506,6.090726949,-1.566737123,0.742444919,0.318610992,-5.746456723
6.192378998,-4.817119268,-0.180796775,1.180465617,6.002048106,-1.688725663,0.611033345,0.323702937,-5.605993957
6.200706959,-4.772843513,-0.177233062,1.180853106,6.022023662,-1.648995609,0.540876955,0.328210245,-5.849644543
6.209152937,-4.728348749,-0.174038425,1.18134864,5.976734351,-1.697117447,0.539596836,0.332706885,-5.174160989
6.217688084,-4.678356394,-0.17952705,1.175518807,6.129729843,-1.47416901,0.484792384,0.336746822,-6.268734634
6.22586298,-4.624007955,-0.191431474,1.16505115,6.0261789,-1.590825363,0.571852128,0.341512256,-4.569918655
6.234760046,-4.56753884,-0.206123304,1.152670611,6.042791242,-1.546485467,0.416518126,0.344983241,-5.464329289
6.242577076,-4.52404001,-0.200997702,1.156077207,6.030327999,-1.5520094,0.343929324,0.347849318,-5.638940205
6.250843048,-4.465801187,-0.217653685,1.142824972,6.084297459,-1.456962993,0.287733874,0.3502471,-6.202533174
6.258975029,-4.425093794,-0.208754258,1.149850323,6.016183602,-1.539020976,0.299148189,0.352740002,-5.450440892
6.267364979,-4.37364357,-0.215158986,1.145134746,6.11756917,-1.372245517,0.286162651,0.355124691,-6.049064227
6.275735855,-4.321268383,-0.222682871,1.139851841,5.201791399,-2.107297109,6.659485386,0.410620402,19
6.283969879,-4.264848034,-0.235509392,1.130640309,5.980249122,-1.769694236,-0.192416702,0.40901693,-3.751382062
6.292490005,-4.205893722,-0.251407351,1.119354795,5.988918668,-1.725490672,-0.096712905,0.408210989,-3.238265957
6.300889969,-4.15092843,-0.261526659,1.112760294,6.002009958,-1.687099152,-0.226131899,0.406326556,-4.38127692
6.309185982,-4.099164478,-0.267273518,1.109566948,8.004044986,-1.013193368,-4.955153784,0.365033608,-19
6.317398071,-4.049664802,-0.297703162,1.108384914,6.088349805,-1.370222345,-0.127824471,0.363968404,-7.954107332
6.325931072,-3.997649504,-0.303045126,1.106025414,6.052204589,-1.317956561,-0.115506207,0.363005853,-7.746196876
6.334331989,-3.945727816,-0.308862273,1.103679917,6.108844006,-1.338837261,-0.249163744,0.360929488,-9.182508876
6.342494011,-3.890493541,-0.28942516,1.100569524,6.100271134,-1.297243332,-0.128717873,0.359856839,-8.412961685
6.351135015,-3.838531155,-0.295621533,1.09870025,6.091939538,-1.285345225,-0.251343942,0.357762306,-9.380870742
6.359116077,-3.78620276,-0.300378093,1.098345126,12.18198916,-2.464638386,-0.524398856,0.353392316,-19
6.390178919,-3.73377865,-0.305069702,1.098370012,6.078285219,-1.209726364,-0.206661606,0.351670136,-9.534844545
6.392709017,-3.57682153,-0.320338081,1.099323178,5.831073234,-1.559388533,5.329643958,0.396083835,19
6.400856972,-3.524642778,-0.325340776,1.100340958,6.026263051,-1.428083496,0.134165881,0.397201884,-2.949595592
6.409235954,-3.472965273,-0.33172357,1.100531002,6.036182879,-1.474663573,-0.252332251,0.395099116,-5.812733981
6.417607069,-3.419220425,-0.331657037,1.106417358,6.000671783,-1.394269214,0.10432933,0.395968527,-3.111219
6.425752878,-3.365710752,-0.331833224,1.11254073,6.01092622,-1.439413491,-0.126961245,0.394910516,-4.827383976
6.434077024,-3.313419366,-0.335726458,1.116040906,6.040294584,-1.474763904,-0.233703384,0.392962988,-5.890858655
6.442692995,-3.26152374,-0.341136788,1.118608468,6.01546905,-1.427662747,0.078193897,0.393614604,-3.566633974
6.450778008,-3.209589362,-0.346405874,1.121776982,6.034568755,-1.465654587,-0.182582603,0.392093082,-5.582278332
6.459889889,-3.157895498,-0.352382015,1.124676707,5.987234253,-1.437534276,0.279291943,0.394420515,-1.941160031
6.467839956,-3.105624302,-0.355800753,1.129960071,6.016947037,-1.46556639,0.038218937,0.394739006,-3.738288021
6.476121902,-3.053866387,-0.360783206,1.134287471,5.958590761,-1.447641216,0.344009395,0.397605751,-1.045800625
6.484132051,-3.002118482,-0.365500101,1.139189041,6.015048116,-1.499573327,0.174755802,0.39906205,-2.413708302
6.492649078,-2.950466786,-0.370431346,1.144160224,5.971586281,-1.479459185,0.357503356,0.402041244,-0.648164911
6.500793934,-2.898676496,-0.374469478,1.15015353,5.956331216,-1.499196601,0.390471091,0.40529517,-0.044263197
6.509594917,-2.847197735,-0.379782649,1.155438117,5.935718942,-1.500406045,0.455424204,0.409090372,0.849634299
6.517399073,-2.795422803,-0.383187736,1.162442297,5.973049092,-1.561811646,0.234641357,0.411045716,-0.704343018
6.525847912,-2.748668045,-0.421782786,1.163644942,5.924034031,-1.527868358,0.393451346,0.414324478,0.951561516
6.534000874,-2.697078274,-0.426791078,1.169933892,5.961334497,-1.576090127,0.136723316,0.415463839,-0.922535713
6.542482853,-2.645563369,-0.43165038,1.176548037,5.893212462,-1.528081208,0.198894373,0.417121292,0.049904961
6.550554037,-2.594062329,-0.436357998,1.183402092,5.917226503,-1.54768871,0.252872469,0.419228562,0.453954664
6.55892086,-2.528742637,-0.4317431,1.199325873,5.910058585,-1.57793428,0.314526774,0.421849619,1.154550907
6.567106962,-2.477265218,-0.43635482,1.206716731,5.90854768,-1.58444363,0.147258098,0.423076769,0.125844272
6.575361967,-2.426216946,-0.441056998,1.214358245,6.143562879,-1.401503731,-6.483301459,0.369049257,-19
6.583847046,-2.374649886,-0.44546155,1.221897636,5.96307356,-1.289800607,-0.01463029,0.368927338,-6.009362407
6.592257023,-2.323263689,-0.449955033,1.229680966,5.972874784,-1.283777981,-0.035198731,0.368634015,-6.239037809
6.619122028,-2.271961058,-0.454424517,1.23742521,5.962562187,-1.290378022,-0.080339991,0.367964516,-6.536437886
6.619339943,-2.169609722,-0.463310918,1.253288869,5.965070764,-1.28071552,-0.169288211,0.36655378,-7.283637872
6.625452042,-2.118584754,-0.46769679,1.261272822,5.949582112,-1.27159789,-0.121932899,0.365537673,-6.95170458
6.633797884,-2.068740999,-0.489883824,1.268031302,5.969040614,-1.261388969,-0.230003171,0.36362098,-7.979165571
6.642200947,-2.017828168,-0.494176971,1.276483753,5.961451065,-1.248683793,-0.190202997,0.362035955,-7.798045234
6.650520086,-1.966671974,-0.498482526,1.284502684,5.947699162,-1.245946601,-0.26510557,0.359826742,-8.411033369
6.658776999,-1.9160542,-0.502987522,1.293070062,5.963013831,-1.226044523,-0.286825517,0.357436529,-8.865757569
6.667212963,-1.86520378,-0.507329036,1.301269511,5.963753413,-1.210630752,-0.332213446,0.354668084,-9.420576
6.675814867,-1.8139986,-0.511542692,1.309191495,5.957709186,-1.202390107,-0.317806007,0.3520197,-9.510423827
6.684017897,-1.763140192,-0.515889682,1.317429994,5.958573083,-1.195406552,-0.416227354,0.348551139,-10.48407215
6.692062855,-1.712001241,-0.520118044,1.325359349,5.949574063,-1.173368333,-0.381066077,0.345375588,-10.46371812
6.700456858,-1.661335101,-0.524439416,1.333472469,5.952078856,-1.16290303,-0.394798006,0.342085605,-10.85480905
6.708775043,-1.610353148,-0.528645211,1.341481312,5.953225442,-1.169942173,-0.372232288,0.338983669,-10.96559352
6.717251062,-1.559900569,-0.532953312,1.349585695,5.953101284,-1.155654652,-0.311030772,0.336391746,-10.77044351
6.725601912,-1.508858183,-0.537111505,1.357547586,5.920442732,-1.178127062,-0.118685439,0.335402701,-9.322566557
6.733726978,-1.458238634,-0.541326577,1.365674039,5.928959232,-1.174906922,-0.028108069,0.335168467,-8.777605922
6.742254972,-1.407697771,-0.545522248,1.373763883,5.920628844,-1.205021918,-0.072521647,0.33456412,-9.066776275
6.750536919,-1.35734156,-0.549758853,1.381967908,5.899699436,-1.204848706,0.115787672,0.335529017,-7.565746404
6.759104013,-1.30651185,-0.553806497,1.389925592,5.896169262,-1.241073867,0.11338688,0.336473908,-7.464680307
6.767242908,-1.256196276,-0.558050831,1.398144384,5.881885928,-1.269247524,0.356997369,0.339448886,-5.445658676
6.775357008,-1.205443512,-0.562072439,1.406178295,5.875070032,-1.279461302,0.38769163,0.34267965,-4.916497532
6.783650875,-1.155385226,-0.566380592,1.414432101,5.854922013,-1.322673168,0.437092771,0.346322089,-4.126477779
6.792607069,-1.105095145,-0.570579094,1.422723587,5.846814231,-1.339990691,0.505768164,0.350536824,-3.243466799
6.800586939,-1.054778266,-0.574712246,1.43089245,5.83215098,-1.363368743,0.599005012,0.355528532,-2.083169918
6.808690071,-1.004460658,-0.579117532,1.439068421,5.820122098,-1.389813186,0.637737169,0.360843009,-1.283824546
6.81794405,-0.952498291,-0.565891175,1.446643579,5.814956061,-1.405662979,0.652290192,0.36627876,-0.687474892
6.825486898,-0.902273557,-0.569947229,1.454538235,5.808613942,-1.430901104,0.613352731,0.371390033,-0.472876022
6.833764076,-0.851988405,-0.574295743,1.462494407,5.798363247,-1.449833221,0.731246541,0.377483754,0.919134695
6.842221975,-0.801758339,-0.578549962,1.470334679,5.789071358,-1.462174712,0.705958632,0.383366743,1.304988855
6.850481033,-0.751526605,-0.582809859,1.478186746,5.782749253,-1.468852681,0.622690533,0.388555831,1.214656495
6.859229088,-0.701434623,-0.587032558,1.486012591,5.771321377,-1.486496735,0.47715293,0.392532105,0.63317552
6.867097855,-0.651206438,-0.591394062,1.493879595,5.777034682,-1.500722282,0.528425574,0.396935652,1.324723851
6.875406981,-0.601062493,-0.595738095,1.501743589,5.76395029,-1.489302525,0.5244974,0.401306463,1.742973081
6.883785963,-0.551016588,-0.600101454,1.509477782,5.762366192,-1.494399018,0.461022843,0.40514832,1.64419265
6.892006874,-0.500890811,-0.604477774,1.517292353,5.767776355,-1.492394591,0.32023068,0.407816909,0.870655859
6.900460005,-0.45078242,-0.608893566,1.525090718,5.760599627,-1.467291359,0.237327391,0.409794638,0.504138148
6.908933878,-0.400724509,-0.61331019,1.532803444,5.767633954,-1.452563335,0.144643399,0.410999999,-0.079165927
6.917258978,-0.350653257,-0.617724284,1.54039965,5.764917995,-1.430762976,-0.006300975,0.410947491,-1.108618794
6.925680876,-0.300690874,-0.622129534,1.547984233,5.777907084,-1.413883488,-0.032668982,0.41067525,-1.400978533
6.933966875,-0.250713399,-0.626482073,1.555493559,5.779034315,-1.378777654,-0.177016013,0.409200116,-2.534976073
6.942161083,-0.200684355,-0.630824627,1.562795679,5.780889828,-1.359712176,-0.16638457,0.407813578,-2.598890006
6.950404882,-0.150676829,-0.635227416,1.57008015,5.794621764,-1.326142932,-0.411094043,0.404387794,-4.66224337
6.958704948,-0.100857473,-0.639486084,1.577048744,5.800449847,-1.276934614,-0.381649857,0.401207379,-4.786519575
6.967103958,-0.050978291,-0.643818982,1.584054354,5.792539674,-1.243275294,-0.494810953,0.397083954,-5.872524987
6.976072073,-0.001078051,-0.648038318,1.59076998,5.810215951,-1.219560911,-0.517716179,0.392769653,-6.513776588
6.983948946,0.048650525,-0.652397256,1.597477686,5.812185999,-1.205440989,-0.550515979,0.38818202,-7.142730507
6.99208498,0.09844464,-0.656726642,1.603937716,5.819930457,-1.133788561,-0.64884275,0.382774997,-8.350288926
7.000650883,0.148185254,-0.661028179,1.610284837,5.817738041,-1.129238827,-0.631142257,0.377515478,-8.659946325
7.009151936,0.197880206,-0.665471053,1.616693374,5.826572528,-1.081183002,-0.547547486,0.372952582,-8.548511988
7.017433882,0.247515786,-0.669805645,1.622887169,5.832689786,-1.071103081,-0.718671173,0.366963656,-10.26599812
7.025575876,0.297110921,-0.674244139,1.629131369,5.83332733,-1.043220834,-0.604982497,0.361922135,-9.928609463
7.034158945,0.346627531,-0.678718645,1.635397887,5.830108956,-0.983007119,-0.673622721,0.356308612,-10.87650562
7.042346001,0.396094157,-0.683212292,1.641685901,5.832298587,-1.016316994,-0.559604199,0.351645244,-10.48815927
7.050781965,0.445532982,-0.687704763,1.648103971,5.823634835,-0.982836027,-0.468736531,0.347739106,-10.15527823
7.058969021,0.494965436,-0.692251192,1.654559492,5.825842157,-0.959674878,-0.355303724,0.344778242,-9.652383828
7.067307949,0.544336376,-0.69679983,1.661137973,5.088867724,3.601776519,-98.90509016,-0.479430843,-19
7.07564497,0.593634419,-0.701389652,1.667882444,4.737149618,3.572827472,0.765207353,-0.473054115,-19
7.083919048,0.642869126,-0.706097283,1.674811174,4.666364311,3.549651412,-1.190756674,-0.482977087,-19
7.092125893,0.692044149,-0.710789093,1.68176334,4.660598667,3.576284222,-0.241176508,-0.484986891,-19
7.100534916,0.741277819,-0.715456427,1.688841058,4.650099155,3.552322703,0.470970638,-0.481062136,-19
7.10908103,0.790342537,-0.720230491,1.696178912,4.684305336,3.42883804,1.958815728,-0.464738672,-19
7.11746192,0.83938331,-0.725028292,1.703660974,4.769838913,3.365481954,0.785167224,-0.458195611,-19
7.126016855,0.888438704,-0.729922701,1.711307094,4.86650731,3.391701818,0.763709519,-0.451831365,-19
7.134152889,0.937340679,-0.734871166,1.719218263,4.820022306,3.382893982,0.499213922,-0.447671249,-19
7.142893076,0.986237784,-0.739820829,1.727324302,4.757187033,3.373490639,-0.673352547,-0.453282521,-19
7.151599884,1.035041994,-0.744860561,1.735585277,4.806478065,3.358824105,0.780171043,-0.446781095,-19
7.1591959,1.083891537,-0.7498545,1.744005145,4.795012915,3.371748286,-0.140016118,-0.447947896,-19
7.167327881,1.132645667,-0.754989425,1.752625078,4.796200875,3.339427912,0.661465462,-0.442435684,-19
7.175706863,1.181362885,-0.760029342,1.761329385,4.807807471,3.315414218,1.327401614,-0.431374004,-19
7.184697866,1.230104772,-0.765090963,1.770168951,4.330175107,-1.666504293,97.59207282,0.381893269,19
7.192547083,1.278759092,-0.770262086,1.779249926,5.696314945,-1.321636079,1.365483191,0.393272296,7.17271197
7.200627089,1.327281178,-0.775502158,1.788363379,5.665722273,-1.334139943,1.168032311,0.403005899,6.838863128
7.209018946,1.375902577,-0.780679963,1.79750636,5.664210198,-1.315336451,1.444377118,0.415042375,9.743498906
7.217339039,1.424536068,-0.785779082,1.806541315,5.613447223,-1.470060663,1.034067764,0.423659606,8.048346422
7.226109028,1.47305455,-0.791104081,1.815891172,5.618748949,-1.442767858,1.235914618,0.433958895,10.25059534
7.233779907,1.521590578,-0.796314295,1.825014228,5.605653508,-1.474012158,1.228891456,0.444199657,11.16024341
7.242400885,1.570090371,-0.801697331,1.834315485,5.591345477,-1.513944202,1.221796921,0.454381298,12.07584004
7.250588894,1.618662445,-0.807013321,1.843422812,5.574553999,-1.51165414,1.408952359,0.466122567,14.44879561
7.25921607,1.667202515,-0.812309445,1.852504328,5.551770857,-1.589954323,1.138185835,0.475607449,13.57197796
7.267152071,1.715592634,-0.817818253,1.861774131,5.949740477,4.493964682,-84.48872019,-0.228465219,-19
7.276875019,1.764138197,-0.823084823,1.870563862,5.511339748,-1.47455033,87.3887396,0.499774278,19
7.284008026,1.812554768,-0.82852723,1.879401605,5.474021255,-1.62854713,0.96640086,0.507827618,15.61386351
7.293092012,1.860949372,-0.834154859,1.888283824,5.46267523,-1.636483543,0.912373722,0.515430733,15.95885307
7.300868988,1.912420567,-0.840213472,1.895353323,5.287351874,2.256995093,-85.24653853,-0.194957089,-19
7.309078932,1.961126617,-0.84573112,1.903871522,5.199089317,2.359840757,0.933137103,-0.187180946,-19
7.317326069,2.009302694,-0.851208676,1.912008908,5.203261135,2.378393871,0.957322137,-0.179203262,-19
7.325734854,2.05755599,-0.85672341,1.920268199,5.19916538,2.354079328,0.711201803,-0.17327658,-19
7.334095001,2.105606537,-0.862273605,1.928580278,5.205204592,2.337769484,0.720148807,-0.16727534,-19
7.342412949,2.153308621,-0.86794049,1.936627911,5.207919318,2.351031195,0.187191853,-0.165715408,-19
7.350787878,2.201362751,-0.874013972,1.944198695,5.442176119,-1.373530736,82.28794696,0.520017484,19
7.359102011,2.250187855,-0.879693535,1.951920001,5.214213546,-2.032363456,1.265444338,0.530562853,19
7.367464066,2.298599441,-0.885356207,1.959945873,5.513759238,-1.467926909,-1.345471662,0.519350589,0.447734375
7.375818014,2.346550236,-0.890983859,1.967858829,5.550699072,-1.375075486,-1.679978871,0.505350765,-3.291500877
7.384124994,2.394766204,-0.89656499,1.975795665,5.570928204,-1.291218299,-1.986404865,0.488797391,-6.944451849
7.392374039,2.442951931,-0.902176099,1.983814694,5.592753661,-1.200819744,-2.371933053,0.469031283,-11.42177538
7.400614023,2.490986356,-0.907773046,1.991851569,5.618771433,-1.099177102,-2.638724998,0.447041908,-15.30515667
7.409064054,2.538933132,-0.913298731,2.00019706,4.240706277,-1.911657621,-6.253187233,0.394932014,-19
7.417392969,2.577593982,-0.902807422,2.000757981,5.690278803,-0.710567827,-2.350273168,0.375346404,-19
7.425651073,2.625660035,-0.90821446,2.008775975,5.706259626,-0.651915672,-2.305903926,0.356130538,-19
7.434068918,2.67345212,-0.913805475,2.017065603,5.69875774,-0.59392764,-2.162229576,0.338111958,-19
7.442215919,2.721066252,-0.919623298,2.026068176,5.700474322,-0.546245072,-2.173500996,0.31999945,-19
7.45084095,2.768745472,-0.924911017,2.034131431,5.695153434,-0.506884815,-1.969801077,0.303584441,-19
7.459045887,2.816283575,-0.930660472,2.042910246,5.6810093,-0.49361158,-1.647426808,0.289855884,-19
7.467391968,2.863742637,-0.936635947,2.05189342,5.676230983,-0.484796141,-1.504459281,0.277318724,-19
7.475624084,2.911146695,-0.942329619,2.061007998,5.645469043,-0.505041718,-1.474667473,0.265029828,-19
7.483880997,2.958306893,-0.948169231,2.070632678,5.682799491,-0.460185029,-1.254142169,0.254578643,-19
7.492411852,3.005503661,-0.95364755,2.080037211,5.670117313,-0.493538593,-1.158643795,0.244923278,-19
7.500654936,3.06227819,-0.977161397,2.105284505,5.661914641,-0.492223795,-1.000217883,0.236588129,-19
7.508792877,3.108477331,-0.9831038,2.116509388,5.653260191,-0.545150046,-1.059553065,0.227758521,-19
7.517322063,3.154936882,-0.989096964,2.126833377,5.674994541,-0.519694778,-0.627544026,0.222528987,-19
7.525631905,3.201266929,-0.995108385,2.137406152,5.65287246,-0.585751623,-0.659008998,0.217037245,-19
7.533949852,3.248137123,-1.00100587,2.147322396,5.628060219,-0.658380285,-0.748890557,0.210796491,-19
7.542896032,3.294365605,-1.007105739,2.158581756,5.647224398,-0.637361914,-0.099914879,0.209963867,-18.26579081
7.550719976,3.34056456,-1.013616215,2.170355487,5.621532039,-0.72529599,-0.190226759,0.208378644,-18.81708949
7.55894804,3.38662437,-1.019994154,2.182209113,5.615077273,-0.768091441,0.365602378,0.21142533,-14.69899307
7.567372084,3.43263921,-1.026321801,2.194196542,5.603939603,-0.836948568,0.462295349,0.215277791,-13.61328986
7.576189995,3.478675838,-1.032804772,2.206361006,5.58581137,-0.924090122,0.586838184,0.22016811,-12.19779238
7.584801912,3.523719825,-1.038664854,2.218962901,5.585473587,-0.954307806,0.808859772,0.226908608,-10.09645728
7.592360973,3.569768077,-1.063486946,2.226342331,5.549256844,-1.100904029,0.943491556,0.234771037,-8.222167447
7.60125494,3.615728748,-1.070051694,2.238527339,6.993503225,-1.010243008,9.551512711,0.314366977,19
7.609698057,3.661750262,-1.076822042,2.250893803,5.454747611,-1.566305417,1.299448696,0.325195716,2.61894631
7.617361069,3.707790868,-1.083694766,2.263192933,5.524521908,-1.609967485,1.101334485,0.334373503,1.615942186
7.625771046,3.753887289,-1.090599369,2.275333856,5.399202955,-1.71301676,1.281336444,0.345051307,4.579099532
7.634124994,3.800068857,-1.097579557,2.287315808,5.579416598,-1.716815531,1.261272722,0.355561913,4.194168167
7.642399073,3.838816938,-1.074817923,2.286208216,5.479807963,-1.757287748,0.576264819,0.36036412,0.556298369
7.65062499,3.885105405,-1.081733425,2.298082618,5.314249424,-1.920894778,1.951637581,0.376627766,12.44666461
7.659111023,3.931567897,-1.088700964,2.30956994,6.012361453,-1.441212009,-7.068012512,0.317727662,-19
7.667430878,3.978010553,-1.095858876,2.320653392,5.428127483,-1.589870148,1.588423603,0.330964525,5.259001732
7.675917864,4.024534913,-1.102828653,2.331275561,5.403270812,-1.6780654,1.103416213,0.34015966,2.90951034
7.684115887,4.071086994,-1.109800019,2.341432384,5.454914874,-1.642983354,1.651195238,0.353919621,7.474583182
7.692550898,4.117629557,-1.116773197,2.351021485,5.392552152,-1.725349374,1.095146093,0.363045838,4.866702961
7.700912952,4.16423027,-1.12385649,2.360086089,5.597932748,-1.701187771,0.549608226,0.367625907,0.217416865
7.70963788,4.210735648,-1.130949187,2.368347382,5.353203091,-1.736368873,0.879035623,0.374951204,4.642384522
7.717567921,4.257531747,-1.138128696,2.376562298,5.372050978,-1.76103863,0.565804538,0.379666241,2.788448087
7.725993872,4.304369848,-1.145277093,2.384029726,5.404505826,-1.740114822,0.434409716,0.383286322,1.980883896
7.734138012,4.351199544,-1.152449942,2.391101127,5.3631689,-1.727494194,0.24253245,0.385307426,1.092852317
7.742613077,4.39811918,-1.159690306,2.397312823,5.394537681,-1.67674112,0.16966909,0.386721335,0.493914677
7.751126051,4.445200497,-1.167287819,2.403525936,5.403341705,-1.645230485,-0.099376969,0.385893194,-1.485452281
7.759599924,4.492253736,-1.174540085,2.408903142,5.432312925,-1.55343237,0.320159028,0.388561186,1.386905771
7.767864943,4.539264065,-1.182026418,2.413351492,5.562058615,-1.599520599,-0.730524346,0.382473483,-7.109359413
7.775807858,4.586397768,-1.189049595,2.41796529,5.424697863,-1.484172629,0.023662499,0.38267067,-1.119368428
7.784060955,4.633480849,-1.196040507,2.421743141,5.505117243,-1.47931514,-0.511616103,0.378407203,-5.648058827
7.792860031,4.68057445,-1.204313758,2.425304446,5.558290675,-1.502718414,-1.224766529,0.368200815,-11.70994312
7.801126957,4.727685886,-1.211663298,2.428466759,5.561652945,-1.369896106,-0.708171761,0.362299384,-8.751421318
7.809195995,4.774792465,-1.219189785,2.431117781,5.445113928,-1.275872615,-0.192186424,0.36069783,-4.664054244
7.817921877,4.821934012,-1.226176439,2.433840269,5.603593821,-1.260751414,-0.708716628,0.354791858,-9.698246502
7.826052904,4.869043347,-1.235125581,2.435674988,5.507336006,-1.304428489,-1.213773087,0.344677083,-13.37991555
7.834446907,4.927069594,-1.275257337,2.44568965,5.614712576,-1.107358079,-0.215375348,0.342882288,-7.462111106
7.84279108,4.974313595,-1.283144742,2.447844217,5.549528254,-1.101586668,0.248202275,0.34495064,-3.709115724
7.851090908,5.022204489,-1.291454589,2.450279402,5.545362698,-1.217742387,-0.287891269,0.342551546,-7.501679039
7.859353065,5.069374347,-1.299284237,2.452064443,5.538012284,-1.270188651,-1.969774777,0.326136757,-19
7.867634058,5.117941704,-1.308192328,2.454838279,5.537363886,-1.075137553,-0.469738316,0.322222271,-10.46809004
7.87597394,5.165837351,-1.316974883,2.457237011,5.463584893,-1.084048769,0.107637383,0.323119249,-5.974690345
7.884204865,5.212906136,-1.325252667,2.4586391,5.63462662,-1.156843317,-0.396377038,0.319816107,-10.74499138
7.892653942,5.264253441,-1.310570622,2.462882752,5.598059121,-1.083186146,-0.786153536,0.313264827,-13.76477724
7.901159048,5.311338244,-1.318965754,2.465052021,5.689260245,-0.966067344,0.553644509,0.317878532,-4.835597475
7.909416914,5.35845105,-1.327599468,2.466892185,5.575069328,-1.128872498,-0.167257377,0.31648472,-9.095375667
7.917451859,5.405836448,-1.336533517,2.469803812,5.518590292,-1.218014053,-0.035908006,0.316185487,-7.827847797
7.92592907,5.452951236,-1.34523006,2.472321562,5.012492374,-1.487200374,9.327136233,0.393911622,19
7.934254885,5.501578781,-1.35502896,2.475858084,17.24007647,-3.250907651,-8.119862194,0.326246104,-19
7.942892075,5.548388759,-1.36370702,2.478731023,85.53604523,-28.34995111,14.60836999,0.44798252,-19
7.950726032,5.595406742,-1.372607938,2.481691909,5.392968136,-1.567706228,-0.215440306,0.446187184,2.825460722
7.959029913,5.642599324,-1.38167572,2.48508584,5.361121675,-1.654967563,0.761921569,0.452536531,10.28431614
7.967388868,5.689426203,-1.39066024,2.488543137,5.36011137,-1.663872362,0.869071791,0.459778796,11.63697409
7.97548008,5.736330734,-1.399776078,2.492556939,5.322010996,-1.733625248,0.825109245,0.466654706,12.18485792