Time,xPos,yPos,zPos,xVel,yVel,zVel,ptich,roll,yaw,pitchVel,rollVel,yawVel,elevAngle
0,-1.442608648,-0.128216607,1.339130336,-173.1130378,-15.3859929,160.6956403,-0.004416648,0.492035414,2.007214416,-0.529997815,59.04424972,240.8657299,-2.258008135
0.008633852,-1.441626063,-0.12831432,1.339289187,0.11791018,-0.011725455,0.019062081,-0.005284706,0.492678461,2.007762943,-0.104166951,0.077165599,0.06582332,-2.281990278
0.016649961,-1.440589486,-0.128468198,1.339425473,0.124389266,-0.018465359,0.016354291,-0.006617654,0.493165273,2.008539846,-0.159953766,0.058417401,0.093228279,-2.309999253
0.025469065,-1.439492541,-0.128663121,1.339560754,0.131633393,-0.02339085,0.016233782,-0.008494544,0.493631425,2.009763933,-0.225226749,0.055938312,0.146890535,-2.321824007
0.033089876,-1.438344759,-0.128906334,1.339698992,0.137733836,-0.029185548,0.01658854,-0.010301009,0.494309924,2.011056057,-0.216775752,0.081419847,0.155054839,-2.357862323
0.041512012,-1.437175665,-0.129172307,1.339862052,0.140291266,-0.03191676,0.019567246,-0.01224633,0.495115116,2.012625877,-0.233438525,0.096623026,0.188378362,-2.381366261
0.049666882,-1.43592065,-0.129461516,1.339983283,0.150601772,-0.034705096,0.014547694,-0.013930813,0.495881387,2.014121879,-0.202137996,0.091952485,0.179520317,-2.401575288
0.058125973,-1.434625055,-0.129780069,1.34010953,0.155471472,-0.038226348,0.015149625,-0.015567451,0.496492296,2.015589508,-0.196396507,0.073309127,0.176115464,-2.450494249
0.066400051,-1.433311094,-0.13009119,1.340230521,0.157675309,-0.037334465,0.014518969,-0.016985074,0.497013112,2.017034038,-0.170114869,0.062497916,0.173343611,-2.479697559
0.075351,-1.431958094,-0.130435123,1.340303156,0.16236004,-0.041271998,0.008716123,-0.018688135,0.497597203,2.018557113,-0.204367269,0.070090923,0.182769023,-2.513510674
0.083600998,-1.430603979,-0.130823188,1.340377445,0.1624937,-0.046567829,0.008914664,-0.019955444,0.498224479,2.019825309,-0.152077033,0.075273093,0.152183453,-2.536457649
0.091644049,-1.429245447,-0.131211742,1.340513845,0.16302391,-0.046626443,0.016367993,-0.021079664,0.499194978,2.02091107,-0.134906471,0.116459867,0.130291288,-2.556792878
0.100435019,-1.427878805,-0.131626369,1.340644243,0.163996975,-0.049755219,0.015647827,-0.021685926,0.499986156,2.021557612,-0.072751476,0.094941366,0.07758513,-2.588478354
0.108170033,-1.426535305,-0.132091385,1.340769731,0.161220094,-0.05580193,0.01505858,-0.022340033,0.500983802,2.022047503,-0.078492783,0.119717518,0.058786832,-2.619438458
0.116324902,-1.42520409,-0.132562201,1.340907275,0.159745737,-0.056497944,0.016505278,-0.022574961,0.501995338,2.022089315,-0.028191317,0.121384399,0.005017464,-2.661171965
0.124846935,-1.423887264,-0.133031677,1.341064808,0.15801918,-0.056337106,0.018903881,-0.022404291,0.50313288,2.021791545,0.020480338,0.136505023,-0.035732357,-2.666889043
0.133041859,-1.422572755,-0.133528247,1.341176299,0.157741034,-0.059588345,0.013378972,-0.02215492,0.503901657,2.021106192,0.029924566,0.092253234,-0.08224239,-2.702211162
0.14132905,-1.421275792,-0.134024972,1.341264022,0.155635556,-0.059607031,0.010526816,-0.021869577,0.504296964,2.020057758,0.034241188,0.047436784,-0.125812082,-2.717652688
0.149868011,-1.419992685,-0.134505411,1.341395712,0.153972795,-0.057652695,0.015802794,-0.020927912,0.504736845,2.018178566,0.112999757,0.05278575,-0.225503063,-2.731427703
0.158954859,-1.418774859,-0.134977612,1.341545062,0.146139141,-0.056664111,0.017921903,-0.020167585,0.505256424,2.016236935,0.091239194,0.062349455,-0.232995671,-2.766790167
0.166532993,-1.417549206,-0.135433116,1.341638547,0.147078332,-0.054660501,0.011218193,-0.01890657,0.505371905,2.01352755,0.151321882,0.013857733,-0.325126172,-2.784495762
0.175045013,-1.416351306,-0.135896894,1.341764698,0.143748012,-0.055653303,0.015138151,-0.01725313,0.505752969,2.010201751,0.198412799,0.045727725,-0.399095893,-2.799550211
0.183346987,-1.415200622,-0.136339447,1.341868193,0.138082155,-0.05310644,0.012419449,-0.016173012,0.505793584,2.006763755,0.12961406,0.004873823,-0.412559573,-2.833488949
0.191879988,-1.414029495,-0.13678163,1.341995182,0.140535256,-0.053061936,0.015238693,-0.013997464,0.505973784,2.002241023,0.261065781,0.021624009,-0.542727783,-2.837421986
0.200268984,-1.412929981,-0.137209286,1.342109249,0.131941626,-0.051318728,0.01368795,-0.01194474,0.505923851,1.997459911,0.246326947,-0.005991962,-0.573733469,-2.84873747
0.207954884,-1.411849368,-0.137656442,1.342272373,0.129673543,-0.053658696,0.019574986,-0.009339234,0.505884946,1.991868316,0.31266064,-0.004668621,-0.670991363,-2.875622455
0.21694088,-1.410786654,-0.13808308,1.342494962,0.127525698,-0.051196554,0.026710578,-0.006001404,0.506117071,1.985452879,0.400539663,0.027854924,-0.769852518,-2.894544955
0.224572897,-1.409769097,-0.138508897,1.342704795,0.12210686,-0.051098096,0.025179995,-0.003091026,0.505842305,1.978810485,0.349245393,-0.032971838,-0.797087247,-2.910747847
0.233046055,-1.408766968,-0.13893612,1.342961857,0.120255451,-0.051266732,0.030847412,0.000302271,0.50595369,1.971664555,0.407195576,0.013366204,-0.857511633,-2.928549218
0.24119091,-1.407795605,-0.139294761,1.343220945,0.116563546,-0.043036949,0.031090564,0.003881082,0.50516921,1.964188766,0.429457276,-0.094137584,-0.89709461,-2.935524763
1.508332014,-1.454554466,-0.128557867,1.416641135,-0.126606711,0.054272506,0.020132434,0.052220535,0.082863218,1.540651568,0.010159344,-0.196669581,-0.305878709,-2.953660192
1.516952038,-1.455636293,-0.128090521,1.416893364,-0.129819179,0.056081581,0.030267508,0.05268792,0.081464558,1.5380534,0.05608611,-0.16783923,-0.311780124,-2.958202883
1.525055885,-1.456723841,-0.127612714,1.417133011,-0.130505814,0.057336863,0.028757548,0.053226733,0.079932971,1.53569243,0.064657554,-0.183790435,-0.283316396,-2.972512914
1.534095049,-1.457807795,-0.127131862,1.417383869,-0.13007444,0.05770216,0.030102958,0.054009998,0.078402125,1.533498326,0.093991853,-0.183701476,-0.263292461,-2.981583932
1.542351007,-1.458892782,-0.126672424,1.417595163,-0.130198477,0.055132648,0.025355291,0.054634495,0.076685556,1.531416207,0.074939662,-0.205988262,-0.249854294,-2.986697887
1.550143003,-1.459967917,-0.126215433,1.417775437,-0.129016214,0.054838821,0.021632892,0.055092612,0.074753787,1.529563851,0.054973962,-0.231812338,-0.222282805,-2.992277517
1.558595896,-1.461000757,-0.125762579,1.417982436,-0.123940818,0.054342529,0.024839905,0.055719354,0.072970944,1.527928524,0.075209119,-0.213941138,-0.196239213,-2.997424448
1.566720963,-1.462014117,-0.125321053,1.418192828,-0.121603106,0.05298315,0.025247032,0.056271956,0.071337458,1.526310485,0.066312192,-0.196018301,-0.194164676,-2.992904374
1.5751369,-1.463009872,-0.12487265,1.418442659,-0.119490694,0.053808388,0.029979685,0.056951803,0.070094653,1.524959909,0.081581689,-0.149136666,-0.162069066,-3.000105846
1.582985878,-1.464004146,-0.124459663,1.418596212,-0.119312828,0.04955834,0.018426376,0.05718168,0.068774585,1.523891876,0.027585188,-0.158408105,-0.128164011,-2.993296461
1.591654062,-1.464950391,-0.124059382,1.418804224,-0.113549416,0.048033754,0.024961485,0.057748753,0.067850178,1.522733737,0.068048739,-0.110928844,-0.138976705,-2.986756602
1.600878954,-1.465898643,-0.123654921,1.418976399,-0.113790195,0.048535366,0.020660949,0.05834606,0.06694751,1.521804617,0.071676916,-0.108320186,-0.111494374,-2.988136008
1.608366013,-1.46681388,-0.123269049,1.419117804,-0.109828528,0.04630464,0.016968668,0.058838335,0.065923468,1.521041184,0.059072989,-0.122885009,-0.091611917,-2.984965954
1.616716862,-1.467716866,-0.122879376,1.419317768,-0.10835824,0.046760734,0.023995698,0.059752785,0.065160476,1.520637449,0.109734011,-0.091558995,-0.048448227,-2.967579381
1.624930859,-1.468580691,-0.122474167,1.419496887,-0.103659021,0.048625132,0.021494221,0.060845699,0.064401755,1.520452104,0.131149677,-0.091046511,-0.022241442,-2.956863625
1.633254051,-1.46939877,-0.122072821,1.419639518,-0.098169541,0.048161438,0.017115696,0.061720365,0.063595267,1.52039095,0.104959833,-0.096778676,-0.007338433,-2.946879667
1.641964912,-1.470186778,-0.121652393,1.419833035,-0.094560889,0.050451377,0.02322205,0.062963887,0.063149715,1.52043141,0.149222693,-0.053466126,0.004855149,-2.937946291
1.650449991,-1.470908401,-0.12125214,1.419944585,-0.086594723,0.048030398,0.013386047,0.063718447,0.062997023,1.520677847,0.090547245,-0.018323133,0.029572458,-2.937587124
1.658582926,-1.47160554,-0.120873902,1.42003383,-0.083656759,0.045388537,0.010709426,0.064229425,0.063045202,1.520890676,0.061317311,0.005781503,0.025539497,-2.933012774
1.666561842,-1.472262075,-0.120450987,1.420168245,-0.07878412,0.050749839,0.01612978,0.064881802,0.063583227,1.52121975,0.078285289,0.064563016,0.03948892,-2.927289789
1.675268888,-1.472854536,-0.120030285,1.42031078,-0.071095418,0.0504842,0.017104151,0.065684719,0.064232974,1.52151479,0.096350039,0.077969644,0.035404799,-2.93418223
1.684118986,-1.473409736,-0.119642153,1.420433961,-0.066624007,0.046575893,0.014781773,0.066256583,0.065075769,1.521756559,0.068623664,0.10113534,0.029012243,-2.921593421
1.691549063,-1.473950052,-0.119265215,1.420554519,-0.064837882,0.045232501,0.014466863,0.066734331,0.065986046,1.522335184,0.057329748,0.109233293,0.069434984,-2.904873649
1.699866056,-1.474423586,-0.118903179,1.420644548,-0.05682401,0.043444341,0.010803523,0.067037065,0.066778634,1.522745283,0.036328045,0.095110572,0.049211887,-2.903201838
1.708312035,-1.474923698,-0.118525733,1.420750164,-0.060013469,0.045293536,0.012673897,0.067402948,0.067600836,1.523170448,0.043906,0.098664198,0.05101978,-2.891350099
1.716640949,-1.475386546,-0.118131166,1.420823742,-0.055541838,0.047347965,0.008829356,0.067611735,0.06841761,1.523674034,0.025054374,0.098012857,0.060430356,-2.876795605
1.725188017,-1.475813307,-0.117726431,1.420932824,-0.051211295,0.048568222,0.013089914,0.068406205,0.069382586,1.524115438,0.095336459,0.115797135,0.052968512,-2.869174476
1.733533859,-1.476221237,-0.117358381,1.421016174,-0.04895163,0.044166026,0.010001959,0.069017502,0.070342297,1.524611393,0.073355679,0.115165418,0.059514511,-2.861096001
1.741667986,-1.476595089,-0.116973424,1.421073452,-0.044862206,0.046194817,0.006873341,0.069421361,0.07127973,1.525219596,0.048462981,0.112491942,0.072984375,-2.852073482
1.75,-1.476938748,-0.116602274,1.421129825,-0.041239016,0.044538005,0.006764777,0.06996634,0.072202999,1.525816592,0.06539748,0.11079218,0.071639507,-2.85533467
1.758309841,-1.477284151,-0.116229418,1.421176391,-0.041448395,0.044742752,0.005587923,0.070513629,0.073060162,1.526507911,0.065674767,0.102859613,0.08295834,-2.856286287
1.766823053,-1.477577629,-0.115840569,1.421193366,-0.035217342,0.046661881,0.002036949,0.071056951,0.073718973,1.527203773,0.065198555,0.079057353,0.083503441,-2.848656946
1.775002956,-1.477852908,-0.115482385,1.421217318,-0.033033519,0.042982031,0.002874355,0.071494037,0.074412883,1.52794476,0.052450366,0.083269151,0.088918408,-2.847730557
1.783171892,-1.478112011,-0.11513067,1.42120938,-0.031092324,0.042205768,-0.00095256,0.071852103,0.074973187,1.528707928,0.042967876,0.067236535,0.091580149,-2.844776845
1.792062998,-1.478349065,-0.11474684,1.421185384,-0.028446557,0.046059659,-0.002879554,0.072202482,0.075563473,1.529576339,0.042045533,0.070834282,0.104209312,-2.843377391
1.799648046,-1.478580258,-0.114380109,1.421171396,-0.027743091,0.044007673,-0.001678641,0.072537581,0.076174784,1.530381277,0.040211822,0.073357335,0.096592557,-2.847159519
1.808315992,-1.4788125,-0.114022925,1.421156665,-0.027869054,0.042862154,-0.001767628,0.072999899,0.076822884,1.531237933,0.055478167,0.077771929,0.102798726,-2.849071205
1.81691885,-1.478999671,-0.113659039,1.421096212,-0.022460468,0.043666238,-0.007254431,0.073365137,0.077306226,1.532140925,0.043828638,0.058001099,0.108359025,-2.85776453
1.825612068,-1.479188387,-0.113310748,1.421039092,-0.022645938,0.041795003,-0.006854309,0.0740631,0.077741358,1.533033159,0.083755485,0.052215882,0.107068138,-2.864741215
1.833884954,-1.479336427,-0.112963798,1.420968062,-0.017764883,0.041633973,-0.008523654,0.074615883,0.078215214,1.533863338,0.066334021,0.056862693,0.099621505,-2.866950261
1.841464043,-1.479442928,-0.112625851,1.420889679,-0.012780064,0.040553675,-0.009405931,0.074964921,0.078729266,1.534636388,0.041884588,0.061686191,0.092765991,-2.888308327
1.850273848,-1.479563593,-0.112312616,1.420849029,-0.014479806,0.037588202,-0.004877977,0.075659845,0.079354587,1.535403371,0.083390837,0.075038599,0.092037946,-2.894947405
1.858304977,-1.479640581,-0.11199445,1.420805167,-0.009238536,0.038179889,-0.005263498,0.076256726,0.080023861,1.536200222,0.071625649,0.080312838,0.095622048,-2.912290681
1.866704941,-1.47968438,-0.111689567,1.420753962,-0.005255911,0.036585923,-0.006144601,0.076699015,0.080614315,1.536992785,0.053074771,0.070854452,0.095107662,-2.930061785
1.875159025,-1.479722835,-0.111404743,1.42074462,-0.004614569,0.03417887,-0.001121066,0.077325533,0.081355397,1.537760447,0.075182107,0.088929825,0.092119436,-2.944501116
1.883261919,-1.479705854,-0.111086685,1.420704741,0.002037728,0.038166996,-0.004785435,0.077973239,0.081984664,1.538650093,0.07772472,0.075512057,0.106757456,-2.968442145
1.891950846,-1.479650854,-0.110776815,1.420621816,0.006599947,0.037184454,-0.009950971,0.078350631,0.082504317,1.539563199,0.045287096,0.062358352,0.109572799,-2.981984309
1.900508881,-1.479567117,-0.110464281,1.420551374,0.010048439,0.037504036,-0.008453139,0.078408432,0.083211664,1.540461482,0.006936119,0.084881676,0.107793847,-3.00203489
1.908931971,-1.479433928,-0.110141338,1.420471582,0.015982719,0.038753167,-0.009575023,0.078330473,0.083986105,1.54146088,-0.009355159,0.092932967,0.119927848,-3.016566653
1.916689873,-1.479271245,-0.109859376,1.420389798,0.019521926,0.033835428,-0.009814072,0.078418115,0.084819472,1.542647259,0.010517097,0.100004007,0.142365413,-3.025888426
1.924880981,-1.479075411,-0.109572286,1.420308134,0.023500048,0.034450801,-0.009799645,0.078241253,0.085699066,1.543699234,-0.021223407,0.105551272,0.126237065,-3.038277945
1.933114052,-1.478849239,-0.109303726,1.420234315,0.027140739,0.032227165,-0.008858309,0.077995666,0.086765299,1.544707814,-0.029470433,0.127947893,0.121029594,-3.0514631
1.942527056,-1.478580745,-0.109066467,1.420154144,0.032219264,0.028471067,-0.009620446,0.077423967,0.087767655,1.545896543,-0.068603992,0.120282766,0.142647472,-3.064888274
1.950150013,-1.478286417,-0.108816303,1.420120731,0.035319388,0.030019719,-0.004009578,0.076954529,0.088716009,1.546855154,-0.05633255,0.113802451,0.115033302,-3.074027848
1.958415985,-1.47794224,-0.108578732,1.420114067,0.041301159,0.028508526,-0.000799649,0.076649446,0.089596872,1.547890741,-0.036609857,0.105703542,0.124270474,-3.090492052
1.966708899,-1.477618984,-0.108402494,1.420082009,0.038790697,0.021148563,-0.00384702,0.076141499,0.090370706,1.548978355,-0.060953672,0.092860192,0.130513605,-3.100650912
1.974851847,-1.477258878,-0.108208379,1.420062649,0.04321277,0.023293828,-0.002323141,0.075591239,0.090823778,1.549937549,-0.066031256,0.054368621,0.115103294,-3.106544788
1.983530998,-1.476879516,-0.108038745,1.420039878,0.045523395,0.020356008,-0.002732537,0.074861748,0.091198286,1.551168201,-0.087538885,0.044940937,0.14767832,-3.11901531
1.992548943,-1.476506362,-0.107881787,1.420029596,0.044778461,0.018834947,-0.001233932,0.074234031,0.091314299,1.552221458,-0.07532604,0.013921572,0.126390757,-3.115029696
2.000956059,-1.476125848,-0.107735508,1.420042712,0.045661739,0.017553589,0.001573925,0.073740273,0.091463632,1.553404714,-0.059251005,0.017919927,0.141990697,-3.114187073
2.008518934,-1.475717764,-0.107585817,1.420053957,0.04897008,0.017962832,0.001349438,0.073066715,0.091426891,1.554443989,-0.080826889,-0.004408893,0.124713019,-3.125794773
2.016403913,-1.475322562,-0.107449832,1.420086377,0.047424261,0.016318271,0.003890411,0.072349339,0.091205817,1.555486076,-0.086085168,-0.026528887,0.125050456,-3.132156091
2.025066853,-1.474943582,-0.107352301,1.420141426,0.045477538,0.011703731,0.006605869,0.071943212,0.091027671,1.556483566,-0.04873525,-0.021377586,0.119698828,-3.13531167
2.03429389,-1.474572155,-0.107239037,1.420183127,0.044571275,0.0135916,0.005004178,0.071498581,0.09044562,1.557464209,-0.053355715,-0.069846055,0.11767711,-3.13441126
2.041635036,-1.474236589,-0.107141161,1.420270722,0.040267921,0.011745184,0.010511334,0.071118498,0.089891162,1.558304109,-0.045609904,-0.066534965,0.100788098,-3.133609065
2.049963951,-1.473878294,-0.1070485,1.420348725,0.042995394,0.011119326,0.009360358,0.070750326,0.089125234,1.559152969,-0.044180689,-0.091911356,0.101863168,-3.139723626
2.058197021,-1.473510126,-0.106980995,1.420457998,0.044180155,0.008100595,0.013112826,0.070633626,0.088272193,1.559946243,-0.014004016,-0.10236489,0.095192842,-3.140643538
2.067456007,-1.473177358,-0.106913039,1.420578494,0.039932216,0.008154704,0.014459504,0.070619333,0.087344131,1.560602647,-0.001715181,-0.111367541,0.078768524,-3.141762768
2.07514286,-1.472821448,-0.10683936,1.420695173,0.042709214,0.008841484,0.014001395,0.070585167,0.086358793,1.561349027,-0.004099856,-0.118240523,0.089565512,-3.145810744
2.083689928,-1.472433721,-0.106739782,1.42083672,0.046527198,0.011949326,0.016985727,0.070556065,0.085466695,1.56200503,-0.003492291,-0.107051772,0.078720451,-3.151408765
2.091697931,-1.472074638,-0.1066672,1.420957303,0.043089938,0.008709815,0.014469956,0.07039783,0.084477969,1.562805828,-0.018988131,-0.118647099,0.096095776,-3.147530651
2.100730896,-1.471689445,-0.106593956,1.421093197,0.046223184,0.008789349,0.016307251,0.070295337,0.083759869,1.56349089,-0.012299157,-0.086172034,0.082207405,-3.149199296
2.108228922,-1.471304912,-0.106539634,1.421217864,0.046143993,0.006518558,0.014960096,0.070140266,0.083010512,1.564169342,-0.018608502,-0.089922845,0.081414238,-3.165508847
2.117069006,-1.470930698,-0.106500474,1.421313688,0.044905606,0.004699218,0.011498809,0.069742181,0.082305745,1.564839748,-0.047770258,-0.08457204,0.080448731,-3.168870586
2.125941038,-1.470542496,-0.106437994,1.42139964,0.046584249,0.007497692,0.01031427,0.069032141,0.081692916,1.565525446,-0.085204765,-0.073539453,0.082283753,-3.165807405
2.133383989,-1.470173025,-0.10639062,1.421495701,0.044336519,0.005684857,0.011527295,0.068379432,0.081187471,1.566124316,-0.078325122,-0.060653411,0.071864412,-3.174494701
2.14178586,-1.469821523,-0.106348036,1.421593746,0.042180237,0.005110086,0.011765468,0.0676592,0.08075409,1.566709532,-0.086427812,-0.052005709,0.070225861,-3.170048031
2.149931908,-1.469442063,-0.106313691,1.421688928,0.045535184,0.004121388,0.011421825,0.066985809,0.080299858,1.567303963,-0.08080688,-0.054507817,0.071331737,-3.17384613
2.15830493,-1.469078359,-0.106275072,1.421799084,0.043644506,0.004634222,0.013218681,0.066353619,0.079986624,1.567769164,-0.075862798,-0.037588098,0.055824117,-3.18228002
2.166857958,-1.468727043,-0.10626008,1.421900269,0.042157963,0.001799118,0.012142139,0.065726234,0.079566167,1.568241815,-0.0752862,-0.050454802,0.056718147,-3.185876198
2.175104856,-1.468367178,-0.106216949,1.421988894,0.043183714,0.005175706,0.010635023,0.06519543,0.079053148,1.568747256,-0.063696563,-0.061562357,0.060652867,-3.179676646
2.183443069,-1.46801834,-0.106181035,1.422085522,0.041860648,0.004309627,0.011595375,0.064759635,0.07866252,1.569091113,-0.052295339,-0.046875248,0.041262943,-3.193479799
2.191668987,-1.46767944,-0.106161377,1.422132091,0.04066797,0.002359008,0.005588288,0.064156798,0.078068295,1.56964362,-0.072340424,-0.071307034,0.066300758,-3.191497276
2.200505972,-1.467313962,-0.106107917,1.422162881,0.043857366,0.006415158,0.003694799,0.063504722,0.07753521,1.570024763,-0.078249207,-0.063970161,0.045737174,-3.197498311
2.208337069,-1.466995016,-0.10605661,1.422218023,0.038273563,0.006156832,0.006617092,0.062923745,0.077146179,1.570439299,-0.06971726,-0.046683756,0.049744333,-3.205166411
2.217002869,-1.466685907,-0.106007081,1.422267617,0.037093017,0.005943478,0.005951185,0.062191331,0.076747911,1.570947717,-0.087889621,-0.047792228,0.061010146,-3.207008444
2.225697994,-1.466379028,-0.105967739,1.422322305,0.036825541,0.004721079,0.006562601,0.061721377,0.076504821,1.571442404,-0.056394442,-0.029170705,0.059362416,-3.220733448
2.233293056,-1.466090365,-0.105921105,1.42235205,0.034639521,0.005596071,0.003569438,0.061132863,0.07604471,1.571883337,-0.070621765,-0.055213323,0.052912003,-3.213021713
2.241596937,-1.465815601,-0.105865331,1.42237787,0.032971693,0.00669285,0.003098397,0.060704948,0.075562104,1.572375427,-0.051349734,-0.05791276,0.059050793,-3.225027415
2.251206875,-1.465557767,-0.105814502,1.422417436,0.030940089,0.006099469,0.004747868,0.060403578,0.075138462,1.572897113,-0.03616443,-0.050837038,0.062602263,-3.248070245
2.258607864,-1.465338084,-0.105773312,1.422446271,0.026361885,0.004942877,0.0034602,0.060139435,0.074656537,1.573525892,-0.031697212,-0.057831037,0.075453566,-3.245867495
2.266820908,-1.465112793,-0.105710709,1.42246724,0.027035005,0.007512269,0.00251629,0.059812569,0.074227508,1.574218277,-0.039223918,-0.051483472,0.083086196,-3.246828747
2.275102854,-1.464896163,-0.105658101,1.422500032,0.02599552,0.006313065,0.003935064,0.059665764,0.073946623,1.574921857,-0.017616528,-0.033706179,0.084429602,-3.25058004
2.284031868,-1.464689627,-0.105590594,1.422540481,0.024784399,0.008100839,0.004853885,0.059623772,0.073688108,1.575648048,-0.005039065,-0.031021805,0.087142931,-3.259202727
2.29184103,-1.464478265,-0.105535151,1.422558145,0.025363345,0.006653127,0.002119616,0.059628537,0.073467936,1.57636816,0.000571861,-0.026420671,0.086413458,-3.255453938
2.301161051,-1.464294362,-0.105481394,1.422587414,0.022068432,0.00645085,0.00351233,0.060024904,0.073409001,1.57730146,0.04756401,-0.007072171,0.111995925,-3.260097895
2.308594942,-1.464130516,-0.105460036,1.422635059,0.019661499,0.002562921,0.005717392,0.060120109,0.073499678,1.578349332,0.011424607,0.010881202,0.125744663,-3.251438481
2.317415953,-1.46396793,-0.105435321,1.422668771,0.019510345,0.002965805,0.004045428,0.060081643,0.073412915,1.579341979,-0.004615967,-0.010411497,0.119117644,-3.2394505
2.324898005,-1.463847721,-0.10540111,1.42268751,0.01442502,0.004105306,0.002248673,0.060243473,0.073172993,1.580346889,0.019419635,-0.028790675,0.120589153,-3.232046281
2.333554029,-1.463743298,-0.105416249,1.422712004,0.012530852,-0.001816723,0.00293936,0.060169569,0.07306442,1.581747292,-0.008868439,-0.01302875,0.168048346,-3.219305791
2.342423916,-1.463643331,-0.105386001,1.422723723,0.011995933,0.003629766,0.001406279,0.060301269,0.072767464,1.583247929,0.015803927,-0.03563477,0.180076475,-3.197065088
2.350898981,-1.463571656,-0.105334827,1.422753415,0.008601059,0.006140915,0.003563004,0.060805892,0.072585898,1.58467258,0.060554724,-0.021787874,0.170958094,-3.162170491
2.359309912,-1.463485162,-0.105278647,1.422789027,0.010379312,0.006741638,0.004273435,0.061208449,0.07267331,1.586237844,0.048306902,0.010489469,0.18783175,-3.140606762
2.366828918,-1.463379495,-0.105238577,1.422824576,0.01268003,0.004808383,0.004265819,0.061726315,0.072969346,1.588129321,0.062143939,0.035524307,0.226977259,-3.11408337
2.374891043,-1.463291575,-0.105171613,1.422825038,0.010550415,0.008035698,5.55E-05,0.062211873,0.073174605,1.589764896,0.058266976,0.024631089,0.196268927,-3.063747941
2.383610964,-1.463160747,-0.105054171,1.422858727,0.015699364,0.014093057,0.004042753,0.062607442,0.073631104,1.591594613,0.047468231,0.054779924,0.219566073,-3.035268725
2.391705036,-1.462995045,-0.104988915,1.422879446,0.019884158,0.007830669,0.002486278,0.06313264,0.074186546,1.59336624,0.063023804,0.066652929,0.212595217,-2.989807167
2.400429964,-1.462822549,-0.104859341,1.422896642,0.020699599,0.015548885,0.002063451,0.06341271,0.07445045,1.595025857,0.033608329,0.031668576,0.199154069,-2.948690133
2.408360958,-1.462632373,-0.104718813,1.422927004,0.022821057,0.016863425,0.003643471,0.063675254,0.074859175,1.596686466,0.031505288,0.049046907,0.199273082,-2.904198236
2.416501045,-1.462423826,-0.104587178,1.422951156,0.025025633,0.015796155,0.002898288,0.063946454,0.075445561,1.598057269,0.032543984,0.070366325,0.164496334,-2.853499402
2.425225019,-1.462213232,-0.104479718,1.422994464,0.025271263,0.012895158,0.005196906,0.06401725,0.076222247,1.599382611,0.008495525,0.093202362,0.159041066,-2.794327558
2.433651924,-1.461964224,-0.104321825,1.422996552,0.029881052,0.01894724,0.000250588,0.06392024,0.076852442,1.600326426,-0.01164115,0.075623434,0.113257824,-2.712863769
2.441774845,-1.461713714,-0.104141164,1.423037155,0.030061187,0.021679259,0.004872362,0.063981159,0.077793968,1.601039602,0.007310257,0.112983051,0.08558112,-2.652837409
2.450330973,-1.461460391,-0.104015767,1.423128932,0.030398742,0.015047598,0.011013166,0.064137665,0.079130859,1.601833583,0.018780717,0.160426998,0.095277634,-2.589681723
2.458412886,-1.461177025,-0.103877353,1.423184572,0.034003872,0.016609694,0.006676861,0.064352239,0.080465311,1.602351921,0.025748909,0.160134245,0.062200661,-2.529782225
2.467248917,-1.460912192,-0.103746959,1.423223601,0.031779971,0.015647345,0.004683457,0.064652211,0.081644333,1.602663998,0.035996618,0.14148263,0.037449223,-2.491335203
2.475162029,-1.460618009,-0.103594078,1.423252149,0.035301998,0.018345744,0.003425771,0.064786693,0.082710697,1.602887947,0.016137814,0.127963634,0.026873855,-2.430071314
2.484003067,-1.460302553,-0.103448016,1.423291208,0.03785474,0.017527433,0.004687099,0.064845588,0.083620843,1.603190368,0.007067407,0.109217484,0.036290462,-2.368115352
2.492401838,-1.459996364,-0.103296669,1.423299858,0.03674264,0.018161579,0.001037999,0.064768439,0.0842605,1.603320977,-0.009257893,0.076758944,0.015673164,-2.3417226
2.500166893,-1.459698786,-0.103153933,1.423319462,0.035709303,0.017128334,0.002352395,0.064731036,0.084719873,1.603257327,-0.004488344,0.05512476,-0.00763805,-2.31504117
2.508368969,-1.459368159,-0.103013567,1.423301672,0.039675324,0.016843932,-0.002134754,0.064460076,0.084890591,1.603112417,-0.032515175,0.020486154,-0.017389157,-2.270338008
2.517138958,-1.459057911,-0.10292931,1.423254871,0.037229686,0.010110817,-0.005616072,0.064098877,0.08466005,1.602971581,-0.043343918,-0.027664942,-0.016900395,-2.236105457
2.525284052,-1.458731398,-0.102826287,1.423217016,0.039181575,0.012362824,-0.004542688,0.063968969,0.084174383,1.602627085,-0.015588962,-0.058280042,-0.041339428,-2.212605028
2.533458948,-1.458368795,-0.102687393,1.423157086,0.043512373,0.016667262,-0.007191587,0.063731355,0.083292836,1.602180085,-0.028513674,-0.105785708,-0.053640061,-2.204578908
2.542350054,-1.458032798,-0.10256357,1.423054975,0.040319696,0.01485876,-0.012253231,0.063401302,0.082051703,1.601813821,-0.039606382,-0.14893586,-0.043951664,-2.205615536
2.550087929,-1.457660634,-0.102421944,1.422886352,0.044659593,0.01699511,-0.020234753,0.062731846,0.080433192,1.601222283,-0.080334692,-0.194221369,-0.070984531,-2.213936493
2.558817863,-1.457263562,-0.102264126,1.422726567,0.047648724,0.018938161,-0.019174307,0.062080545,0.07881744,1.600616297,-0.078156111,-0.193890196,-0.072718335,-2.222094878
2.567256927,-1.456820024,-0.102090825,1.42255049,0.053224583,0.020796087,-0.021129188,0.061197258,0.077079792,1.599825412,-0.105994484,-0.208517755,-0.094906197,-2.2006
2.575091839,-1.456336254,-0.10189842,1.422290235,0.058052289,0.023088568,-0.031230554,0.059812644,0.07521576,1.598936497,-0.166153633,-0.223683855,-0.106669828,-2.190472405
2.583406925,-1.455898871,-0.101713391,1.422062493,0.052485992,0.022203501,-0.02732913,0.058679456,0.073586698,1.598034398,-0.135982522,-0.195487473,-0.108251874,-2.202672306
2.591704845,-1.455426056,-0.101549894,1.421787885,0.056737878,0.019619681,-0.032952908,0.057153436,0.071932978,1.596869367,-0.183122431,-0.198446376,-0.139803693,-2.221860388
2.600448847,-1.454886394,-0.101335403,1.421506803,0.064759378,0.02573894,-0.033729901,0.055428158,0.070599431,1.595450205,-0.207033312,-0.160025649,-0.170299508,-2.253139941
2.608451843,-1.454374298,-0.101120744,1.421206587,0.061451487,0.025759022,-0.036025905,0.053461083,0.069564345,1.594079405,-0.23604904,-0.12421038,-0.164496009,-2.295239189
2.617433071,-1.453828872,-0.100911571,1.420881648,0.065451111,0.025100754,-0.038992651,0.051233973,0.068743361,1.592617544,-0.267253175,-0.098518006,-0.175423317,-2.335189182
2.625413895,-1.453220746,-0.100696094,1.420521796,0.072975182,0.025857304,-0.043182233,0.04876026,0.067843094,1.591234929,-0.296845549,-0.108032125,-0.165913723,-2.376751173
2.633460999,-1.452601,-0.100498961,1.420059652,0.074369567,0.023655869,-0.05545723,0.04556709,0.066549946,1.589999879,-0.383180416,-0.155177679,-0.148206063,-2.423225168
2.641851902,-1.45197988,-0.100295,1.419620097,0.074534392,0.024475358,-0.052746698,0.04233007,0.065283062,1.588788354,-0.388442386,-0.152026145,-0.145382982,-2.483820162
2.650372028,-1.451352954,-0.10007171,1.419187585,0.075231105,0.026794755,-0.051901376,0.039063994,0.064102543,1.587569874,-0.391929142,-0.141662195,-0.146217582,-2.547101636
2.659369946,-1.450761284,-0.099888326,1.418778285,0.071000388,0.022006139,-0.049116053,0.036082621,0.063061635,1.586333289,-0.357764764,-0.124909038,-0.148390148,-2.620220783
2.667006016,-1.450223517,-0.099707579,1.418436442,0.064532036,0.021689657,-0.041021104,0.033318127,0.062334355,1.585311515,-0.331739337,-0.087273602,-0.12261291,-2.693622194
2.675579071,-1.449710939,-0.099545882,1.418076675,0.061509306,0.019403606,-0.043172002,0.030782284,0.061727848,1.584326224,-0.304301141,-0.072780812,-0.118234963,-2.773197616
2.683624029,-1.449243052,-0.099413631,1.417700772,0.056146414,0.01587014,-0.045108408,0.028467573,0.06127192,1.583398989,-0.277765303,-0.054711346,-0.111268156,-2.848203207
2.691627979,-1.448806524,-0.099252645,1.417419303,0.052383377,0.019318287,-0.033776296,0.026608813,0.061158111,1.582428264,-0.223051139,-0.013657087,-0.116487032,-2.907512228
2.700909853,-1.448352634,-0.099063891,1.417181941,0.054466876,0.022650471,-0.028483391,0.024805986,0.061215115,1.581445548,-0.216339275,0.00684045,-0.117925891,-2.97981464
2.709231853,-1.447972143,-0.098917801,1.416918332,0.045658937,0.017530873,-0.031633115,0.023058101,0.061221446,1.580638049,-0.209746232,0.000759733,-0.096899955,-3.048917254
2.717550039,-1.447595494,-0.098799081,1.41668431,0.045197808,0.014246377,-0.028082604,0.021736888,0.061369567,1.579893429,-0.158545594,0.017774491,-0.089354349,-3.1260351
2.725148916,-1.447227014,-0.098666223,1.416497918,0.044217674,0.015943003,-0.022367098,0.020908661,0.061499892,1.579040233,-0.099387221,0.015639092,-0.1023835,-3.196452413
2.733659029,-1.446960201,-0.098509658,1.41638599,0.032017557,0.018787727,-0.013431291,0.020848193,0.061651382,1.578289784,-0.007256131,0.018178712,-0.090053938,-3.252087377
2.742123842,-1.446745644,-0.098321262,1.416329602,0.025746834,0.022607506,-0.006766655,0.021174652,0.06181323,1.577674429,0.039175042,0.019421732,-0.073842532,-3.306924597
2.750544071,-1.446568566,-0.098154662,1.416304245,0.02124933,0.019991986,-0.003042738,0.021300908,0.061919629,1.577339816,0.015150711,0.012767936,-0.040153624,-3.351624282
2.759140968,-1.446409873,-0.098000782,1.416283813,0.019043123,0.018465617,-0.002451945,0.020791437,0.062044085,1.577287298,-0.061136491,0.014934668,-0.006302166,-3.410281251
2.767534018,-1.446246973,-0.097826911,1.41620591,0.019548052,0.020864523,-0.009348321,0.020021447,0.061771918,1.577497016,-0.092398789,-0.032659954,0.025166157,-3.489302928
2.776139975,-1.446103662,-0.097644966,1.416151332,0.017197296,0.021833413,-0.006549341,0.01974399,0.061536227,1.577939066,-0.03329486,-0.028282987,0.053046074,-3.540226638
2.784574032,-1.446012628,-0.097409514,1.416159278,0.010924089,0.028254287,0.000953505,0.019753972,0.06167051,1.578322746,0.001197825,0.016113942,0.046041511,-3.571733706
2.792645931,-1.445969002,-0.097131616,1.416228674,0.005235131,0.033347752,0.008327467,0.020157741,0.062111059,1.578487989,0.048452327,0.05286596,0.019829187,-3.617910519
2.800176859,-1.445994308,-0.096872319,1.416370698,-0.003036776,0.031115664,0.017042975,0.021067503,0.063085568,1.57853066,0.109171427,0.116941092,0.005120492,-3.655275316
2.808255911,-1.446086339,-0.096577888,1.416567582,-0.011043679,0.035331673,0.023626022,0.02202071,0.064129975,1.578644154,0.114384855,0.125328835,0.013619334,-3.718536126
2.816880941,-1.44622405,-0.096242931,1.416791543,-0.016525361,0.040194883,0.026875369,0.022937547,0.065072579,1.579008862,0.110020384,0.113112395,0.04376491,-3.762032331
2.8261199,-1.446404588,-0.09593782,1.417046977,-0.021664503,0.036613325,0.030652024,0.024062812,0.065778172,1.57963511,0.13503187,0.084671199,0.075149849,-3.784723649
2.833703041,-1.446648351,-0.095624936,1.417338784,-0.029251599,0.03754608,0.035016858,0.025537689,0.066442085,1.580454757,0.176985184,0.079669618,0.098357638,-3.829278949
2.842109919,-1.44689183,-0.095278684,1.417703803,-0.029217471,0.04155019,0.0438023,0.027628028,0.067271338,1.581144312,0.250840732,0.099510345,0.082746564,-3.907916291
2.850113869,-1.447207455,-0.09495255,1.418091206,-0.037875055,0.039136055,0.046488321,0.029719468,0.068041146,1.581643263,0.250972771,0.092376898,0.05987407,-3.913228113
2.858597994,-1.447588323,-0.094539958,1.41853311,-0.045704087,0.04951102,0.053028525,0.032154245,0.068883135,1.581887469,0.29217327,0.101038732,0.029304787,-3.934002812
2.867228031,-1.448024755,-0.094093827,1.419009129,-0.052371905,0.053535784,0.057122209,0.03493506,0.069987582,1.58200375,0.333697804,0.132533637,0.013953743,-3.984336435
2.87518096,-1.448461573,-0.093663345,1.419502541,-0.052418153,0.051657796,0.059209551,0.037486819,0.07142836,1.582357127,0.306211119,0.17289333,0.042405176,-4.019077974
2.883467913,-1.448934915,-0.093162696,1.42000208,-0.056800979,0.060077957,0.059944647,0.040018975,0.07289807,1.583032039,0.3038587,0.176365227,0.080989474,-4.031493434
2.892014027,-1.449397555,-0.092657585,1.420472649,-0.055516799,0.060613259,0.056468218,0.042707175,0.074146605,1.583635204,0.322583967,0.149824236,0.07237985,-4.074275732
2.900436878,-1.449885901,-0.092108755,1.420944331,-0.058601586,0.065859594,0.056601827,0.045226802,0.075483435,1.584093655,0.302355229,0.160419592,0.05501409,-4.109420145
2.908437967,-1.450364458,-0.091547858,1.421413313,-0.057426792,0.067307666,0.05627787,0.047634135,0.077033989,1.58426503,0.288879986,0.186066427,0.020565004,-4.125106787
2.917105913,-1.450808789,-0.090942568,1.421901549,-0.053319702,0.072634763,0.058588342,0.049855949,0.078655024,1.584081863,0.266617665,0.194524159,-0.021980102,-4.142470878
2.925226927,-1.451244972,-0.090313096,1.42236716,-0.052341999,0.075536657,0.05587334,0.051466279,0.080111102,1.583769111,0.193239635,0.174729382,-0.037530207,-4.192555363
2.93362093,-1.451680191,-0.089701909,1.4227749,-0.052226247,0.07334243,0.048928767,0.05228997,0.081512362,1.583645903,0.098842841,0.168151281,-0.01478496,-4.234309177
2.94165206,-1.452110199,-0.089090391,1.423199591,-0.051600959,0.073382229,0.050962891,0.053650181,0.082819292,1.583243145,0.163225365,0.156831502,-0.048330972,-4.270517282
2.950461864,-1.452574709,-0.088444003,1.423553396,-0.055741194,0.07756655,0.042456596,0.054283583,0.083725669,1.583024103,0.076008236,0.108765305,-0.026285077,-4.314020863
2.958359957,-1.453013951,-0.08776245,1.423949407,-0.052709082,0.081786306,0.047521415,0.055274123,0.08465599,1.582419562,0.118864796,0.111638475,-0.072544883,-4.367699176
2.967015028,-1.453474016,-0.087078175,1.424403658,-0.055207786,0.082113059,0.054510087,0.056129024,0.085566757,1.581525279,0.102588174,0.109292072,-0.107313952,-4.404434639
2.975121975,-1.453940054,-0.086391096,1.424829537,-0.055924604,0.082449381,0.051105438,0.057077287,0.086216739,1.580382294,0.113791509,0.077997812,-0.137158143,-4.47373645
2.983631849,-1.454377844,-0.085720257,1.425173291,-0.052534754,0.080500676,0.041250556,0.057785517,0.086390078,1.578767664,0.084987545,0.020800721,-0.193755678,-4.52950281
2.991518974,-1.454864105,-0.085042623,1.425504243,-0.058351284,0.081316086,0.039714162,0.05832811,0.086286,1.577118189,0.065111189,-0.012489423,-0.197936971,-4.597946938
3.00029707,-1.455322971,-0.084295371,1.425810618,-0.055063965,0.089670324,0.036765009,0.058758509,0.085846246,1.575074274,0.051647896,-0.052770477,-0.24526984,-4.648409102
3.00851202,-1.455791206,-0.08350438,1.426182281,-0.05618818,0.094918875,0.044599608,0.05939606,0.08542985,1.57305359,0.076506075,-0.049967465,-0.242482105,-4.726050265
3.016609907,-1.456292242,-0.082766513,1.4265629,-0.060124287,0.088543996,0.045674248,0.060848189,0.085008771,1.571069631,0.174255489,-0.050529535,-0.238074985,-4.782930041
3.02508688,-1.456801258,-0.082000302,1.426842719,-0.061081967,0.091945328,0.033578303,0.061904885,0.084072835,1.568901508,0.126803564,-0.112312251,-0.260174848,-4.871032032
3.033922911,-1.4573005,-0.081221269,1.427138228,-0.059909077,0.09348405,0.035461096,0.063017759,0.08312705,1.566728133,0.133544921,-0.113494255,-0.260804924,-4.929319137
3.042510033,-1.457790499,-0.080414102,1.4275342,-0.058799839,0.096860003,0.047516639,0.06414926,0.082401817,1.564445228,0.135780127,-0.087027958,-0.273948595,-5.025367287
3.050180912,-1.458282816,-0.079623032,1.42777483,-0.059077985,0.094928374,0.028875611,0.06477536,0.081247105,1.562003795,0.075131988,-0.138565394,-0.292972018,-5.110348596
3.058263063,-1.458739924,-0.078831304,1.42798593,-0.054853011,0.095007434,0.025331916,0.065480413,0.079963159,1.559537075,0.084606299,-0.154073552,-0.296006331,-5.174866547
3.066788912,-1.459226093,-0.078019432,1.428245375,-0.058340277,0.097424569,0.031133491,0.066040454,0.078664356,1.557167331,0.067205001,-0.155856404,-0.284369263,-5.286210382
3.074980021,-1.459708636,-0.077164883,1.428497543,-0.057905193,0.102545927,0.030260058,0.066488951,0.077625487,1.554857468,0.053819636,-0.124664165,-0.277183564,-5.385000644
3.083483934,-1.460192977,-0.076360816,1.428678409,-0.058120898,0.096487981,0.021703943,0.06665502,0.076411644,1.552493734,0.01992824,-0.145661193,-0.283648105,-5.481534485
3.091897011,-1.460705746,-0.075517947,1.428920727,-0.061532213,0.101144349,0.029078217,0.06717623,0.07540186,1.550214682,0.062545228,-0.121174079,-0.27348625,-5.587749684
3.100033045,-1.461163945,-0.074660473,1.429154008,-0.054983899,0.102896849,0.02799365,0.067268725,0.074608137,1.547807458,0.011099383,-0.095246732,-0.288866893,-5.689922706
3.109140873,-1.461653549,-0.073833266,1.429317193,-0.058752517,0.099264805,0.019582267,0.066690611,0.073720837,1.545438687,-0.06937369,-0.106476004,-0.284252569,-5.809945387
3.117703915,-1.462151727,-0.073050221,1.429482868,-0.059781413,0.093965399,0.01988099,0.066409009,0.072782928,1.542979698,-0.033792252,-0.112549078,-0.295078668,-5.909762077
3.124894857,-1.462695547,-0.072237946,1.429731913,-0.065258326,0.097473082,0.029885325,0.066350169,0.072199935,1.540872726,-0.007060842,-0.069959242,-0.252836631,-6.028440193
3.133234978,-1.463290504,-0.071397528,1.430005903,-0.07139485,0.100850162,0.032878814,0.06640917,0.071320456,1.538667629,0.007080155,-0.1055374,-0.264611629,-6.13763898
3.14181304,-1.463902768,-0.070547338,1.430289074,-0.073471746,0.102022692,0.033980565,0.066768728,0.070655864,1.536326007,0.043147005,-0.079751124,-0.280994612,-6.25243651
3.149992943,-1.464502811,-0.06971686,1.430561767,-0.072005065,0.099657385,0.032723097,0.066495834,0.070073713,1.534180467,-0.032747279,-0.06985809,-0.257464858,-6.358247506
3.158432007,-1.465125079,-0.068910553,1.430891002,-0.074672198,0.096756893,0.039508311,0.066467494,0.069558071,1.531972548,-0.003400874,-0.061877078,-0.264950248,-6.471528092
3.167360067,-1.465758084,-0.068105762,1.431219982,-0.075960556,0.096574895,0.039477567,0.066952362,0.068864982,1.529559757,0.058184234,-0.083170594,-0.289534904,-6.590642498
3.175040007,-1.466433772,-0.067330725,1.4316058,-0.081082558,0.093004429,0.046298167,0.067271306,0.068411141,1.527501538,0.03827319,-0.054460983,-0.246986286,-6.699917593
3.183588028,-1.467157725,-0.066584429,1.431992676,-0.086874394,0.089555579,0.046425078,0.067442905,0.067752668,1.525775435,0.020591915,-0.079016744,-0.207132349,-6.790001325
3.191599846,-1.46792876,-0.065822949,1.432424296,-0.092524205,0.091377577,0.051794378,0.067694874,0.066969904,1.524155155,0.030236341,-0.093931725,-0.194433656,-6.909588219
3.199972868,-1.468734496,-0.065104171,1.432852687,-0.096688335,0.086253356,0.051407005,0.068459755,0.066058072,1.522742949,0.09178572,-0.109419801,-0.169464687,-7.02321969
3.208492994,-1.469564677,-0.064351443,1.433317458,-0.099621743,0.090327383,0.055772511,0.068891949,0.065027497,1.521498344,0.051863187,-0.123669045,-0.149352626,-7.132245815
3.216518879,-1.470434923,-0.063573684,1.433764697,-0.104429471,0.093331082,0.053668581,0.069362717,0.063779319,1.520483691,0.056492218,-0.14978134,-0.121758331,-7.259231587
3.225919008,-1.471314655,-0.062768965,1.434306754,-0.105567892,0.096566247,0.065046923,0.070390092,0.062821965,1.519304745,0.123285039,-0.114882397,-0.141473515,-7.374282522
3.233970881,-1.472270726,-0.062024271,1.434778747,-0.114728465,0.089363282,0.056639121,0.070868193,0.061666353,1.518533679,0.057372029,-0.138673461,-0.092527931,-7.490422814
3.241842031,-1.473239903,-0.06124929,1.435334628,-0.116301293,0.092997715,0.066705739,0.071299757,0.060795877,1.517789921,0.051787708,-0.104457163,-0.089250912,-7.639833714
3.250239849,-1.474252895,-0.060495879,1.435918964,-0.121558956,0.090409255,0.070120265,0.071849401,0.060132309,1.517061499,0.065957263,-0.079628161,-0.087410689,-7.745643572
3.258322954,-1.47530986,-0.059767918,1.436448905,-0.126835821,0.087355356,0.063592944,0.072090777,0.059266117,1.516109094,0.028965176,-0.103942989,-0.114288611,-7.881971781
3.266515017,-1.47637613,-0.058960203,1.43710115,-0.127952469,0.09692586,0.078269411,0.072708259,0.058680112,1.514913308,0.074097778,-0.070320675,-0.143494319,-8.010063956
3.274898052,-1.477492017,-0.058190208,1.437770654,-0.133906397,0.092399308,0.080340469,0.073125571,0.058181335,1.513847414,0.050077518,-0.059853218,-0.127907242,-8.138277112
3.283274889,-1.478621796,-0.057439421,1.438478981,-0.135573447,0.090094502,0.084999254,0.074137474,0.057734606,1.512687965,0.121428276,-0.053607412,-0.139133942,-8.253397727
3.291818857,-1.479774408,-0.056638063,1.439222662,-0.138313494,0.096163008,0.089241747,0.075446174,0.057189637,1.511464668,0.157044019,-0.065396323,-0.146795612,-8.414129533
3.299767971,-1.480977162,-0.055808354,1.43996428,-0.144330442,0.099564984,0.088994197,0.076784538,0.056697546,1.510212233,0.160603731,-0.059050923,-0.150292125,-8.568698519
3.30812788,-1.482183008,-0.054977334,1.440754062,-0.144701522,0.099722444,0.094773794,0.078116867,0.056312916,1.508838518,0.159879451,-0.046155665,-0.164845909,-8.699504495
3.316705942,-1.483377177,-0.054154311,1.441543928,-0.143300269,0.09876273,0.094783962,0.080043941,0.055812847,1.507244717,0.231248875,-0.060008213,-0.191256079,-8.831240105
3.324908972,-1.48461024,-0.053302379,1.442324614,-0.147967546,0.102231872,0.093682261,0.081171371,0.055353386,1.505487951,0.135291546,-0.055135333,-0.2108119,-8.9944822
3.333283901,-1.485871342,-0.052445945,1.443130783,-0.151332256,0.102772015,0.096740287,0.082834984,0.054770681,1.503764059,0.199633659,-0.069924625,-0.206867037,-9.126851602
3.342442989,-1.487164572,-0.0515754,1.443956551,-0.155187577,0.104465441,0.099092194,0.084819409,0.054121306,1.501985275,0.238130964,-0.077924969,-0.213454107,-9.262218938
3.349756002,-1.488485836,-0.050723943,1.444753901,-0.158551767,0.10217487,0.095681968,0.086738752,0.053470895,1.500061442,0.230321152,-0.078049331,-0.230859985,-9.416678024
3.358312845,-1.489825131,-0.049855336,1.445559884,-0.160715409,0.104232819,0.096717967,0.088737784,0.052721619,1.497939234,0.239883847,-0.089913103,-0.254664866,-9.559847332
3.366611004,-1.491145403,-0.048950875,1.446401419,-0.158432614,0.108535374,0.100984175,0.091143462,0.052167996,1.495652326,0.288681326,-0.066434809,-0.27442903,-9.781138346
3.374956846,-1.492473314,-0.048064559,1.447190435,-0.159349308,0.106357815,0.094681941,0.092799734,0.051483456,1.493322777,0.198752618,-0.082144718,-0.27954582,-9.856180936
3.38339591,-1.493780753,-0.047162511,1.447920214,-0.156892627,0.108245797,0.087573501,0.094226286,0.050588327,1.490985178,0.171186292,-0.107415558,-0.280511942,-10.00243048
3.391516924,-1.495062424,-0.046228892,1.448722055,-0.153800515,0.112034326,0.09622091,0.09615742,0.049856107,1.488373381,0.231736051,-0.087866373,-0.31341557,-10.15497114
3.400200844,-1.496346874,-0.045336828,1.449518344,-0.15413405,0.107047598,0.095554723,0.097796622,0.049304845,1.485637013,0.196704271,-0.066151438,-0.328364177,-10.28713072
3.408869028,-1.497613895,-0.044491643,1.450300107,-0.152042538,0.10142224,0.093811502,0.099105638,0.048599219,1.482942286,0.157081869,-0.084675102,-0.32336722,-10.43457415
3.416823864,-1.498854648,-0.04361514,1.45115662,-0.148890331,0.105180356,0.10278159,0.100937464,0.047988782,1.479893853,0.219819128,-0.073252433,-0.365812046,-10.56582614
3.425134897,-1.500044904,-0.042805187,1.451986307,-0.142830787,0.097194435,0.099562356,0.102242857,0.046945379,1.476480249,0.156647222,-0.125208424,-0.409632397,-10.70885088
3.433459044,-1.501214336,-0.041956036,1.452825759,-0.140331813,0.10189804,0.100734311,0.103603784,0.045675482,1.47302598,0.163311171,-0.15238761,-0.414512342,-10.85324399
3.441661835,-1.502378218,-0.041114131,1.453768151,-0.13966586,0.101028614,0.113087046,0.105224116,0.044266113,1.469536943,0.194439935,-0.169124233,-0.418684479,-11.0165818
3.450188875,-1.503530337,-0.040370882,1.454636294,-0.138254253,0.089189856,0.104177133,0.106566683,0.042433718,1.465959472,0.161107943,-0.219887476,-0.42929643,-11.11828457
3.458365917,-1.504623314,-0.039650799,1.455549499,-0.131157272,0.086409944,0.109584658,0.1077718,0.04064274,1.462328408,0.144614043,-0.214917294,-0.435727744,-11.25098436
3.46675992,-1.505701957,-0.038974298,1.456482927,-0.129437059,0.081180227,0.112011299,0.109241489,0.038770893,1.458573782,0.176362695,-0.224621706,-0.450555068,-11.35485594
3.475251913,-1.506762656,-0.038345516,1.457430781,-0.127283966,0.075453811,0.113742469,0.111043365,0.036760275,1.454340459,0.216225102,-0.241274176,-0.507998834,-11.48735534
3.483690023,-1.507778048,-0.037695517,1.458367454,-0.121846962,0.077999867,0.11240075,0.113580086,0.034277908,1.449962219,0.304406623,-0.297884017,-0.525388764,-11.6042336
3.491948843,-1.508746801,-0.037014404,1.459393654,-0.116250365,0.081733565,0.123144024,0.116270874,0.031748093,1.4453668,0.322894486,-0.303577801,-0.551450217,-11.71732225
3.500432014,-1.509729552,-0.03635602,1.460454389,-0.117930154,0.079006082,0.127288199,0.119076948,0.028964669,1.44111111,0.336728868,-0.334010789,-0.510682894,-11.81736939
3.508539915,-1.510583518,-0.035765916,1.461464136,-0.102475938,0.07081242,0.121169701,0.121576957,0.025566782,1.436689887,0.300001068,-0.407746546,-0.53054666,-11.9428714
3.516994953,-1.511407421,-0.035206124,1.462435859,-0.098868341,0.067175066,0.116606711,0.123662611,0.021974011,1.432479186,0.250278526,-0.431132418,-0.505284133,-12.03930742
3.526018858,-1.512134929,-0.034697767,1.46351485,-0.087300965,0.061002846,0.12947886,0.126368856,0.018097283,1.428291393,0.32474937,-0.465207379,-0.502535225,-12.1298636
3.533382893,-1.51278314,-0.034148345,1.464507789,-0.077785301,0.065930684,0.119152692,0.127978647,0.014117457,1.424207114,0.193174997,-0.477579123,-0.490113466,-12.21661501
3.542135,-1.513359485,-0.03364737,1.465512181,-0.069161379,0.060116971,0.120527032,0.129840794,0.010232524,1.420334827,0.22345756,-0.466191997,-0.464674464,-12.29093198
3.551243067,-1.51381993,-0.033170055,1.466548074,-0.055253421,0.057277844,0.124307167,0.131215937,0.006735516,1.416514145,0.165017209,-0.419640938,-0.458481788,-12.34905411
3.559720039,-1.51418438,-0.032675832,1.467581415,-0.043734073,0.059306674,0.124000942,0.132261295,0.00376294,1.413156277,0.125442959,-0.356709074,-0.402944127,-12.40532923
3.56710887,-1.514484413,-0.032130613,1.468846714,-0.036003914,0.065426306,0.151835848,0.13354497,0.001547252,1.409671516,0.154041016,-0.265882613,-0.41817142,-12.44871891
3.575649977,-1.514616421,-0.031696782,1.469872696,-0.015840917,0.052059758,0.12311789,0.135170934,-0.001606187,1.405981539,0.19511564,-0.378412627,-0.442797212,-12.48974275
3.58397007,-1.514557421,-0.031318015,1.470926194,0.007079967,0.045452057,0.126419764,0.136835747,-0.004117747,1.402235663,0.199777575,-0.301387249,-0.449505152,-12.55046461
3.592334032,-1.514415647,-0.031016954,1.472026193,0.017012892,0.036127241,0.131999869,0.139016594,-0.007036862,1.398431042,0.261701614,-0.350293756,-0.456554432,-12.59124254
3.600570917,-1.514103986,-0.030685302,1.473060261,0.037399304,0.039798223,0.124088226,0.140615657,-0.009937793,1.394613324,0.1918876,-0.348111725,-0.458126181,-12.65312501
3.609894991,-1.513636264,-0.030445331,1.474153447,0.056126599,0.028796556,0.131182224,0.143113772,-0.013082233,1.391087434,0.299773801,-0.377332855,-0.423106802,-12.73542771
3.617199898,-1.513080607,-0.030233895,1.475193772,0.066678828,0.02537237,0.124838979,0.145542459,-0.016350694,1.387751499,0.291442366,-0.392215302,-0.400312252,-12.81954994
3.625829935,-1.512375633,-0.03007292,1.47627536,0.084596938,0.019316945,0.129790571,0.148918369,-0.019434721,1.384762059,0.405109235,-0.370083223,-0.358732794,-12.94247327
3.635066032,-1.511511913,-0.02997944,1.477330855,0.103646426,0.011217641,0.126659455,0.15192131,-0.022648324,1.381885482,0.360352977,-0.385632358,-0.34518922,-13.102904
3.642830849,-1.510494035,-0.029982146,1.478426585,0.122145298,-0.000324753,0.131487565,0.154644171,-0.025404373,1.379186239,0.326743297,-0.330725882,-0.323909175,-13.2930528
3.650840044,-1.509301834,-0.030002527,1.47938316,0.14306411,-0.002445741,0.114789067,0.157064504,-0.028623683,1.37682591,0.290440005,-0.386317173,-0.283239504,-13.52328465
3.659262896,-1.507957911,-0.030140853,1.480363176,0.161270784,-0.016599093,0.117601931,0.15990415,-0.031888696,1.374940107,0.340757441,-0.391801598,-0.226296363,-13.82652328
3.667482853,-1.506476459,-0.030359698,1.481281365,0.177774291,-0.026261441,0.110182573,0.163283685,-0.035243409,1.373420627,0.405544202,-0.402565543,-0.182337527,-14.17655313
3.675303936,-1.504819894,-0.030645056,1.482235903,0.198787782,-0.034242905,0.114544667,0.167189354,-0.038563361,1.372119701,0.468680263,-0.398394296,-0.156111163,-14.62715586
3.684401035,-1.502907397,-0.030954118,1.483132773,0.229499582,-0.037087501,0.107624361,0.17058252,-0.041972212,1.370724872,0.407179964,-0.40906213,-0.167379476,-15.14152141
3.691587925,-1.500801291,-0.03133665,1.484002243,0.252732706,-0.045903768,0.104336435,0.173985549,-0.045149587,1.369534293,0.408363478,-0.381285005,-0.142869504,-15.74172054
3.69985199,-1.49841079,-0.031767669,1.48481858,0.286860128,-0.051722292,0.097960445,0.177255392,-0.048238228,1.368497583,0.392381107,-0.37063692,-0.124405181,-16.3969453
3.708356857,-1.495841595,-0.032300566,1.485678227,0.308303448,-0.063947609,0.103157583,0.180745041,-0.051197745,1.367592733,0.418757975,-0.355141991,-0.108581988,-17.13897098
3.716747046,-1.493046564,-0.03287678,1.48644045,0.335403759,-0.069145715,0.091466753,0.183215058,-0.053874745,1.36673253,0.296402005,-0.32124004,-0.103224395,-17.86021747
3.724982023,-1.489954268,-0.033496115,1.487164206,0.37107551,-0.074320263,0.086850777,0.185425021,-0.056885687,1.366027763,0.265195518,-0.361313003,-0.084571972,-18.57955066
3.733341932,-1.486618073,-0.034200599,1.487826903,0.400343343,-0.084538073,0.079523594,0.186733388,-0.059430699,1.365352331,0.157004087,-0.305401488,-0.081051829,-19
3.741521835,-1.483029779,-0.034931385,1.48845411,0.430595299,-0.087694239,0.075264903,0.187948517,-0.062027353,1.364799357,0.145815424,-0.311598478,-0.066356966,-19
3.749852896,-1.479145868,-0.035676159,1.488994073,0.466069287,-0.089372908,0.064795443,0.188451979,-0.064595645,1.364092792,0.060415458,-0.308194969,-0.084787727,-19
3.758676052,-1.475034776,-0.036490135,1.489509084,0.493331061,-0.097677115,0.061801343,0.18916068,-0.067010619,1.363563326,0.085044194,-0.289796873,-0.063535992,-19
3.766689062,-1.470707263,-0.037352754,1.489993631,0.51930164,-0.103514299,0.058145631,0.190651599,-0.069528844,1.363759752,0.178910186,-0.302187089,0.023571119,-19
3.775094032,-1.466062412,-0.038157256,1.490415351,0.557382068,-0.096540224,0.050606487,0.191938757,-0.071870268,1.363835028,0.154459048,-0.280970823,0.009033174,-19
3.783153057,-1.461032259,-0.038960149,1.490873469,0.603618372,-0.096347183,0.054974092,0.193489512,-0.073762447,1.363787706,0.186090568,-0.227061474,-0.005678581,-19
3.791431904,-1.455569688,-0.039683209,1.491270655,0.655508454,-0.086767211,0.047662386,0.194492168,-0.075477636,1.363716301,0.12031867,-0.205822663,-0.008568686,-19
3.799634933,-1.449639151,-0.040322805,1.491716721,0.711664496,-0.076751517,0.053527861,0.195601459,-0.076989657,1.363971191,0.13311501,-0.181442547,0.030586866,-19
3.808241844,-1.443252779,-0.040863915,1.492235413,0.76636462,-0.06493314,0.062243066,0.196492779,-0.077813135,1.364370431,0.106958308,-0.098817386,0.047908722,-19
3.816226959,-1.436225041,-0.041301783,1.492810847,0.843328536,-0.052544164,0.069052026,0.196994902,-0.078132558,1.365241354,0.060254796,-0.038330763,0.104510781,-19
3.824792862,-1.428504775,-0.041681151,1.493541235,0.926432013,-0.045524185,0.087646561,0.197324321,-0.077667511,1.366550021,0.039530333,0.055805675,0.157040109,-19
3.833912849,-1.419963914,-0.042013476,1.494489883,1.0249033,-0.039879025,0.113837817,0.197723405,-0.076674485,1.368255209,0.047889984,0.119163091,0.204622503,-19
3.841580868,-1.410384218,-0.042212935,1.495655213,1.149563517,-0.023935115,0.139839529,0.197795432,-0.075451626,1.370133424,0.008643303,0.146743143,0.225385797,-19
3.850903034,-1.39961507,-0.042295596,1.49709937,1.292297765,-0.009919207,0.173298868,0.198092555,-0.073526516,1.372888941,0.035654732,0.231013124,0.330662101,-19
3.858330965,-1.387491794,-0.042271057,1.498909475,1.454793076,0.002944631,0.217212653,0.198151899,-0.071036305,1.376552558,0.007121276,0.298825394,0.439634038,-19
3.866556883,-1.373802141,-0.042128267,1.501104045,1.642758352,0.017134763,0.263348337,0.198244497,-0.067530228,1.38135694,0.011111723,0.420729251,0.576525847,-19
3.875475883,-1.358420579,-0.041757378,1.50379016,1.845787453,0.044506728,0.322333794,0.197507956,-0.062186085,1.387350064,-0.088384887,0.641297059,0.719174827,-19
3.883539915,-1.341091081,-0.041198048,1.507017653,2.079539733,0.067119578,0.387299228,0.196852364,-0.056043625,1.394562248,-0.078671054,0.73709525,0.865462069,-19
3.891651869,-1.321618683,-0.040424849,1.510816129,2.336687838,0.092783899,0.455817073,0.195816165,-0.048190529,1.403470849,-0.124343866,0.942371536,1.069032108,-19
3.900052071,-1.29998983,-0.039487986,1.515111568,2.595462287,0.112423572,0.51545271,0.193888976,-0.038875935,1.414358297,-0.231262672,1.117751305,1.306493769,-19
3.908359051,-1.276462395,-0.038464595,1.519985052,2.823292256,0.122806913,0.584818129,0.191983759,-0.030042159,1.427242217,-0.228626048,1.060053117,1.546070368,-19
3.917192936,-1.250720008,-0.03715993,1.525254896,3.089086406,0.156559758,0.632381246,0.191798989,-0.022692423,1.439373863,-0.022172328,0.881968299,1.455797519,-19
3.925098896,-1.222690742,-0.035856511,1.530732785,3.363511922,0.156410344,0.657346659,0.192467506,-0.016351302,1.453104078,0.080221935,0.760934445,1.647625804,-19
3.934221029,-1.192335775,-0.034497929,1.536533676,3.642596056,0.163029835,0.696106867,0.193663081,-0.01005844,1.46679181,0.143469072,0.755143484,1.642527902,-19
3.941807032,-1.159812687,-0.033084445,1.542312953,3.902770523,0.169618065,0.693513317,0.195680142,-0.004414433,1.479699763,0.242047341,0.677280893,1.548954361,-19
3.950089931,-1.125549327,-0.031635509,1.547865717,4.111603163,0.173872339,0.666331689,0.198432245,0.000369125,1.491937875,0.330252259,0.574026951,1.468573458,-19
3.958420992,-1.089909304,-0.030287232,1.553009938,4.276802856,0.161793155,0.617306466,0.202292404,0.004217783,1.502772353,0.463219083,0.461838923,1.300137276,-19
3.966754913,-1.05347084,-0.029102276,1.557861521,4.37261561,0.142194727,0.582189962,0.208385389,0.008156698,1.512231283,0.731158215,0.472669792,1.135071681,-19
3.975410938,-1.016722631,-0.027848728,1.562263985,4.40978509,0.150425843,0.528295754,0.216269418,0.011625176,1.519563751,0.946083509,0.416217333,0.879896174,-19
3.983937979,-0.979671912,-0.026692263,1.566096432,4.446086319,0.138775734,0.459893546,0.227824238,0.013476017,1.525219915,1.386578375,0.222100924,0.678739588,-19
3.992667913,-0.942519357,-0.025626678,1.569246391,4.458306555,0.12787017,0.377995122,0.241578538,0.013915828,1.531272111,1.650516004,0.052777357,0.726263526,-19
4.000440836,-0.905347653,-0.024432365,1.571846484,4.460604523,0.143317605,0.312011145,0.2587032,0.012480417,1.537265206,2.054959479,-0.172249271,0.719171418,-19
4.008461952,-0.868052036,-0.023240819,1.573857466,4.475474035,0.14298547,0.241317871,0.278124253,0.009523231,1.541919456,2.330526357,-0.354862351,0.558509978,-19
4.017067909,-0.830785608,-0.021900228,1.575506352,4.471971314,0.160870923,0.19786631,0.298740458,0.005403266,1.546828851,2.473944587,-0.494395868,0.589127422,-19
4.025264978,-0.79348946,-0.020676917,1.576816638,4.475537768,0.146797346,0.157234359,0.320049642,0.000766806,1.551560975,2.557102058,-0.556375147,0.567854889,-19
4.034016848,-0.755957971,-0.019515472,1.577777616,4.503778719,0.139373382,0.115317344,0.340824431,-0.004630186,1.554966712,2.492974736,-0.647639031,0.408688489,-19
4.041745901,-0.718472016,-0.019045726,1.577527254,4.498314552,0.056369536,-0.030043462,0.357280946,-0.012475656,1.560281538,1.974781799,-0.94145638,0.637779125,-19
4.049932003,-0.680874869,-0.017881071,1.578535678,4.511657667,0.139758578,0.121010827,0.379650411,-0.016869345,1.563016582,2.684335776,-0.527242733,0.328205218,-19
4.058377028,-0.643165036,-0.016688529,1.579638312,4.525179907,0.143105061,0.132316087,0.402911658,-0.020746523,1.565081322,2.791349693,-0.465261321,0.247768758,-19
4.067671061,-0.605422006,-0.015542417,1.58086214,4.529163717,0.137533497,0.146859341,0.425646107,-0.023910568,1.566925935,2.728133808,-0.379685422,0.221353659,-19
4.074913979,-0.567634803,-0.014333807,1.582204694,4.534464247,0.145033138,0.161106563,0.447318874,-0.026940503,1.568346201,2.600732026,-0.363592144,0.170431866,-19
4.08336091,-0.529783206,-0.013024923,1.583860407,4.542191662,0.157066151,0.198685477,0.467944683,-0.029366676,1.568883288,2.47509707,-0.291140829,0.064450466,-19
4.092104912,-0.492039495,-0.011806671,1.58581389,4.529245353,0.146190226,0.234418053,0.488541183,-0.030581339,1.569732022,2.471580022,-0.145759568,0.10184811,-19
4.099951029,-0.454697975,-0.010766801,1.587604138,4.480982355,0.124784406,0.214829775,0.502279473,-0.031875775,1.571170544,1.648594869,-0.155332285,0.172622631,-19
4.109015942,-0.417017462,-0.009605799,1.589883033,4.521661639,0.139320222,0.27346732,0.521181309,-0.033964627,1.571465955,2.268220312,-0.250662271,0.035449306,-19
4.116673946,-0.37938925,-0.00846472,1.592487903,4.515385441,0.136929424,0.312584415,0.538761586,-0.036309539,1.571303983,2.109633216,-0.281389385,-0.019436662,-19
4.125084877,-0.341868799,-0.007275151,1.595374483,4.50245409,0.14274834,0.346389622,0.556210568,-0.039309401,1.570710179,2.093877766,-0.359983435,-0.071256494,-19
4.133122921,-0.30444433,-0.006043002,1.598552141,4.490936221,0.147857891,0.381318987,0.572582051,-0.043146749,1.569936411,1.964577958,-0.460481828,-0.092852197,-19
4.141479015,-0.267277271,-0.004912043,1.602107605,4.460047096,0.135715025,0.426655639,0.590036149,-0.047431308,1.568737593,2.094491766,-0.51414701,-0.143858105,-19
4.149850845,-0.230373157,-0.003611421,1.606045834,4.428493694,0.156074691,0.47258752,0.607153963,-0.052178111,1.567316966,2.054137749,-0.569616356,-0.170475212,-19
4.158371925,-0.193655313,-0.002410814,1.610209538,4.406141321,0.144072806,0.499644389,0.623541177,-0.057521139,1.566106271,1.966465605,-0.641163358,-0.145283408,-19
4.166631937,-0.157633512,-0.001317536,1.615560226,4.322616101,0.131193322,0.642082574,0.644252257,-0.060127055,1.564534185,2.485329659,-0.312709956,-0.188650387,-19
4.174988031,-0.121492303,0.00049604,1.620442617,4.336945028,0.217629156,0.585886954,0.661044477,-0.064691637,1.555844559,2.015066342,-0.547749827,-1.042755054,-19
4.183666945,-0.085509331,0.001906446,1.625492824,4.317956676,0.169248763,0.606024817,0.674219857,-0.070600592,1.553296585,1.581045606,-0.709074673,-0.305756843,-19
4.191361904,-0.049853961,0.003526673,1.630875977,4.278644474,0.19442719,0.645978416,0.687227438,-0.076395634,1.550567592,1.560909764,-0.695405022,-0.327479265,-19
4.199815035,-0.014414489,0.00516636,1.63643646,4.252736592,0.196762417,0.667257983,0.698823536,-0.081678325,1.547570841,1.391531717,-0.633922871,-0.359610119,-19
4.208220959,0.020708182,0.007173896,1.642354622,4.214720473,0.240904369,0.71017941,0.709758841,-0.087069206,1.543871315,1.312236649,-0.646905723,-0.443943034,-19
4.216755867,0.055556054,0.008456581,1.648276692,4.181744697,0.153922139,0.710648381,0.720680448,-0.089903568,1.540801316,1.310592812,-0.340123431,-0.368399888,-19
4.224742889,0.090213274,0.01112442,1.654638161,4.158866434,0.320140709,0.763376249,0.729261446,-0.095728114,1.533559577,1.029719834,-0.698945567,-0.869008678,-19
4.233217001,0.124353358,0.012440619,1.661057018,4.096810003,0.157943867,0.770262903,0.739969967,-0.09644623,1.530956054,1.285022433,-0.08617385,-0.312422803,-19
4.24166584,0.15847493,0.014826203,1.667846009,4.094588711,0.286270121,0.814678852,0.747438335,-0.1000236,1.523318408,0.896204159,-0.429284435,-0.916517526,-19
4.250237942,0.192152341,0.018393049,1.676163461,4.041289324,0.428021482,0.998094276,0.756898935,-0.104692145,1.522232775,1.135272001,-0.560225448,-0.130275911,-19
4.258412838,0.225522621,0.018261194,1.680995028,4.004433599,-0.015822559,0.579788014,0.762839988,-0.104443902,1.516248126,0.712926357,0.029789233,-0.718157932,-19
4.266586065,0.258681449,0.019878848,1.68793219,3.979059287,0.194118421,0.832459446,0.768577927,-0.106979036,1.514742123,0.688552723,-0.304216071,-0.180720382,-19
4.27542305,0.291605946,0.023043783,1.696261971,3.95093965,0.379792205,0.999573753,0.774253387,-0.112410583,1.512713177,0.681055171,-0.651785659,-0.243473517,-19
4.284265995,0.324183278,0.022886384,1.701922002,3.909279797,-0.018887829,0.679203711,0.778390717,-0.112141153,1.510468492,0.496479594,0.032331576,-0.269362205,-19
4.292222977,0.356548869,0.02434243,1.708746637,3.883870992,0.17472549,0.818956154,0.782153254,-0.114930895,1.507336492,0.451504522,-0.334769106,-0.375839951,-19
4.300130844,0.388640191,0.027945201,1.71707642,3.850958568,0.432332554,0.999573946,0.786291277,-0.121368843,1.50285965,0.496562738,-0.772553683,-0.537221102,-19
4.308357,0.42060878,0.028028475,1.72299422,3.836230708,0.009992866,0.710136,0.788889157,-0.120993429,1.500589051,0.311745625,0.045049621,-0.272471853,-19
4.316510916,0.452280615,0.030047207,1.730212969,3.800620207,0.242247869,0.866249953,0.791973108,-0.124026139,1.497404082,0.370074097,-0.363925175,-0.382196285,-19
4.324789047,0.48368741,0.032465256,1.737622702,3.768815427,0.290165867,0.8891679,0.795235063,-0.129458393,1.493964598,0.39143454,-0.65187042,-0.412738042,-19
4.334341049,0.514843793,0.034722302,1.744845145,3.738765927,0.270845565,0.866693178,0.798247273,-0.140395342,1.490728797,0.361465267,-1.312433888,-0.388296097,-19
4.342447042,0.545636223,0.036470068,1.751852613,3.695091656,0.209731851,0.84089615,0.803414076,-0.130114882,1.486907608,0.620016382,1.233655165,-0.458542719,-19
4.350684881,0.57631392,0.039455484,1.759395516,3.681323558,0.35824991,0.905148369,0.806807536,-0.14396344,1.483368963,0.40721512,-1.661827016,-0.424637371,-19
4.358389854,0.606576799,0.041725781,1.766755531,3.631545556,0.272435686,0.883201782,0.81294626,-0.119462934,1.479348386,0.736646929,2.940060767,-0.482469216,-19
4.367508888,0.637086823,0.041702299,1.772067236,3.661202807,-0.002817807,0.637404654,0.8164872,-0.132446884,1.476757501,0.424912789,-1.558073945,-0.31090626,-19
4.375045061,0.66691724,0.046363984,1.780553018,3.579650077,0.55940211,1.018293793,0.820683475,-0.143490389,1.472164638,0.503553039,-1.325220594,-0.551143562,-19
4.38400507,0.696456974,0.049449288,1.788126896,3.544768034,0.370236472,0.908865433,0.827028691,-0.127551384,1.467774725,0.761425888,1.91268051,-0.52678948,-19
4.392328978,0.726607057,0.048091827,1.792283686,3.618009967,-0.162895292,0.498814719,0.829098558,-0.138824373,1.465654626,0.248384074,-1.352758644,-0.254411894,-19
4.416821003,0.811679332,0.070333595,1.821617491,10.20867302,2.669012137,3.520056624,0.834525562,-0.104131448,-1.439223449,0.651240481,4.163151008,-348.5853691,-19
4.425199986,0.844302714,0.055432956,1.826772926,3.914805842,-1.788076672,0.61865221,0.854632064,0.023526911,1.387985715,2.412780196,15.31900302,339.2650996,-19
4.433493853,0.872928725,0.057795829,1.832971156,3.435121404,0.283544821,0.743787606,0.856676251,0.018959329,1.382584687,0.245302405,-0.548109819,-0.648123355,-19
4.442615032,0.901665029,0.060296868,1.838800869,3.448356387,0.300124695,0.699565522,0.856622332,0.01764512,1.377504133,-0.00647022,-0.157705044,-0.609666428,-19
4.450263977,0.930562539,0.062594133,1.844309277,3.467701256,0.275671718,0.661008967,0.854866921,0.018132293,1.372980244,-0.210649341,0.058460812,-0.542866647,-19
4.458778858,0.966111211,0.05360707,1.852017633,4.265840622,-1.078447466,0.925002766,0.848634322,-0.164218203,1.440571762,-0.747911949,-21.88205954,8.110982124,-19
4.466773987,0.993967579,0.056352333,1.85812982,3.342764115,0.329431488,0.733462409,0.853329756,-0.165475361,1.434025995,0.563452121,-0.150859041,-0.78549199,-19
4.474920988,1.022442638,0.059172792,1.864456366,3.417007091,0.338455114,0.759185511,0.86217759,-0.169832977,1.428204459,1.061740128,-0.522913841,-0.698584401,-19
4.483397961,1.050625175,0.06176401,1.870226988,3.381904445,0.310946121,0.692474701,0.866222571,-0.17308815,1.423727053,0.485397724,-0.39062079,-0.537288683,-19
4.49170804,1.078436069,0.064557929,1.875793807,3.337307332,0.335270339,0.668018234,0.868248882,-0.175348338,1.418281197,0.243157236,-0.271222554,-0.653502709,-19
4.500341892,1.105616932,0.06720507,1.881257681,3.26170359,0.317656881,0.655664848,0.867067204,-0.176050721,1.414286718,-0.14180131,-0.084285923,-0.479337503,-19
4.508352995,1.133050684,0.069977431,1.88648784,3.29205025,0.332683294,0.627619086,0.867152287,-0.178477744,1.409377966,0.010209912,-0.291242851,-0.589050247,-19
4.516612053,1.160118206,0.072962605,1.891382364,3.248102562,0.358220877,0.58734293,0.861853713,-0.179295771,1.404018639,-0.635828831,-0.098163188,-0.643119277,-19
4.524860859,1.187017604,0.075809259,1.89649593,3.227927822,0.341598503,0.61362785,0.861976844,-0.17969175,1.399562952,0.01477574,-0.047517462,-0.534682365,-19
4.533392906,1.213032506,0.078829213,1.901636499,3.12178824,0.362394445,0.616868388,0.859776985,-0.177558381,1.393968723,-0.26398308,0.256004217,-0.671307551,-19
4.542258024,1.240192503,0.081919748,1.906471725,3.259199634,0.370864193,0.580227046,0.86089955,-0.180228861,1.38992765,0.134707835,-0.320457614,-0.484928734,-19
4.54982686,1.2660136,0.084925646,1.91123221,3.098531579,0.360707796,0.571258194,0.860434028,-0.177513293,1.386024635,-0.05586272,0.325868227,-0.468361831,-19
4.558714867,1.292115171,0.088133541,1.915906972,3.132188605,0.384947434,0.560971459,0.859740312,-0.175547574,1.380818903,-0.083245853,0.235886273,-0.624687818,-19
4.567466974,1.318167612,0.091498942,1.92041901,3.12629283,0.40384807,0.541444623,0.859398483,-0.173666213,1.376087498,-0.04101954,0.225763271,-0.567768603,-19
4.575624943,1.343381869,0.094869298,1.924450021,3.025710861,0.404442777,0.483721267,0.855132765,-0.171339366,1.371526454,-0.511886169,0.279221663,-0.54732525,-19
4.583440065,1.368853679,0.098310424,1.92904159,3.056617205,0.412935122,0.55098827,0.863044473,-0.16728474,1.366420499,0.949404945,0.48655509,-0.612714589,-19
4.591405869,1.394299214,0.102033165,1.933423219,3.053464238,0.446728908,0.525795544,0.862785791,-0.164663359,1.360750156,-0.031041828,0.314565746,-0.680441137,-19
4.600039959,1.419475482,0.105547677,1.9368966,3.021152092,0.421741392,0.416805711,0.855593274,-0.158429937,1.35600403,-0.863102048,0.748010692,-0.569535154,-19
4.60895586,1.444461703,0.109340048,1.940722775,2.998346568,0.455084525,0.459140949,0.861415636,-0.155230914,1.352526121,0.698683483,0.383882759,-0.417349061,-19
4.616750956,1.469283807,0.113239779,1.944717134,2.978652449,0.467967751,0.479323118,0.865601082,-0.151723888,1.346872394,0.502253573,0.420843092,-0.67844726,-19
4.625798941,1.494331885,0.117311091,1.948528711,3.005769344,0.488557436,0.45738915,0.865837835,-0.145812131,1.340994607,0.028410326,0.709410887,-0.705334472,-19
4.633179903,1.518356438,0.121052548,1.951739686,2.88294636,0.448974861,0.385317117,0.870399012,-0.141063861,1.340827553,0.547341263,0.569792354,-0.020046428,-19
4.641722918,1.542753236,0.125001296,1.954833854,2.927615796,0.473849723,0.371300148,0.860487013,-0.132854551,1.335437111,-1.189439954,0.98511715,-0.646853111,-19
4.650331974,1.566526957,0.129420592,1.958263933,2.852846482,0.530315505,0.411609393,0.865275145,-0.127042595,1.330903535,0.574575925,0.697434769,-0.544029062,-19
4.658880949,1.590378827,0.133831999,1.961548183,2.862224399,0.529368856,0.394110069,0.864909393,-0.121247891,1.326402566,-0.043890252,0.695364524,-0.540116271,-19
4.666851044,1.614173054,0.137895546,1.96439611,2.855307287,0.487625598,0.341751204,0.863518151,-0.115861119,1.32374503,-0.166949086,0.646412647,-0.318904401,-19
4.674964905,1.637970952,0.142350728,1.96733004,2.855747803,0.534621848,0.352071632,0.863802716,-0.110076597,1.319046651,0.034147749,0.694142594,-0.563805436,-19
4.683265924,1.661486931,0.147045168,1.969803526,2.821917447,0.563332881,0.296818289,0.865247487,-0.106054025,1.314877813,0.173372603,0.482708659,-0.500260594,-19
4.691912889,1.685032369,0.151746808,1.97214262,2.825452586,0.564196716,0.280691252,0.864075302,-0.101244019,1.310428809,-0.140662173,0.57720064,-0.533880451,-19
4.69997406,1.70843101,0.156355308,1.974475705,2.807836925,0.553020002,0.2799702,0.864379906,-0.095953247,1.306492537,0.036552447,0.634892644,-0.472352597,-19
4.708317041,1.73175342,0.161199786,1.976433354,2.798689194,0.581337354,0.234917899,0.863432659,-0.091468797,1.302607331,-0.113669673,0.538134011,-0.466224755,-19
4.71816206,1.754986853,0.166101574,1.978492534,2.788011973,0.588214644,0.247101611,0.863765318,-0.086876645,1.298087114,0.039919056,0.551058285,-0.542426018,-19
4.725308895,1.777969265,0.171230748,1.980182473,2.757889359,0.615500875,0.202792704,0.863476518,-0.081919597,1.293330578,-0.034655984,0.594845755,-0.570784288,-19
4.733604908,1.800834039,0.176552179,1.981719901,2.743772846,0.638571667,0.18449139,0.862577824,-0.076749878,1.28799757,-0.107843294,0.620366262,-0.639961035,-19
4.741767883,1.823739398,0.181598333,1.983319617,2.74864313,0.605538485,0.191965859,0.862702175,-0.071070944,1.283462436,0.014922147,0.681472136,-0.544216025,-19
4.750076056,1.846301706,0.187186118,1.984495572,2.707476958,0.670534212,0.141114642,0.862988752,-0.065209971,1.277553428,0.034389232,0.703316753,-0.709080947,-19
4.759181976,1.868834018,0.192729324,1.985509936,2.703877399,0.665184726,0.121723656,0.862472836,-0.059674895,1.272890785,-0.061909913,0.664209087,-0.559517164,-19
4.766520977,1.891320577,0.198186969,1.986691354,2.698387092,0.654917374,0.141770213,0.862856177,-0.053382064,1.268685016,0.046000919,0.755139716,-0.504692269,-19
4.774781942,1.913521294,0.20420762,1.987434657,2.664086079,0.722478108,0.089196331,0.863116351,-0.046859817,1.263286528,0.031220869,0.782669701,-0.647818647,-19
4.784616947,1.935656223,0.210203669,1.988097218,2.656191487,0.719525966,0.079507332,0.863007008,-0.04007413,1.25820648,-0.013121112,0.814282378,-0.609605731,-19
4.791595936,1.95767,0.216472221,1.988571255,2.641653209,0.752226199,0.056884431,0.863121883,-0.033010505,1.252475055,0.013784981,0.847634992,-0.68777103,-19
4.800585985,1.979634209,0.22257308,1.988836379,2.63570509,0.732103032,0.031814821,0.862806866,-0.026157462,1.248819954,-0.037802064,0.822365203,-0.438612106,-19
4.808064938,2.001357118,0.229013424,1.988769096,2.606749111,0.772841339,-0.008073896,0.862697942,-0.019413526,1.245172554,-0.013070919,0.809272288,-0.437687943,-19
4.816661835,2.023047352,0.235439347,1.988765228,2.60282808,0.77111072,-0.000464141,0.863440362,-0.012384826,1.240950084,0.089090436,0.843444039,-0.506696398,-19
4.824859858,2.044824484,0.241853194,1.988498409,2.613255853,0.76966164,-0.032018365,0.862216275,-0.006033537,1.237197353,-0.146890449,0.762154688,-0.450327762,-19
4.833787918,2.066481638,0.248417312,1.987895552,2.598858407,0.787694209,-0.072342779,0.859783089,0.00067731,1.234344849,-0.291982293,0.805301579,-0.342300481,-19
4.841492891,2.088053882,0.255468282,1.987311011,2.588669306,0.84611634,-0.070144907,0.857681819,0.007896192,1.22977841,-0.252152394,0.866265842,-0.547972632,-19
4.849840879,2.109572642,0.262577081,1.986464965,2.582251207,0.853055974,-0.101525563,0.855895323,0.0143835,1.225585572,-0.214379586,0.778477007,-0.503140561,-19
4.858199835,2.131233119,0.269627656,1.9849837,2.599257272,0.846068888,-0.177751829,0.851328847,0.020284672,1.222515158,-0.547977097,0.708140657,-0.368449688,-19
4.866737843,2.152706637,0.276932743,1.983784908,2.576822111,0.876610478,-0.14385504,0.84938366,0.026286247,1.21861137,-0.233422411,0.720188969,-0.468454555,-19
4.875046015,2.174537948,0.284044403,1.981678482,2.619757326,0.853399235,-0.252771075,0.842276234,0.030997791,1.216699273,-0.85289109,0.565385314,-0.229451702,-19
4.883667946,2.195825636,0.291550979,1.979977318,2.554522563,0.900789075,-0.204139684,0.83965544,0.036305538,1.21366524,-0.314495334,0.63692955,-0.364083876,-19
4.891572952,2.216754717,0.299293157,1.978609766,2.511489739,0.929061367,-0.164106229,0.840538826,0.041948794,1.210244511,0.106006318,0.677190764,-0.410487547,-19
4.900295019,2.23840786,0.306806971,1.976176314,2.598377148,0.901657736,-0.292014304,0.833975531,0.045866167,1.20835275,-0.78759538,0.470084779,-0.227011352,-19
4.908118963,2.259079429,0.314675237,1.974088564,2.480588339,0.944191838,-0.250529966,0.834169864,0.050460513,1.206626214,0.023320026,0.55132151,-0.207184248,-19
4.91691184,2.280066345,0.322763393,1.97151497,2.51842987,0.970578766,-0.308831234,0.831293767,0.054868893,1.203962769,-0.345131704,0.529005583,-0.319613481,-19
4.924937963,2.300925516,0.331043098,1.968841832,2.503100507,0.993564639,-0.320776588,0.82930654,0.058710604,1.2016558,-0.238467238,0.461005319,-0.276836258,-19
4.933501005,2.321163518,0.339465362,1.966682639,2.42856026,1.010671702,-0.259103135,0.83308475,0.062727446,1.199478337,0.453385204,0.482021011,-0.261295568,-19
4.942056894,2.341629281,0.348012515,1.963880867,2.455891576,1.025658248,-0.336212697,0.832570274,0.067090723,1.197055184,-0.061737143,0.523593253,-0.290778317,-19
4.949802876,2.362096592,0.356745572,1.960774753,2.456077357,1.047966871,-0.372733609,0.831545112,0.070613936,1.195379745,-0.123019406,0.422785524,-0.201052727,-19
4.959272861,2.383000888,0.365386229,1.957001986,2.508515411,1.036878862,-0.45273215,0.825990844,0.073272974,1.19507251,-0.666512159,0.319084644,-0.03686819,-19
4.966657877,2.403179374,0.374433133,1.953856432,2.421418343,1.085628468,-0.377466383,0.827188801,0.077079838,1.192540555,0.143754784,0.456823694,-0.30383458,-19
4.975076914,2.422956638,0.383796588,1.950806819,2.373271657,1.123614567,-0.365953587,0.830165355,0.080919567,1.19102996,0.357186505,0.460767385,-0.181271338,-19
4.983780861,2.443405236,0.392994852,1.946873244,2.453831813,1.103791725,-0.472029067,0.826477128,0.08423498,1.189720377,-0.442587265,0.397849593,-0.157150046,-19
4.991680861,2.463549463,0.402404006,1.943001035,2.417307185,1.129098483,-0.464665033,0.825093596,0.087250625,1.188899658,-0.166023813,0.361877439,-0.098486184,-19
5.00028801,2.484126243,0.411686212,1.938486971,2.46921367,1.11386466,-0.54168772,0.820003151,0.08873466,1.189445948,-0.610853405,0.178084225,0.065554697,-19
5.008497953,2.503767226,0.42167977,1.934518828,2.356917936,1.199227014,-0.476177077,0.82161239,0.091636978,1.187788072,0.193108679,0.348278157,-0.198945125,-19
5.016793013,2.524161483,0.431241657,1.929816936,2.447310881,1.147426432,-0.56422703,0.8164911,0.092895907,1.188321323,-0.614554775,0.151071469,0.0639902,-19
5.024976015,2.544253643,0.441260619,1.92511535,2.411059188,1.202275414,-0.564190386,0.812596975,0.094871247,1.187902421,-0.467294961,0.237040723,-0.050268227,-19
5.033252954,2.563542674,0.451594738,1.92099331,2.314683686,1.240094278,-0.494644767,0.814631701,0.097240349,1.187342243,0.244167045,0.284292277,-0.067221397,-19
5.042255878,2.582381803,0.461807624,1.917021237,2.260695457,1.225546329,-0.47664881,0.819241624,0.100259201,1.187886716,0.553190805,0.362262252,0.065336763,-19
5.050693035,2.601263038,0.472655595,1.912877533,2.265748191,1.301756532,-0.49724447,0.824330846,0.102126699,1.186746442,0.610706683,0.224099771,-0.136832903,-19
5.058331966,2.620961047,0.483352732,1.908205128,2.363761175,1.2836565,-0.560688616,0.823070552,0.10320957,1.186266335,-0.151235371,0.129944507,-0.057612799,-19
5.067195892,2.640890667,0.494017858,1.903007604,2.391554353,1.279815038,-0.623702846,0.818802942,0.104023554,1.186618961,-0.512113191,0.097678073,0.042315124,-19
5.074971914,2.660821631,0.504646112,1.897071946,2.391715651,1.275390522,-0.712278976,0.811034826,0.103797009,1.18886467,-0.932173915,-0.027185373,0.269485109,-19
5.084089994,2.681533079,0.515150282,1.890144308,2.485373766,1.260500446,-0.831316526,0.795398614,0.102386179,1.192448601,-1.8763454,-0.16929966,0.4300717,-19
5.092329979,2.702877289,0.525745715,1.882764439,2.561305246,1.271451911,-0.885584326,0.775611592,0.099744219,1.195269772,-2.374442702,-0.317035174,0.338540511,-19
5.100065947,2.722664915,0.536903568,1.876608401,2.374515083,1.338942375,-0.73872447,0.769203538,0.098444966,1.196759549,-0.768966457,-0.155910342,0.178773174,-19
5.108522892,2.742533954,0.547980263,1.87031146,2.384284746,1.329203437,-0.755632951,0.761671445,0.096706023,1.199169386,-0.903851186,-0.208673171,0.289180444,-19
5.1171,2.762344337,0.559268703,1.863782258,2.377245948,1.35461271,-0.783504244,0.754173055,0.094933616,1.201543698,-0.899806741,-0.212688822,0.284917429,-19
5.124934912,2.782062208,0.570812829,1.857185891,2.366144525,1.385295195,-0.791564061,0.747674408,0.092554073,1.203752387,-0.77983765,-0.285545138,0.265042714,-19
5.133453846,2.801739405,0.58238941,1.850437377,2.361263595,1.389189736,-0.809821692,0.740686609,0.090015202,1.206051454,-0.838535875,-0.304664575,0.275888009,-19
5.141634941,2.821657394,0.593939049,1.843271303,2.390158633,1.38595665,-0.859928843,0.731506487,0.086268728,1.209353624,-1.101614643,-0.449576816,0.396260466,-19
5.150115967,2.841360081,0.605769737,1.836311407,2.364322524,1.41968248,-0.83518754,0.724816902,0.082967697,1.211570217,-0.802750261,-0.396123765,0.265991093,-19
5.158258915,2.860931704,0.617785579,1.829109745,2.348594697,1.441901048,-0.864199489,0.718162453,0.079747345,1.214033718,-0.798533826,-0.386442277,0.295620147,-19
5.167188883,2.880623623,0.629760151,1.821733974,2.363030282,1.436948654,-0.885092456,0.711283651,0.075502884,1.217087827,-0.825456177,-0.509335222,0.366493115,-19
5.174866915,2.900502729,0.641718817,1.814019869,2.385492687,1.43504001,-0.925692613,0.701859414,0.070894039,1.22022057,-1.1309085,-0.553061443,0.375929146,-19
5.18364501,2.920203398,0.654054364,1.806294494,2.364080339,1.480265535,-0.927045017,0.693984125,0.066152355,1.22317229,-0.945034657,-0.569002064,0.354206425,-19
5.19167304,2.94002529,0.666227532,1.798328546,2.378627022,1.460780215,-0.955913725,0.683706573,0.061486303,1.226076122,-1.233306272,-0.559926282,0.348459786,-19
5.199950933,2.959689804,0.678635241,1.790449611,2.359741673,1.488925121,-0.945472211,0.67573058,0.056672065,1.229235232,-0.957119142,-0.577708578,0.379093238,-18.98938841
5.209046841,2.979340116,0.691056132,1.78246839,2.358037476,1.49050687,-0.957746543,0.667891618,0.05146287,1.232600113,-0.940675425,-0.625103393,0.403785663,-17.46286986
5.217504025,2.998738146,0.703698477,1.774546371,2.327763599,1.51708142,-0.950642268,0.662141306,0.045865867,1.235939535,-0.690037487,-0.671640374,0.400730704,-16.02005176
5.225199938,3.018148771,0.716344962,1.766490417,2.329274946,1.517578166,-0.966714431,0.656072807,0.040187921,1.239274293,-0.728219887,-0.68135348,0.400170915,-14.43626748
5.233617067,3.037830634,0.729033177,1.758120498,2.361823624,1.522585825,-1.004390328,0.647386489,0.034224466,1.242813452,-1.042358082,-0.715614638,0.424699056,-12.47554586
5.242424965,3.057652401,0.74183248,1.749453606,2.37861202,1.535916384,-1.040026997,0.637390424,0.028171114,1.246362591,-1.199527887,-0.726402255,0.42589678,-11.05534672
5.250108957,3.077580318,0.754605083,1.740683606,2.391350034,1.532712385,-1.052400096,0.627053288,0.021306842,1.249830138,-1.240456285,-0.823712536,0.41610563,-9.916007074
5.258642912,3.112773862,0.769713745,1.728297585,4.22322533,1.813039324,-1.486322501,0.60908632,-0.001764703,1.242955253,-2.156036147,-2.768585478,-0.824986195,-8.170951967
5.266993046,3.132794772,0.782621255,1.719176058,2.402509108,1.548901267,-1.094583227,0.599365475,-0.008363816,1.247124354,-1.166501401,-0.791893491,0.500292088,-6.652960672
5.275339842,3.153012798,0.795955683,1.709854842,2.426163146,1.600131378,-1.118545923,0.589015523,-0.016574476,1.249434586,-1.241994211,-0.98527925,0.277227836,-5.034530895
5.283483982,3.171857394,0.809006348,1.700745404,2.261351552,1.566079717,-1.093132563,0.579040356,-0.023352165,1.252861731,-1.197020122,-0.813322719,0.411257404,-3.498457229
5.292244911,3.191020569,0.82230994,1.6913333,2.299581031,1.596431046,-1.129452485,0.567126111,-0.030948122,1.255259349,-1.429709354,-0.91151479,0.287714116,-1.787984775
5.300344944,3.211248709,0.835617578,1.68171575,2.427376709,1.596916625,-1.154105972,0.555695588,-0.039972304,1.256910651,-1.371662804,-1.082901879,0.198156299,-0.289515763
5.308532953,3.2309336,0.848984141,1.671959266,2.362187004,1.603987594,-1.170778106,0.542826074,-0.045707868,1.262002613,-1.544341645,-0.688267587,0.611035389,1.291382495
5.316828012,3.251436857,0.862331661,1.662121628,2.460390831,1.601702367,-1.18051651,0.531527786,-0.053118511,1.265084023,-1.355794596,-0.889277166,0.369769271,1.976215071
5.325182915,3.271530239,0.876080971,1.652100441,2.411205855,1.649917165,-1.202542505,0.520510714,-0.063389249,1.266114425,-1.322048583,-1.232488594,0.123648168,5.822266319
5.333539963,3.291984117,0.889400602,1.641973071,2.454465306,1.598355713,-1.215284346,0.508729865,-0.068952343,1.271446835,-1.413701848,-0.667571248,0.639889208,6.393606982
5.34196806,3.312482839,0.903047606,1.631985105,2.459846686,1.637640515,-1.198555962,0.501084916,-0.078208185,1.273766334,-0.917393946,-1.11070107,0.278339913,8.024190174
5.350410938,3.333560951,0.916714847,1.621355774,2.529373438,1.640068856,-1.275519725,0.491800419,-0.08770382,1.276344775,-1.114139639,-1.139476231,0.309412921,9.689885582
5.358419895,3.353554142,0.930557214,1.610945234,2.399182835,1.661084076,-1.249264817,0.47948954,-0.097158608,1.277962054,-1.477305406,-1.134574578,0.194073509,11.15877118
5.366836071,3.374291161,0.944010981,1.600229725,2.488442305,1.614452001,-1.285861052,0.469639963,-0.107101064,1.281642295,-1.181949317,-1.193094657,0.441628878,12.75405602
5.37491703,3.394599475,0.957970331,1.589379708,2.4369977,1.675122065,-1.302001956,0.456419171,-0.117112191,1.283362247,-1.586495066,-1.201335258,0.206394289,14.2727004
5.383420944,3.414814473,0.972023487,1.578628701,2.425799727,1.686378757,-1.290120929,0.444100747,-0.131081074,1.283983907,-1.478210836,-1.676265968,0.074599125,10.55622827
5.391640902,3.43608544,0.985627884,1.567873673,2.552516118,1.632527545,-1.290603302,0.434378249,-0.13838778,1.287610604,-1.166699768,-0.876804747,0.435203652,15.80449438
5.399960995,3.457064104,0.999302191,1.556835853,2.517439643,1.640916847,-1.32453837,0.426757435,-0.150058572,1.291169741,-0.914497711,-1.400495014,0.427096434,17.45015093
5.408400059,3.478290563,1.013096578,1.545779167,2.547175065,1.655326468,-1.326802355,0.420743408,-0.162344723,1.293621757,-0.721683234,-1.474338157,0.294241877,19
5.417197943,3.499221751,1.026890317,1.534716387,2.511742515,1.655248747,-1.327533587,0.411679046,-0.175496911,1.296253729,-1.087723357,-1.578262483,0.315836701,19
5.424928904,3.520061429,1.040903946,1.523370112,2.500761428,1.681635462,-1.361553033,0.401420816,-0.186646393,1.298438125,-1.230987667,-1.337937828,0.262127566,19
5.433542013,3.542145656,1.054971582,1.510620983,2.650107274,1.688116261,-1.529895435,0.382550515,-0.202080698,1.298733504,-2.264436104,-1.852116604,0.035445369,19
5.441643953,3.564323057,1.069245597,1.499157005,2.661288059,1.712881835,-1.37567738,0.374040597,-0.21707248,1.298554857,-1.021190103,-1.799013873,-0.021437541,19
5.450232983,3.583737138,1.082307001,1.488906325,2.329689678,1.567368424,-1.230081661,0.372281132,-0.224663459,1.30644626,-0.211135843,-0.910917515,0.946968296,19
5.458860874,3.60387493,1.096849147,1.477259758,2.416535065,1.745057616,-1.397588044,0.359352624,-0.243361489,1.3045373,-1.551421017,-2.243763641,-0.229075226,19
5.466593981,3.626423315,1.109803571,1.466442809,2.705806176,1.554530806,-1.298033792,0.359655689,-0.247433119,1.313008478,0.036367793,-0.488595484,1.016541436,19
5.47497201,3.647529863,1.123963248,1.454682051,2.532785771,1.699161305,-1.411290976,0.349883956,-0.262530565,1.314683871,-1.172607856,-1.811693547,0.201047171,19
5.483458042,3.669093119,1.137672366,1.443230508,2.58759079,1.645094123,-1.374185145,0.343465749,-0.275264514,1.318035033,-0.770184873,-1.528073904,0.402139378,19
5.491801023,3.690968114,1.151276665,1.431123031,2.624999385,1.632515878,-1.452897284,0.331258907,-0.289255414,1.320855321,-1.46482107,-1.678907951,0.338434604,19
5.500180006,3.712559349,1.164939477,1.419563236,2.590948141,1.639537442,-1.387175372,0.323419705,-0.302786996,1.323890918,-0.940704233,-1.623789871,0.364271558,19
5.508270979,3.733551485,1.179272269,1.407712733,2.51905635,1.719935051,-1.422060361,0.31028831,-0.323334264,1.321158173,-1.575767362,-2.465672152,-0.327929293,19
5.517194986,3.747936139,1.216724742,1.398661547,1.726158504,4.494296708,-1.086142355,0.314528658,0.060715735,-1.328702765,0.508841749,46.08599981,-317.9833126,19
5.525490999,3.765245639,1.214757332,1.381866749,2.077139994,-0.236089197,-2.015375783,0.299390709,-0.145353251,1.274552486,-1.816553928,-24.72827826,312.3906301,19
5.533535957,3.787914664,1.227877196,1.370227437,2.720283049,1.574383731,-1.396717441,0.290164507,-0.157282361,1.279019195,-1.107144165,-1.431493189,0.536005062,19
5.542752981,3.810322739,1.241443659,1.358300781,2.688969005,1.627975524,-1.431198635,0.277750768,-0.169413021,1.279497414,-1.489648689,-1.455679277,0.057386212,19
5.550057888,3.833850895,1.25560332,1.346351588,2.823378674,1.69915937,-1.433903156,0.266216563,-0.179957411,1.276942761,-1.384104627,-1.265326703,-0.306558365,19
5.558766842,3.856066499,1.267881705,1.334801079,2.665872439,1.473406215,-1.386061196,0.256237512,-0.193914975,1.282899384,-1.197486073,-1.674907666,0.714794852,19
5.567054033,3.879784198,1.280184909,1.323328742,2.846123891,1.476384401,-1.376680397,0.248150229,-0.205193547,1.29040027,-0.970474007,-1.353428641,0.900106276,19
5.57526207,3.90272161,1.293326072,1.311820078,2.752489517,1.576939647,-1.381039651,0.238051223,-0.219259459,1.290274476,-1.211880774,-1.687909543,-0.015095283,19
5.583585024,3.933965321,1.317192908,1.31283454,3.74924524,2.864020272,0.121735465,0.16980108,0.490239638,-1.33188994,-8.190017112,85.13989169,-314.6597299,19
5.591574907,3.958699543,1.32921195,1.301856972,2.968106708,1.442285021,-1.317308159,0.1674589,0.503553237,-1.337364567,-0.28106162,1.597631837,-0.656955247,19
5.600116014,3.982273963,1.341811887,1.290015991,2.828930357,1.511992484,-1.420917773,0.156690263,0.514747394,-1.337678639,-1.292236468,1.343298865,-0.037688584,19
5.608392954,4.005747095,1.354554428,1.277903433,2.816775867,1.529104942,-1.453506974,0.143449636,0.52528652,-1.337357746,-1.588875153,1.264695166,0.038507174,19
5.617097855,4.028413574,1.367855619,1.265235551,2.719977425,1.596142913,-1.520145754,0.122915479,0.537446911,-1.32837097,-2.46409886,1.459246888,1.078413117,19
5.625021935,4.053025314,1.379894475,1.253283134,2.953408786,1.444662702,-1.434290057,0.112823639,0.547809738,-1.330133734,-1.211020801,1.243539196,-0.211531776,19
5.633453846,4.077347796,1.392246767,1.240767855,2.918697899,1.482274953,-1.501833556,0.097257527,0.557021648,-1.329950556,-1.867933438,1.105429194,0.021981437,19
5.642154932,4.102410294,1.404132587,1.228400809,3.00749978,1.426298453,-1.484045451,0.08324993,0.567283749,-1.329713371,-1.680911663,1.231452205,0.028462212,19
5.651223898,4.127514041,1.41738627,1.212307836,3.012449618,1.590442021,-1.931156791,0.036819342,0.583309405,-1.316085155,-5.571670534,1.923078622,1.635385937,19
5.659215927,4.15257309,1.428090361,1.203094046,3.007085852,1.284490881,-1.105654843,0.047221311,0.581731005,-1.327535981,1.248236204,-0.189407972,-1.374099212,19
5.666868925,4.177876268,1.439917382,1.189905318,3.036381343,1.419242518,-1.58264727,0.024113239,0.588550922,-1.324284047,-2.772968552,0.818390045,0.390232156,19
5.675245047,4.203710709,1.451458766,1.176775434,3.100132985,1.384966121,-1.575586142,0.003387541,0.595713933,-1.320894368,-2.487083828,0.859561392,0.406761491,19
5.683235884,4.229829064,1.46357641,1.160782734,3.13420256,1.454117225,-1.919124007,-0.040323925,0.609362662,-1.307397783,-5.245375886,1.637847454,1.619590134,19
5.692317963,4.235167439,1.493565662,1.141536755,0.640605019,3.598710297,-2.309517402,0.034208945,0.296357689,-1.339707528,8.943944377,-37.56059681,-3.877169381,19
5.70007205,4.281158049,1.482362927,1.127078953,5.518873138,-1.344328296,-1.73493633,-0.114075326,0.658339868,-1.320574137,-17.79411248,43.43786153,2.29600696,19
5.708453894,4.306818954,1.493991959,1.112426862,3.07930867,1.39548383,-1.758250889,-0.160620881,0.661972492,-1.299603164,-5.585466682,0.435914845,2.516516689,19
5.716845036,4.334607088,1.505460161,1.099095713,3.334576033,1.376184343,-1.599737925,-0.178240247,0.666755462,-1.293324418,-2.11432388,0.573956417,0.753449592,19
5.724927902,4.362931288,1.516520434,1.084815,3.398904077,1.327232693,-1.713685512,-0.19882512,0.670195551,-1.29163908,-2.470184776,0.412810703,0.202240478,19
5.733815908,4.391135024,1.527233343,1.069870197,3.384448325,1.28554909,-1.793376329,-0.223373263,0.672882776,-1.287495318,-2.945777178,0.322466994,0.497251463,19
5.741453886,4.419533574,1.538004061,1.054755349,3.407825962,1.292486115,-1.813781774,-0.248539668,0.675586719,-1.281422076,-3.019968604,0.324473087,0.728789059,19
5.749989986,4.448174866,1.548317894,1.039531927,3.436955013,1.237660035,-1.82681062,-0.273557073,0.674581529,-1.275701322,-3.002088499,-0.12062278,0.68649045,19
5.758978844,4.477018005,1.559868444,1.023639422,3.46117675,1.386065926,-1.907100644,-0.300634395,0.676788507,-1.26781009,-3.249278697,0.264837435,0.946947855,19
5.767185926,4.486531442,1.594659738,1.009065033,1.141612396,4.174955342,-1.74892665,-0.181933391,0.334142021,-1.279203151,14.24412047,-41.11757836,-1.367167279,19
5.775421858,4.515752499,1.605549374,0.991634159,3.506526807,1.306756355,-2.091704952,-0.21009148,0.331556163,-1.271789136,-3.378970617,-0.310302926,0.889681717,19
5.783416986,4.545406038,1.616790094,0.974836905,3.55842474,1.348886325,-2.015670478,-0.235614001,0.330169614,-1.263303132,-3.062702555,-0.166385869,1.018320536,19
5.792284966,4.58004511,1.606901373,0.944556661,4.156688654,-1.186646444,-3.633629196,-0.30505188,-0.599553461,1.235735511,-8.332545542,-111.5667691,299.8846372,19
5.822907925,4.610068544,1.618114473,0.926618368,3.602812051,1.345571985,-2.152595176,-0.332891736,-0.596957363,1.226711744,-3.340782686,0.311531802,-1.082852078,19
5.824982882,4.701890044,1.651947189,0.870185572,3.701214308,1.356444653,-2.319151472,-0.411234635,-0.584515186,1.205345248,-3.080964353,0.554888164,-0.773726361,19
5.833459854,4.732969915,1.663243092,0.850390629,3.729584549,1.355508358,-2.375393138,-0.436451018,-0.578939618,1.198682775,-3.025965848,0.669068244,-0.799496702,19
5.841547012,4.764335513,1.67458711,0.830167775,3.76387176,1.361282148,-2.426742517,-0.459713043,-0.573649942,1.193338973,-2.791443017,0.634761105,-0.641256218,19
5.849958897,4.795892567,1.685964426,0.809418987,3.78684643,1.365277847,-2.489854529,-0.482221462,-0.568490933,1.188579613,-2.701010292,0.619081026,-0.57112319,19
5.858296871,4.827797914,1.697357646,0.788254076,3.828641647,1.367186471,-2.539789349,-0.503870682,-0.563045071,1.184373502,-2.597906384,0.653503398,-0.504733341,19
5.866739035,4.859921982,1.708843514,0.76684956,3.854888147,1.378304105,-2.56854197,-0.524110414,-0.557856714,1.181298413,-2.42876783,0.622602911,-0.369010756,19
5.875375032,4.892427643,1.720398696,0.74490982,3.900679423,1.386621906,-2.632768786,-0.543818993,-0.552770829,1.178008698,-2.36502953,0.610306238,-0.394765803,19
5.883295059,4.92514598,1.731943641,0.722303827,3.926200418,1.385393333,-2.712719153,-0.563638755,-0.547098182,1.174972453,-2.378371443,0.680717588,-0.364349369,19
5.892149925,4.958198643,1.743561513,0.699323156,3.966319543,1.39414468,-2.757680545,-0.581443857,-0.54140813,1.172810631,-2.13661228,0.682806278,-0.259418595,19
5.899973869,4.991504722,1.755203895,0.675926088,3.9967295,1.397085883,-2.807648101,-0.599466674,-0.534647613,1.171044189,-2.162737964,0.811261969,-0.211973018,19
5.908468008,5.025162595,1.767003766,0.652169165,4.038944682,1.415984433,-2.850830761,-0.616792449,-0.527256978,1.169523959,-2.079093081,0.886876261,-0.182427678,19
5.916625977,5.059052509,1.778770221,0.62776038,4.066789677,1.411974622,-2.929054172,-0.632284976,-0.519979114,1.168988598,-1.859103251,0.873343649,-0.064243267,19
5.925400972,5.093204454,1.790626837,0.60290227,4.098233434,1.422793918,-2.982973278,-0.6481245,-0.511733684,1.1686666,-1.900742879,0.989451612,-0.038639766,19
5.933388948,5.127667958,1.802638455,0.577501395,4.135620536,1.44139414,-3.048104961,-0.662766396,-0.503488018,1.168948568,-1.757027495,0.989479889,0.033836103,19
5.941474915,5.162380052,1.814799828,0.551781091,4.165451207,1.459364841,-3.086436468,-0.676395424,-0.495382617,1.169431998,-1.635483384,0.972648197,0.0580116,19
5.949967861,5.197194656,1.82683917,0.525336267,4.177752464,1.44472104,-3.173378873,-0.690566158,-0.485958587,1.171328087,-1.700487983,1.130883524,0.227530687,19
5.958900928,5.232240426,1.839078056,0.498521197,4.205492463,1.468666223,-3.217808429,-0.704430935,-0.476690518,1.173296193,-1.663773339,1.112168337,0.236172777,19
5.967027903,5.267644424,1.851390165,0.470943295,4.248479737,1.47745309,-3.309348277,-0.716652214,-0.467333689,1.175641081,-1.466553373,1.122819389,0.281386574,19
5.974869967,5.303253623,1.863825723,0.44295774,4.273103872,1.492267011,-3.358266505,-0.728790378,-0.457291161,1.178474651,-1.456579775,1.205103393,0.340028368,19
5.983304024,5.338957931,1.876342439,0.414120422,4.28451692,1.502005937,-3.460478203,-0.740464635,-0.447336601,1.181523107,-1.400910826,1.194547274,0.365814694,19
5.991431952,5.374774484,1.888395162,0.384826879,4.297986438,1.44632679,-3.515225095,-0.749026055,-0.435520394,1.18805258,-1.027370378,1.417944795,0.783536755,19
5.999944925,5.411420508,1.901428059,0.355905402,4.397522811,1.56394755,-3.470577359,-0.757339757,-0.424846635,1.192225639,-0.997644229,1.280851083,0.500767159,19
6.008067846,5.447447093,1.914200444,0.324978022,4.323190234,1.532686202,-3.711285533,-0.768934375,-0.412386032,1.196055382,-1.391354114,1.495272395,0.459569119,19
6.016700983,5.483605396,1.926959823,0.293087217,4.338996423,1.531125544,-3.826896547,-0.779860095,-0.398632497,1.200545695,-1.311086454,1.650424119,0.538837587,19
6.049442053,5.520950063,1.940560352,0.262569833,4.481359961,1.63206339,-3.662086137,-0.786771433,-0.386417545,1.205102522,-0.829360534,1.4657943,0.546819249,19
6.049816847,5.59395922,1.966929192,0.195572377,8.761098842,3.164260849,-8.039694777,-0.805992221,-0.35614342,1.214148149,-2.306494598,3.632895014,1.085475166,19
6.050094843,5.631117504,1.98082984,0.16225755,4.458994056,1.668077821,-3.997779192,-0.817280128,-0.340150585,1.218517269,-1.354548796,1.919140208,0.524294443,19
6.058763027,5.658294496,1.986602021,0.128344677,3.261239059,0.692661631,-4.069544786,-0.840929205,-0.327569557,1.282709581,-2.837889236,1.509723276,7.703077401,19
6.075207949,5.706818803,2.039599135,0.149508822,5.822916909,6.359653768,2.539697433,-0.747800558,0.075264815,-1.318604292,11.17543756,48.34012471,-312.1576647,19
6.100395918,5.761169526,2.074736111,0.173884343,6.522086733,4.216437019,2.925062482,-0.775711886,0.020466082,-1.439701836,-3.349359247,-6.575847937,-14.53170526,19
6.10904789,5.776047885,2.082723062,0.181059384,1.785403067,0.958434141,0.861004923,-0.765060919,-0.018880172,-1.453113379,1.278116025,-4.721550569,-1.609385224,19
6.116966009,5.791651436,2.089984751,0.185463694,1.872426131,0.87140268,0.528517283,-0.754813301,-0.074484163,-1.488928212,1.229714075,-6.672478916,-4.297779987,19
6.125607967,5.807321555,2.09905961,0.189661341,1.880414243,1.088983135,0.503717611,-0.739800193,-0.154096909,-1.527627859,1.801572949,-9.55352944,-4.643957608,19
6.133314848,5.822421696,2.110736095,0.192221649,1.812016979,1.401178157,0.307236985,-0.735324839,-0.185224678,-1.550531418,0.537042494,-3.735332383,-2.748427033,19
6.14172101,5.837250551,2.120599041,0.194004906,1.779462519,1.183553551,0.213990784,-0.733009382,-0.227564087,-1.576888753,0.277854833,-5.080728988,-3.162880238,19
6.149955034,5.852277845,2.128946703,0.195740363,1.803275346,1.001719373,0.208254826,-0.727337568,-0.258358638,-1.602111805,0.680617715,-3.695346105,-3.026766248,19