Time,xPos,yPos,zPos,xVel,yVel,zVel,pitch,roll,yaw,pitchVel,rollVel,yawVel,elevAngle,elevTime
0,-8.370170407,0.234831651,1.472988759,-1004.420449,28.17979807,176.7586511,-0.030505982,-0.104537962,-1.522881513,-3.660717837,-12.54455543,-182.7457816,1.04787881,1.267031908
0.008657932,-8.370366285,0.234878393,1.473022677,-0.023505346,0.005609124,0.004070083,-0.028955503,-0.103293062,-1.521959449,0.186057459,0.149387947,0.110647624,0.717207288,1.27557683
0.016938925,-8.370525348,0.234923602,1.473036751,-0.019087556,0.005424988,0.001688934,-0.027894142,-0.102141743,-1.521112833,0.127363315,0.138158307,0.101594,0.635121332,1.283871889
0.025353909,-8.37063858,0.234986004,1.473048271,-0.013587861,0.007488341,0.001382453,-0.027247372,-0.10094098,-1.520250697,0.077612371,0.144091538,0.103456243,0.496382044,1.291688919
0.033864975,-8.370723775,0.235010195,1.473060213,-0.010223411,0.002902828,0.001432996,-0.02697564,-0.099894494,-1.519455529,0.032607855,0.125578373,0.095420158,0.322847536,1.300650835
0.042085886,-8.370794595,0.235065217,1.473063949,-0.008498357,0.006602683,0.000448356,-0.026940094,-0.098848976,-1.518801729,0.004265517,0.125462127,0.078456029,0.165967081,1.308970928
0.05033493,-8.370862422,0.235121597,1.473074158,-0.00813927,0.006765564,0.001225074,-0.027176261,-0.097946988,-1.518166245,-0.028340002,0.108238613,0.076258145,0.081814113,1.317159891
0.05875802,-8.370899511,0.2352072,1.473063806,-0.004450648,0.010272389,-0.001242258,-0.027662278,-0.097229333,-1.517709308,-0.058322013,0.086118519,0.054832405,0.303235185,1.325730801
0.066656828,-8.370936891,0.23532103,1.473083155,-0.004485694,0.013659651,0.00232189,-0.028205841,-0.096417739,-1.517319255,-0.065227612,0.097391335,0.046806364,0.329528672,1.333892822
0.075435877,-8.370966441,0.235460402,1.473100908,-0.003545964,0.016724601,0.002130285,-0.028929301,-0.095766979,-1.517117267,-0.086815181,0.07809115,0.024238527,0.411706911,1.342310905
0.083304882,-8.370209859,0.218809525,1.469399508,0.090789849,-1.998105268,-0.444167998,-0.007397918,0.030027293,1.464344369,2.583765979,15.09531273,357.7753964,0.460036171,1.350751877
0.091696024,-8.370276625,0.21921473,1.469267797,-0.008011903,0.048624569,-0.01580525,-0.009414957,0.026845631,1.463036255,-0.242044634,-0.381799466,-0.156973749,0.314177102,1.358808994
0.099934816,-8.370348839,0.219410246,1.469294457,-0.008665677,0.023461998,0.003199135,-0.010519911,0.023584613,1.462853114,-0.132594519,-0.391322173,-0.021976893,0.34532905,1.366703987
0.108346939,-8.371533208,0.238289869,1.47202273,-0.142124314,2.265554738,0.3273928,-0.034122579,-0.129840477,-1.504690515,-2.832320183,-18.4110108,-356.1052355,0.789769128,1.375383854
0.116735935,-8.371698181,0.238814949,1.472056512,-0.019796703,0.063009653,0.004053806,-0.035341825,-0.125370376,-1.502482093,-0.146309537,0.536412091,0.265010684,0.868214969,1.383955956
0.124912024,-8.371803384,0.238691001,1.472520377,-0.012624414,-0.014873789,0.05566379,-0.035003959,-0.114628768,-1.503972267,0.040543945,1.288993026,-0.178820906,0.960577677,1.392442942
0.133330822,-8.371941683,0.238759497,1.472804223,-0.016595917,0.008219455,0.034061597,-0.035065013,-0.108562282,-1.504269947,-0.007326524,0.727978223,-0.035721667,0.989052401,1.400525808
0.141901016,-8.372142264,0.238816336,1.473005112,-0.024069707,0.006820747,0.024106647,-0.035285831,-0.105868505,-1.504865258,-0.026498064,0.323253324,-0.071437307,1.380656322,1.408427954
0.149868011,-8.372475913,0.239000015,1.473033534,-0.040037891,0.022041499,0.003410676,-0.036415024,-0.105760975,-1.504755993,-0.135503174,0.012903613,0.013111857,1.035515785,1.418267012
0.158761024,-8.372567399,0.238392024,1.473802997,-0.010978275,-0.072958962,0.092335579,-0.034068462,-0.103625324,-1.509358354,0.281587388,0.256278032,-0.552283277,1.172871197,1.425494909
0.166796923,-8.372741808,0.238120399,1.474294381,-0.020929088,-0.032594974,0.058965988,-0.032610228,-0.103655421,-1.511938099,0.174988049,-0.003611625,-0.309569452,1.024132864,1.433592796
0.174866915,-8.372991868,0.238052809,1.474660781,-0.030007231,-0.008110802,0.043968024,-0.031510441,-0.104269046,-1.513366336,0.131974478,-0.073634973,-0.171388487,19,1.441887856
0.183466911,-8.373311262,0.238081635,1.474897667,-0.038327294,0.00345908,0.028426309,-0.030737439,-0.105745561,-1.514139898,0.092760233,-0.177181774,-0.092827429,1.907428327,1.45100379
0.191694021,-8.373668165,0.238129799,1.475053628,-0.042828344,0.005779746,0.018715362,-0.030227302,-0.107578414,-1.514933642,0.061216482,-0.21994245,-0.09524921,1.164625415,1.458760023
0.200447798,-8.374038128,0.238205065,1.475193459,-0.044395552,0.009031881,0.016779726,-0.029491747,-0.109468905,-1.515465297,0.088266519,-0.226858892,-0.06379864,-0.543483032,1.466910839
0.208375931,-8.374398117,0.238273635,1.475297499,-0.043198623,0.008228336,0.012484742,-0.028687263,-0.111579834,-1.516199402,0.096538096,-0.253311422,-0.088092626,-1.22083283,1.475138903
0.21676302,-8.374750288,0.238329942,1.475414305,-0.042260587,0.006756894,0.01401681,-0.027657417,-0.113515793,-1.516887602,0.123581546,-0.232315125,-0.082583992,-2.242122987,1.483719826
0.22497201,-8.37510175,0.238375598,1.475521656,-0.042175364,0.005478719,0.01288211,-0.026408912,-0.115602975,-1.517721256,0.149820584,-0.250461805,-0.100038445,-2.913973341,1.491930008
0.233772993,-8.375429839,0.238402694,1.475656175,-0.039370741,0.003251561,0.016142291,-0.025069645,-0.117404509,-1.51845024,0.160712058,-0.216184096,-0.08747813,-3.119270734,1.501310825
0.241750956,-8.375746391,0.238389584,1.475771441,-0.037986228,-0.001573213,0.013831916,-0.023805434,-0.1191553,-1.519458984,0.151705281,-0.210094955,-0.121049207,-3.751850652,1.508710861
0.491587877,-8.382696279,0.230343924,1.482262378,-0.04874852,-0.038450498,0.059208145,-0.018346224,-0.106811289,-1.537094753,0.073586992,0.140057721,-0.01272664,-3.16893619,1.517104864
1.283587933,-8.411883157,0.227550517,1.502363094,-0.017144548,-0.030402976,0.028912705,-0.004542072,-0.078513752,-1.561039164,0.07778428,-0.122008372,-0.245036376,-3.693669682,1.525224924
1.291453838,-8.412027589,0.227302002,1.502605465,-0.017331873,-0.029821766,0.029084561,-0.004014403,-0.079475154,-1.56307657,0.063320222,-0.115368321,-0.24448871,-3.755963988,1.534021854
1.300305843,-8.412182707,0.227046888,1.502846189,-0.018614162,-0.030613677,0.028886851,-0.00363372,-0.080276455,-1.565056856,0.045681985,-0.096156023,-0.237634326,-3.680390178,1.542181969
1.308612823,-8.412318018,0.226779657,1.503068616,-0.01623732,-0.032067748,0.026691232,-0.003382619,-0.080953697,-1.56687836,0.030132118,-0.081269111,-0.218580419,-3.210187523,1.550079823
1.316888809,-8.412426883,0.226474819,1.503309571,-0.013063758,-0.036580538,0.028914531,-0.00319022,-0.081405044,-1.568916135,0.02308797,-0.054161667,-0.24453299,-3.749881273,1.558565855
1.325351,-8.412538617,0.226172584,1.503563231,-0.013408038,-0.036268226,0.030439213,-0.002830808,-0.081508847,-1.570771529,0.043129327,-0.012456323,-0.222647317,-3.044663392,1.567000866
1.333573818,-8.4126388,0.225850943,1.503815021,-0.012022044,-0.03859684,0.030214804,-0.002458017,-0.081622794,-1.572738679,0.044734971,-0.01367361,-0.236058044,-3.377644616,1.575195789
1.3419168,-8.412748007,0.225525635,1.504054422,-0.013104821,-0.039036977,0.028728149,-0.002037174,-0.081692867,-1.574563752,0.050501143,-0.008408775,-0.219008699,-3.945630757,1.584746838
1.350229025,-8.412859491,0.2251808,1.504323201,-0.013378072,-0.041380228,0.032253522,-0.001581019,-0.081626038,-1.576275599,0.054738614,0.008019494,-0.205421691,-3.671149612,1.592337847
1.358491898,-8.412972624,0.224834248,1.504563765,-0.013575979,-0.041586221,0.028867661,-0.001255342,-0.081547372,-1.57797859,0.039081197,0.00943985,-0.204358932,-3.562964206,1.600608826
1.366434813,-8.413107863,0.224483382,1.504760837,-0.016228661,-0.042103886,0.023648609,-0.000931469,-0.081517664,-1.579511375,0.038864777,0.003565048,-0.183934211,-4.135289825,1.609423876
1.375017881,-8.41325623,0.22411577,1.504997896,-0.017803999,-0.044113524,0.028447109,-0.000268006,-0.081159167,-1.581051835,0.079615604,0.043019597,-0.184855116,-4.234056948,1.617455006
1.383606911,-8.413404318,0.223739645,1.505205804,-0.017770531,-0.045134971,0.024948899,0.000430678,-0.080703966,-1.582604506,0.08384202,0.054624163,-0.186320595,-3.505658573,1.625319004
1.392007828,-8.413532733,0.223358389,1.505414419,-0.015409908,-0.04575066,0.025033802,0.00118744,-0.080158094,-1.584066948,0.090811467,0.06550454,-0.175492997,-3.213313832,1.635053873
1.400156021,-8.413661365,0.223013853,1.505557093,-0.015435756,-0.041344346,0.017120866,0.001927917,-0.079962391,-1.585625612,0.088857232,0.023484447,-0.187039653,-3.86128594,1.641914845
1.408182859,-8.413755881,0.222648573,1.505732713,-0.011341948,-0.04383359,0.021074426,0.002965685,-0.079689146,-1.587125553,0.124532204,0.032789422,-0.179992997,-3.313938684,1.650700808
1.41738987,-8.413815511,0.222315524,1.505856439,-0.007155581,-0.039965925,0.014847212,0.003708147,-0.079529627,-1.588718223,0.089095379,0.019142191,-0.191120399,-3.074768994,1.65901494
1.42511797,-8.41386618,0.221997128,1.505964754,-0.006080293,-0.038207521,0.012997796,0.004534662,-0.079338182,-1.590466177,0.099181832,0.022973491,-0.209754445,-2.700234709,1.667276859
1.433372021,-8.413878803,0.221709766,1.506033087,-0.001514795,-0.034483449,0.008199848,0.005224321,-0.079316922,-1.592417597,0.082759125,0.002551087,-0.234170335,-2.190997745,1.675719023
1.4416008,-8.414520296,0.203238146,1.502942577,-0.076979192,-2.216594387,-0.370861192,0.039193014,0.001191557,1.549584262,4.076243159,9.661017485,377.040223,-1.730783028,1.684123993
1.450373888,-8.41447945,0.203012731,1.502921148,0.004901594,-0.027049842,-0.002571377,0.039720367,0.001746724,1.551703019,0.063282288,0.066620045,0.254250823,-1.402483346,1.691885948
1.458453894,-8.414347909,0.202792415,1.502819134,0.015784872,-0.026437872,-0.012241747,0.039663383,0.002565887,1.554119383,-0.006838076,0.098299567,0.289963642,-0.922142195,1.700492859
1.466667891,-8.414200492,0.202662255,1.502550257,0.017690107,-0.01561914,-0.032265212,0.0382609,0.004068944,1.556299331,-0.16829797,0.180366844,0.261593842,-0.717221456,1.708943844
1.474853992,-8.414046102,0.202463543,1.502341409,0.018526768,-0.023845445,-0.025061801,0.036397041,0.005188206,1.558999793,-0.22366298,0.134311498,0.324055432,0.003065807,1.717162848
1.483451843,-8.413860164,0.202352557,1.502079589,0.022312546,-0.013318426,-0.031418324,0.033791006,0.006365183,1.561543583,-0.312724287,0.141237238,0.305254814,0.149985709,1.725234985
1.491612911,-8.413638015,0.202234929,1.501775934,0.026657941,-0.014115275,-0.036438627,0.030730351,0.007857403,1.564272838,-0.367278601,0.17906635,0.327510573,0.478749443,1.734155893
1.500434875,-8.413416143,0.202059416,1.501465363,0.026624616,-0.02106155,-0.037268598,0.027584007,0.009274193,1.567502838,-0.377561295,0.170014887,0.387599961,1.054108794,1.742098808
1.508341789,-8.413208438,0.201796525,1.501119091,0.024924579,-0.031546922,-0.041552644,0.024017695,0.010471373,1.570996297,-0.427957385,0.143661599,0.41921513,1.264947931,1.750948906
1.516738892,-8.413039742,0.201487952,1.500842461,0.020243536,-0.037028754,-0.033195571,0.020992406,0.010865302,1.574678294,-0.36303468,0.047271461,0.441839665,1.055253764,1.759217978
1.524913788,-8.412876999,0.201122932,1.500544365,0.019529188,-0.043802431,-0.035771551,0.017632206,0.010875939,1.57880518,-0.403224002,0.001276419,0.495226271,1.416218526,1.767108917
1.533710003,-8.412732063,0.200760266,1.500183776,0.017392221,-0.043519901,-0.043270609,0.014281367,0.01060138,1.582928899,-0.40210068,-0.032947138,0.494846252,1.726056513,1.775420904
1.541844845,-8.412599922,0.200430993,1.499842515,0.015856947,-0.039512775,-0.040951355,0.011070591,0.010234703,1.587090976,-0.385293154,-0.044001156,0.499449236,2.312724732,1.783886909
1.54971385,-8.412462872,0.200077491,1.499556401,0.016445963,-0.042420316,-0.034333648,0.008310943,0.009360713,1.591183912,-0.331157783,-0.104878814,0.491152295,2.035345856,1.791764021
1.558182955,-8.412360487,0.199730266,1.499178227,0.012286309,-0.041666923,-0.045380932,0.005171257,0.008583262,1.595251519,-0.376762308,-0.093294185,0.488112932,2.690332005,1.801016808
1.566623926,-8.412268023,0.199338914,1.498893206,0.011095603,-0.046962251,-0.034202434,0.002668049,0.007141569,1.599043946,-0.300384869,-0.173003071,0.455091177,2.636441058,1.80900383
1.574913979,-8.412186099,0.198972957,1.498589365,0.009830929,-0.043914873,-0.036461012,-3.69E-05,0.005693646,1.602800563,-0.324592686,-0.173750844,0.450794119,2.49835879,1.817737818
1.583930016,-8.412104392,0.198599202,1.498219992,0.009804755,-0.044850596,-0.044324717,-0.003129386,0.004018955,1.606320121,-0.371099587,-0.20096285,0.422346913,2.969558921,1.825685024
1.591897964,-8.412024851,0.198268598,1.497887491,0.009544949,-0.03967246,-0.039900132,-0.005929446,0.00251394,1.609436788,-0.33600718,-0.180601853,0.37400006,3.530355304,1.834101915
1.600168943,-8.411933008,0.197904402,1.497614097,0.011021151,-0.043703571,-0.032807254,-0.008560609,0.000681015,1.612449949,-0.315739593,-0.219951032,0.361579237,2.690401635,1.842494011
1.6089468,-8.411840888,0.197594315,1.497304256,0.011054446,-0.037210409,-0.037180976,-0.011575373,-0.001071684,1.615142665,-0.361771624,-0.210323811,0.323125984,3.40587024,1.851508856
1.617159843,-8.41176579,0.197282629,1.496929951,0.009011705,-0.037402355,-0.044916609,-0.014616924,-0.002615207,1.6173266,-0.364986121,-0.185222789,0.262072207,3.505990678,1.858876944
1.625002861,-8.411671076,0.196968152,1.496676941,0.011365678,-0.037737175,-0.030361137,-0.016992419,-0.00411826,1.619150515,-0.285059357,-0.18036641,0.218869816,2.930495835,1.867249012
1.634124994,-8.411567071,0.196687617,1.496460528,0.012480644,-0.033664151,-0.025969515,-0.019076659,-0.0056026,1.620472494,-0.250108806,-0.178120722,0.158637418,3.228694361,1.875490904
1.641562939,-8.411447722,0.196446453,1.496184134,0.014321861,-0.028939783,-0.033167317,-0.021618683,-0.006389616,1.621420494,-0.305042952,-0.09444193,0.113760059,3.332052796,1.883911848
1.650391817,-8.411312111,0.196225748,1.495976887,0.016273378,-0.02648459,-0.02486969,-0.023660517,-0.006870202,1.621927866,-0.245020097,-0.057670378,0.060884664,2.973244668,1.892084837
1.658684969,-8.411160729,0.196053418,1.495801035,0.018165777,-0.020679626,-0.021102256,-0.025459576,-0.007143887,1.622028234,-0.215887074,-0.032842126,0.012044118,3.536273171,1.901630878
1.666981936,-8.411029525,0.195937284,1.495667177,0.015744486,-0.01393608,-0.016062895,-0.026923335,-0.00719432,1.621521842,-0.175651099,-0.006051974,-0.06076706,2.983853881,1.909211874
1.675392866,-8.410892308,0.195827433,1.495573146,0.016466026,-0.013182108,-0.011283717,-0.0279524,-0.006999212,1.620693876,-0.123487793,0.023412945,-0.099355877,2.897617657,1.917224884
1.683699846,-8.410765105,0.195740403,1.495523837,0.015264402,-0.010443592,-0.005917119,-0.028596297,-0.006662134,1.619641297,-0.077267643,0.040449408,-0.126309524,3.321439681,1.925182819
1.691686869,-8.41066351,0.195705675,1.495502986,0.01219145,-0.004167334,-0.002502039,-0.028972587,-0.006000999,1.618189513,-0.045154779,0.0793362,-0.174214099,2.547124639,1.934679985
1.700241804,-8.410592401,0.195703282,1.495517787,0.008532998,-0.000287187,0.001776044,-0.02897097,-0.005157711,1.616421141,0.000194009,0.101194521,-0.212204607,2.98641256,1.942457914
1.708689928,-8.410554842,0.195734543,1.495566483,0.004507066,0.003751419,0.005843527,-0.028810816,-0.004177208,1.614481761,0.01921849,0.117660345,-0.232725635,3.052746019,1.951097012
1.716902018,-8.410523112,0.195803743,1.495662771,0.003807681,0.008303915,0.011554576,-0.028094164,-0.003280748,1.612573505,0.085998298,0.107575249,-0.22899064,2.514080678,1.958906889
1.725034952,-8.410520638,0.195911902,1.495782284,0.000296801,0.012979115,0.014341571,-0.027282116,-0.002259024,1.61036417,0.097445794,0.122606834,-0.265120274,2.917016954,1.967533827
1.733694792,-8.410551394,0.196081931,1.495934667,-0.003690683,0.020403511,0.018285972,-0.026236683,-0.001147436,1.608097805,0.125451951,0.133390508,-0.271963812,3.405694632,1.975686789
1.741840839,-8.410604861,0.196262353,1.496164639,-0.006416006,0.021650554,0.027596593,-0.024760277,-0.0002723,1.605819049,0.177168652,0.105016326,-0.273450637,2.840468288,1.985064983
1.750573874,-8.410691161,0.196471208,1.496419816,-0.010356075,0.025062661,0.03062126,-0.023157825,0.000515247,1.603502754,0.192294223,0.094505658,-0.277955477,2.523494656,1.99226284
1.75889802,-8.410835928,0.196728737,1.49665788,-0.01737197,0.030903521,0.028567702,-0.021769995,0.001404379,1.601133655,0.16653965,0.106695898,-0.284291882,2.403678545,2.000871897
1.766769886,-8.4110319,0.197005335,1.496927164,-0.023516615,0.033191647,0.032314087,-0.020141978,0.001848835,1.598762071,0.195362004,0.053334728,-0.284590109,2.392602924,2.009009838
1.775091887,-8.411256278,0.19728123,1.497228966,-0.02692536,0.033107518,0.036216245,-0.018312938,0.002066665,1.596515518,0.219484867,0.026139532,-0.269586256,1.360662406,2.017143965
1.783479929,-8.411489271,0.197605375,1.497569683,-0.027959217,0.038897289,0.040886016,-0.016071012,0.002286969,1.594290162,0.269031114,0.02643649,-0.267042788,1.101689686,2.025586843
1.791540861,-8.411770187,0.197907554,1.497880797,-0.033709934,0.036261482,0.037333635,-0.014111464,0.002404079,1.592124072,0.235145726,0.014053172,-0.259930788,1.098742969,2.035068989
1.800272942,-8.412064404,0.198232587,1.498234672,-0.035306046,0.039004027,0.042465056,-0.011689903,0.002232542,1.590111947,0.290587366,-0.020584352,-0.241454969,1.227330993,2.042459965
1.808641911,-8.41238711,0.198625834,1.498598454,-0.03872464,0.04718965,0.043653827,-0.00936895,0.001981268,1.588068888,0.278514356,-0.030152885,-0.245167095,1.249044268,2.051024914
1.817281961,-8.412712126,0.19902524,1.498932058,-0.039001934,0.04792867,0.040032516,-0.007216852,0.001836327,1.586068067,0.258251711,-0.017392895,-0.240098565,0.679886617,2.05911994
1.825213909,-8.413034549,0.199419359,1.49930294,-0.038690799,0.047294298,0.044505752,-0.004745132,0.00148192,1.584128546,0.296606382,-0.042528928,-0.23274249,-0.082477953,2.067517996
1.833772898,-8.413363882,0.199827424,1.499743158,-0.039519936,0.048967837,0.052826249,-0.001885358,0.001038739,1.582241506,0.343172923,-0.053181651,-0.226444741,0.406533421,2.075654984
1.842181921,-8.413698815,0.200278752,1.50005789,-0.040192016,0.054159283,0.037767844,0.000229817,0.001296048,1.580277138,0.253820964,0.030877066,-0.235724239,0.280437227,2.084354877
1.850551844,-8.414033698,0.200700528,1.500465436,-0.040185875,0.050613178,0.048905512,0.002867595,0.001352184,1.578303903,0.31653337,0.006736243,-0.236788178,0.46381896,2.092235804
1.858428955,-8.414366375,0.201138598,1.500906984,-0.039921236,0.052568409,0.052985769,0.005530655,0.001586754,1.576283119,0.319567273,0.028148514,-0.242494028,0.839744684,2.100303888
1.866811991,-8.414681562,0.20156162,1.501273418,-0.037822537,0.050762645,0.043972083,0.007674687,0.002111058,1.574330573,0.257283761,0.062916427,-0.23430557,0.764725297,2.108564854
1.875085831,-8.415002669,0.202004243,1.501684542,-0.038532811,0.053114756,0.049334767,0.010007693,0.002583906,1.572430881,0.279960746,0.05674176,-0.227963045,0.816407616,2.118021011
1.883669853,-8.415309076,0.202445238,1.502110342,-0.036768823,0.052919435,0.051096015,0.012372209,0.003110303,1.570553403,0.283741927,0.063167654,-0.225297303,0.797540215,2.125793934
1.8917768,-8.415583609,0.202840404,1.502485006,-0.032943968,0.047419907,0.044959679,0.014399489,0.003728716,1.568960129,0.243273616,0.074209498,-0.191192969,0.78785603,2.134418011
1.900640011,-8.415860234,0.203278422,1.502935535,-0.033194989,0.052562069,0.054063542,0.01683017,0.004229131,1.567328265,0.291681646,0.060049784,-0.195823669,0.989172326,2.142135859
1.908763885,-8.416132288,0.203660353,1.50333951,-0.032646459,0.045831738,0.048476934,0.018770733,0.004745519,1.5660035,0.232867572,0.061966611,-0.158971805,1.028992017,2.150622845
1.916761875,-8.416395052,0.20406136,1.503731724,-0.031531715,0.048120852,0.047065696,0.020598592,0.005387516,1.564665578,0.219343096,0.077039654,-0.160550554,0.942388198,2.158829927
1.924860954,-8.416630721,0.204422085,1.504199559,-0.028280228,0.043286982,0.056140268,0.022734592,0.005611055,1.563612312,0.256320029,0.026824642,-0.126391953,0.858653994,2.167913914
1.9339118,-8.41686814,0.204789245,1.504559516,-0.02849027,0.044059232,0.043194863,0.024198406,0.006220706,1.562685737,0.175657709,0.07315815,-0.111189056,1.027951675,2.176184893
1.941985846,-8.417112504,0.205112094,1.504989565,-0.029323719,0.038741912,0.05160583,0.025982127,0.00634155,1.561771929,0.21404648,0.014501336,-0.109656901,0.89563274,2.18449688
1.950296879,-8.417374293,0.205439929,1.505420817,-0.031414666,0.039340195,0.051750213,0.027771428,0.006299034,1.56085562,0.214716142,-0.005102025,-0.109957081,1.081758749,2.192361832
1.958480835,-8.41760927,0.205746035,1.505771947,-0.028197262,0.036732671,0.04213559,0.029089932,0.006559459,1.560137732,0.158220438,0.03125108,-0.086146588,1.319433261,2.201146841
1.967155933,-8.417827534,0.206003313,1.506157315,-0.02619165,0.030873372,0.046244236,0.030697729,0.006372638,1.559551454,0.192935663,-0.022418586,-0.070353335,1.135668974,2.209257841
1.975342989,-8.418031993,0.206247378,1.506605456,-0.024535145,0.029287869,0.053776856,0.032661518,0.00593595,1.559080237,0.235654675,-0.052402562,-0.05654606,0.920568882,2.217166901
1.984279871,-8.418225461,0.206499285,1.50697069,-0.023216163,0.030228724,0.043828083,0.034126115,0.005781655,1.558626842,0.175751608,-0.01851533,-0.054407393,0.912925037,2.225554943
1.991820812,-8.418389111,0.206723876,1.507301862,-0.019638011,0.026951002,0.039740705,0.035310752,0.005616463,1.558205795,0.142156529,-0.019823123,-0.050525599,0.872833326,2.234117985
2.000425816,-8.418516974,0.206928455,1.507619859,-0.01534355,0.024549491,0.038159588,0.036379475,0.005305077,1.557915346,0.128246671,-0.03736633,-0.034853932,0.681949121,2.242321014
2.008541822,-8.418598019,0.20708831,1.507960583,-0.009725376,0.019182545,0.040886835,0.037430976,0.004930448,1.557647912,0.126180126,-0.044955447,-0.032092019,0.861796633,2.25097394
2.016888857,-8.418657537,0.207227134,1.508202448,-0.0071421,0.016658928,0.029023844,0.03764695,0.00471385,1.557563601,0.025916883,-0.025991699,-0.010117333,0.117431286,2.258943796
2.025243998,-8.41869748,0.207375491,1.508415725,-0.004793223,0.017802778,0.025593197,0.037655961,0.004474653,1.557453992,0.001081395,-0.028703616,-0.01315307,0.374058133,2.267558813
2.034175873,-8.418710178,0.207509159,1.508623092,-0.001523779,0.016040159,0.024884073,0.037666012,0.004409293,1.557390781,0.001206054,-0.007843229,-0.007585353,-0.067848138,2.275436878
2.042024851,-8.41871447,0.207645887,1.508837475,-0.000515021,0.016407388,0.02572596,0.037777375,0.004249528,1.557377855,0.013363608,-0.019171791,-0.001551146,-0.031496645,2.28350091
2.050606012,-8.41870827,0.207758791,1.509033717,0.000743975,0.013548454,0.023549085,0.037899009,0.004183428,1.557455157,0.014596048,-0.00793198,0.009276253,-0.340026958,2.292241812
2.058702946,-8.41869356,0.207884401,1.509209444,0.001765234,0.015073274,0.021087217,0.037580548,0.004108388,1.557553466,-0.038215305,-0.009004862,0.011797084,-0.732646412,2.30160594
2.067075968,-8.418660483,0.208028732,1.509295059,0.003969263,0.017319708,0.0102738,0.036665761,0.004326204,1.557587475,-0.109774492,0.026137964,0.004081066,-0.816099804,2.308875799
2.075213909,-8.418615159,0.208162181,1.50937351,0.005438825,0.01601389,0.009414121,0.036144269,0.004237642,1.557724731,-0.062578946,-0.010627451,0.016470706,-1.291511494,2.317866802
2.083913803,-8.418559491,0.208260486,1.509444308,0.006680228,0.011796615,0.008495775,0.035538894,0.004016114,1.557962433,-0.072645092,-0.026583404,0.028524322,-1.191411255,2.32563591
2.091794014,-8.418495997,0.208372192,1.509510785,0.007619226,0.013404687,0.007977155,0.035087317,0.003643026,1.55812193,-0.054189262,-0.04477059,0.019139568,-1.616285561,2.334891796
2.099931002,-8.41843336,0.208478787,1.509581028,0.007516511,0.012791352,0.008429276,0.034933035,0.003636906,1.558284922,-0.018513764,-0.000734388,0.019559006,-1.597932553,2.342000961
2.108250856,-8.418365257,0.208612852,1.509641197,0.008172344,0.016087802,0.007220279,0.034723321,0.003696679,1.558480881,-0.025165698,0.007172811,0.023515105,-1.207360909,2.350416899
2.117180824,-8.418271047,0.208751993,1.509693177,0.011305156,0.016696998,0.006237536,0.034560405,0.003892515,1.558591102,-0.019549887,0.023500329,0.013226537,-0.972074286,2.358438969
2.125397921,-8.418150447,0.208889389,1.50975008,0.014471981,0.016487431,0.006828397,0.034393722,0.004123247,1.558706269,-0.020001997,0.027687779,0.013820031,-0.530194383,2.367336988
2.133980989,-8.418017299,0.209037107,1.509773138,0.015977743,0.017726241,0.002766923,0.034215539,0.004406229,1.558722185,-0.021381979,0.033957924,0.001909965,-0.516976261,2.375193834
2.141659021,-8.417880268,0.209160581,1.509777215,0.016443738,0.014816827,0.000489224,0.034189378,0.00493676,1.558754613,-0.003139244,0.063663673,0.003891345,0.408966791,2.383848906
2.150346994,-8.417725057,0.209300923,1.509772408,0.018625289,0.01684099,-0.000576809,0.034194903,0.005586339,1.558753289,0.000662994,0.077949505,-0.000158929,0.852516651,2.391832829
2.15851593,-8.417555875,0.209440509,1.509725658,0.020301935,0.016750423,-0.005610056,0.034124181,0.00646624,1.558787267,-0.008486657,0.105588102,0.004077418,0.717878678,2.400020838
2.167023897,-8.417377748,0.20959722,1.509671006,0.021375173,0.018805336,-0.006558204,0.033990808,0.007399514,1.558817331,-0.016004833,0.111992827,0.003607611,0.639345424,2.408835888
2.175747871,-8.417180896,0.209724199,1.509638228,0.023622235,0.015237476,-0.003933355,0.033999718,0.008275399,1.558908318,0.001069286,0.105106283,0.010918477,0.579313722,2.417481899
2.183738947,-8.417001676,0.209872238,1.50958668,0.02150644,0.017764625,-0.006185709,0.033898564,0.009289451,1.558904254,-0.012138549,0.121686202,-0.000487688,0.519481141,2.425172806
2.192034006,-8.41679112,0.210029773,1.50954691,0.025266717,0.018904205,-0.004772463,0.033951058,0.010146728,1.558972137,0.006299291,0.102873216,0.008145965,0.984159545,2.433787823
2.20035696,-8.416548171,0.210138821,1.509518791,0.029153819,0.013085808,-0.003374282,0.034192904,0.010929731,1.559152387,0.029021478,0.093960343,0.02162999,1.776052207,2.442297935
2.208818913,-8.416303493,0.210230178,1.509485938,0.029361468,0.010962822,-0.003942334,0.034288275,0.011550815,1.559398121,0.011444578,0.074530092,0.02948816,1.40127242,2.45014596
2.216941833,-8.416086603,0.210353457,1.509396705,0.02602676,0.014793495,-0.010708,0.034194928,0.012246903,1.559466623,-0.011201607,0.083530619,0.00822017,1.532224869,2.459082842
2.225269794,-8.415832455,0.210429709,1.509336633,0.030497714,0.009150239,-0.007208563,0.034114399,0.012639104,1.559696659,-0.009663555,0.047064143,0.027604337,1.503352314,2.467245817
2.23378396,-8.415572,0.210488467,1.509265753,0.031254586,0.007050941,-0.008505686,0.034003188,0.012806939,1.560070297,-0.013345324,0.020140089,0.044836557,0.904920324,2.476339817
2.241930962,-8.415290728,0.210567259,1.509171679,0.033752736,0.009455061,-0.011288823,0.033746455,0.012886033,1.560311248,-0.030807953,0.009491283,0.028914077,0.724025685,2.484428883
2.250339985,-8.414998111,0.210607242,1.509083424,0.035114042,0.004797964,-0.010590621,0.033636487,0.012712165,1.560651969,-0.013196069,-0.020864133,0.040886562,1.102504555,2.49284482
2.258508921,-8.414682932,0.210683093,1.508958141,0.037821437,0.009102007,-0.015033967,0.032956497,0.012558721,1.561012289,-0.081598869,-0.018413212,0.043238454,-0.162435652,2.500302792
2.267130852,-8.414356054,0.210726945,1.508827707,0.039225333,0.005262265,-0.015652121,0.03248829,0.012258145,1.561301588,-0.056184844,-0.036069209,0.034715776,-0.304549865,2.50860095
2.275054932,-8.413982551,0.210832836,1.508671269,0.044820344,0.012706974,-0.018772538,0.031696555,0.011862567,1.561429559,-0.095008151,-0.047469258,0.015356535,-0.193864019,2.518044949
2.283269882,-8.41362178,0.210842284,1.508521213,0.043292582,0.001133758,-0.018006711,0.030950668,0.011490347,1.561651909,-0.089506424,-0.044666447,0.026682024,0.26911852,2.525480986
2.291939974,-8.413198381,0.210927916,1.50834533,0.050807796,0.010275851,-0.021105876,0.029992437,0.011211489,1.561681259,-0.11498774,-0.033462941,0.003522053,0.35985346,2.53446579
2.300676823,-8.412802962,0.211066264,1.508105298,0.047450307,0.016601786,-0.028803901,0.028733184,0.011164851,1.561657067,-0.151110329,-0.005596547,-0.002903089,0.655735437,2.542567015
2.308492899,-8.412383591,0.211158378,1.507923125,0.050324564,0.01105368,-0.021860792,0.027463112,0.010994881,1.56160665,-0.152408701,-0.02039645,-0.006050033,1.558650213,2.551527977
2.316865921,-8.41195252,0.211291205,1.507699057,0.051728507,0.015939139,-0.026888179,0.025851334,0.010917336,1.561360957,-0.193413331,-0.009305331,-0.029483167,1.124528465,2.558956861
2.325335026,-8.411502483,0.211445813,1.507505032,0.054004386,0.018553049,-0.023282956,0.024366945,0.010868717,1.561098949,-0.178126753,-0.00583434,-0.031440906,1.726209372,2.567736864
2.333997965,-8.411050442,0.211643011,1.507258627,0.05424502,0.023663758,-0.02956858,0.022579204,0.01106393,1.560801927,-0.214528869,0.023425517,-0.035642667,1.790499957,2.575896025
2.341627836,-8.410610829,0.21183919,1.507042447,0.052753495,0.023541427,-0.025941647,0.020854687,0.011292162,1.560521072,-0.206942091,0.027387892,-0.033702566,1.12853495,2.583827972
2.350166798,-8.410157278,0.212034167,1.506896521,0.054426139,0.023397209,-0.017511083,0.019492305,0.011502598,1.560294277,-0.163485822,0.025252281,-0.027215449,1.737109472,2.591928959
2.358237982,-8.409723923,0.212245926,1.506730109,0.052002634,0.025411111,-0.019969495,0.018330607,0.011695052,1.560110965,-0.139403739,0.023094563,-0.021997477,0.884536943,2.601469994
2.36707592,-8.409327044,0.212481945,1.506594442,0.047625426,0.028322315,-0.016279928,0.017534281,0.011695827,1.559979699,-0.095559053,9.30E-05,-0.015751905,0.932396814,2.609297991
2.374944925,-8.408946428,0.212716559,1.50642177,0.045673969,0.028153659,-0.020720694,0.016752189,0.011757921,1.559844512,-0.093851136,0.007451236,-0.016222447,0.998720626,2.618072987
2.383528948,-8.408542426,0.212958129,1.506309265,0.048480233,0.028988446,-0.013500543,0.016715375,0.011742979,1.559783674,-0.004417595,-0.001793045,-0.007300575,1.524769871,2.625914812
2.391605854,-8.408178872,0.213218031,1.50618477,0.043626514,0.031188227,-0.014939451,0.01700455,0.012022787,1.559722989,0.034700942,0.03357698,-0.007282156,0.528300484,2.633572817
2.399810791,-8.407826369,0.21352075,1.506040456,0.042300282,0.036326279,-0.017317744,0.017176242,0.012416641,1.559697725,0.020603077,0.047262454,-0.003031719,0.863563645,2.642320871
2.408590794,-8.407442188,0.213829637,1.505878014,0.046101721,0.037066363,-0.019492958,0.017285018,0.01307753,1.559637611,0.013053097,0.079306662,-0.007213618,-0.471854319,2.651845932
2.417124987,-8.407010179,0.214131273,1.50574965,0.051841101,0.036196356,-0.015403763,0.017365769,0.013577266,1.559578268,0.009690154,0.059968291,-0.007121239,0.815200175,2.659115791
2.424949884,-8.406580984,0.214473693,1.505555109,0.051503361,0.041090433,-0.023344903,0.017378192,0.014149865,1.559466833,0.001490669,0.068711893,-0.013372098,0.659521076,2.667666912
2.433557987,-8.406136982,0.214821331,1.505351435,0.05328025,0.041716474,-0.024440873,0.017743525,0.014749384,1.559481658,0.043839964,0.07194232,0.001778999,0.129672767,2.67531395
2.442035913,-8.405664278,0.215197114,1.505205,0.056724541,0.045093993,-0.017572158,0.018725245,0.015178032,1.559353481,0.117806511,0.051437754,-0.015381235,0.613800884,2.683676004
2.449913025,-8.405196662,0.215618876,1.505029884,0.056113911,0.050611407,-0.02101389,0.019389068,0.01603466,1.559051887,0.079658727,0.102795359,-0.036191306,0.14502063,2.692629814
2.458809853,-8.404729676,0.216055435,1.504846708,0.056038291,0.052387089,-0.021981184,0.020134009,0.017071246,1.558744562,0.089392935,0.124390275,-0.03687906,0.212388982,2.700837851
2.466566801,-8.404220781,0.216542571,1.504659213,0.06106745,0.058456309,-0.022499362,0.020846424,0.018065245,1.558421076,0.085489775,0.1192799,-0.038818348,0.278948605,2.708872795
2.475899935,-8.403695912,0.217092524,1.504453639,0.062984258,0.065994435,-0.024668902,0.02108491,0.019142575,1.558026887,0.028618354,0.129279616,-0.047302671,1.640423541,2.717020988
2.483980894,-8.403199446,0.217637334,1.50427482,0.059575883,0.065377136,-0.021458304,0.021182862,0.019735709,1.557588987,0.011754233,0.071176155,-0.052547996,1.437216981,2.725126982
2.492440939,-8.402650437,0.218206669,1.504146784,0.065881098,0.068320225,-0.015364295,0.021592262,0.020176531,1.557379313,0.049127908,0.052898532,-0.025160865,1.425052057,2.733683825
2.500072956,-8.402131205,0.218848205,1.503933581,0.062307878,0.07698429,-0.025584351,0.020998665,0.020765921,1.556795124,-0.071231547,0.070726895,-0.070102599,0.751077437,2.742125988
2.508286953,-8.401599026,0.219492815,1.50367466,0.063861416,0.077353193,-0.031070532,0.020299698,0.021555381,1.55653048,-0.083876075,0.09473513,-0.031757342,1.010070153,2.750576973
2.517096996,-8.401089943,0.220155701,1.503452814,0.061089951,0.07954635,-0.02662154,0.019708222,0.022307464,1.556458508,-0.070977172,0.090250037,-0.008636663,0.925615319,2.758826017
2.525044918,-8.400555082,0.220821471,1.503281191,0.064183328,0.079892479,-0.020594716,0.019503212,0.022588142,1.556365237,-0.02460114,0.03368127,-0.011192467,1.329530117,2.767246008
2.534018993,-8.400058564,0.221607315,1.503042424,0.059582211,0.094301249,-0.028652051,0.019343568,0.022846731,1.556128062,-0.019157292,0.031030733,-0.028460986,2.248894581,2.775972843
2.542212963,-8.399583453,0.222492206,1.502834434,0.057013277,0.106186899,-0.024958831,0.019417682,0.02337682,1.555803317,0.008893699,0.063610612,-0.038969439,2.098383706,2.784907818
2.550747871,-8.399093573,0.223293023,1.502733614,0.058785672,0.096098058,-0.012098399,0.020212046,0.023748327,1.555681401,0.095323641,0.044580954,-0.014629893,2.277988979,2.7924788
2.558594942,-8.398634212,0.224154261,1.502556306,0.055123207,0.103348564,-0.021276902,0.020627997,0.024636226,1.555183202,0.049914131,0.106547772,-0.059783896,2.606757629,2.800395012
2.567158937,-8.398122419,0.225039914,1.502453761,0.061415233,0.106278356,-0.012305455,0.021524812,0.02517753,1.55461375,0.10761777,0.064956503,-0.068334264,3.084533776,2.808599949
2.575433969,-8.397574287,0.22599871,1.502381516,0.065775847,0.115055454,-0.00866941,0.022465837,0.025814933,1.553956257,0.112923078,0.076488371,-0.078899137,3.025220284,2.817792892
2.583453894,-8.396934272,0.226937103,1.502233121,0.076801789,0.112607222,-0.017807367,0.022876482,0.027010329,1.55339227,0.049277309,0.143447554,-0.067678497,3.888977626,2.825737
2.591648817,-8.396317098,0.227935431,1.502143973,0.074060918,0.119799394,-0.010697756,0.023753445,0.027913772,1.55252446,0.10523562,0.108413196,-0.104137168,4.158388762,2.834443808
2.600677967,-8.395621895,0.228987824,1.501993926,0.083424297,0.126287077,-0.018005599,0.023958635,0.029252179,1.551432643,0.024622762,0.160608748,-0.131017966,3.551356411,2.842679977
2.608817816,-8.394886805,0.230098309,1.501868416,0.088210799,0.133258231,-0.015061245,0.024210866,0.030445114,1.549937988,0.0302678,0.143152197,-0.179358671,3.806435346,2.850584984
2.61736989,-8.394173968,0.231235232,1.50170245,0.085540454,0.136430739,-0.019915923,0.02449051,0.031629411,1.548344559,0.033557259,0.14211562,-0.191211483,4.350522414,2.858805895
2.625527859,-8.393391738,0.23228945,1.501657251,0.093867593,0.126506205,-0.005423901,0.025214365,0.032205626,1.547215143,0.086862539,0.069145903,-0.135529875,4.453109895,2.868553877
2.633333921,-8.392594295,0.233336054,1.501563243,0.09569313,0.12559248,-0.01128093,0.025151927,0.033008361,1.546147169,-0.0074925,0.096328132,-0.128156852,5.096322528,2.87586689
2.641988993,-8.391763182,0.234390574,1.501492391,0.099733583,0.126542421,-0.008502259,0.025359552,0.033947703,1.545388488,0.024914969,0.112721063,-0.091041819,5.331270937,2.884443998
2.650906801,-8.390883885,0.235524606,1.501251704,0.105515628,0.136083833,-0.028882418,0.024504842,0.035251026,1.544490593,-0.102565176,0.156398757,-0.107747308,5.685599228,2.892512798
2.658762932,-8.390007545,0.236667032,1.501159721,0.105160852,0.137091033,-0.01103797,0.024693637,0.03598848,1.543837608,0.022655417,0.088494503,-0.078358298,5.023662442,2.900316954
2.667224884,-8.389172865,0.237748079,1.501053061,0.100161563,0.129725737,-0.01279924,0.024746807,0.036328056,1.543048898,0.006380315,0.040749041,-0.094645179,5.829897985,2.909547806
2.674993992,-8.38832537,0.238838468,1.50098808,0.101699405,0.130846643,-0.007797661,0.024411671,0.036284222,1.542044414,-0.040216285,-0.005260013,-0.120538061,6.734441873,2.918511868
2.683364868,-8.387480537,0.239931531,1.500904174,0.101379972,0.131167566,-0.010068729,0.024445899,0.036221073,1.541344271,0.004107428,-0.007577894,-0.08401719,6.644318509,2.925597906
2.692231894,-8.386636539,0.240984476,1.500838738,0.101279746,0.126353339,-0.007852351,0.024128752,0.036313231,1.540947329,-0.038057687,0.011058959,-0.047632953,7.21440931,2.934328794
2.700412989,-8.385777072,0.242000109,1.500805058,0.103135997,0.121875992,-0.004041578,0.023883256,0.036426747,1.540805172,-0.029459562,0.013621975,-0.017058939,6.512067711,2.941947937
2.708392859,-8.384990905,0.24308644,1.500711906,0.094340048,0.130359751,-0.011178192,0.023661108,0.036526911,1.54036597,-0.026657744,0.012019575,-0.052704191,6.724541512,2.950479984
2.716704845,-8.384250036,0.24417185,1.500765951,0.08890428,0.13024913,0.006485303,0.024515014,0.036229194,1.539816469,0.102468682,-0.035725987,-0.065940135,6.864758744,2.958650827
2.724911928,-8.38353565,0.245167197,1.500841726,0.08572632,0.119441661,0.009093063,0.025195688,0.035647211,1.539669802,0.08168099,-0.069838015,-0.01760003,6.254232955,2.967120886
2.733430862,-8.382847751,0.246173869,1.501001328,0.082547957,0.120800674,0.019152252,0.025871636,0.034778159,1.539192938,0.081113658,-0.104286225,-0.057223659,6.495554167,2.976143837
2.741914988,-8.382141062,0.24717939,1.501137718,0.084802632,0.120662573,0.016366752,0.026016061,0.034349837,1.539148169,0.017330986,-0.051398618,-0.005372248,5.906600109,2.983990908
2.750334978,-8.381468573,0.24812779,1.501282683,0.080698698,0.113807894,0.017395824,0.026349659,0.033870117,1.539277396,0.040031791,-0.057566356,0.015507186,4.765921587,2.992087841
2.758452892,-8.380834246,0.249095783,1.50147412,0.076119236,0.116159203,0.022972471,0.026617979,0.033175334,1.539418617,0.032198465,-0.083374042,0.016946524,5.198188539,3.001792908
2.767002821,-8.380300666,0.250024314,1.501701083,0.064029633,0.111423726,0.027235539,0.027177771,0.03215154,1.53940767,0.067175022,-0.122855164,-0.001313677,5.215460482,3.009187937
2.775589943,-8.379815222,0.250963727,1.502005613,0.058253226,0.11272961,0.036543543,0.028437322,0.030947459,1.53935657,0.151146126,-0.144489831,-0.006131954,5.614290987,3.017277002
2.784122944,-8.379369883,0.251769074,1.50238327,0.053440676,0.096641594,0.045318926,0.029567491,0.029286855,1.539600142,0.135620243,-0.199272429,0.029228646,5.542916326,3.025795937
2.792127848,-8.378941365,0.252596378,1.50271711,0.051422161,0.099276515,0.040060739,0.030790483,0.027734141,1.539912364,0.146759085,-0.186325736,0.037466665,6.215507418,3.03410697
2.800000906,-8.378537099,0.253516907,1.50310719,0.048511892,0.110463458,0.046809669,0.032247093,0.026107854,1.540300359,0.174793132,-0.195154322,0.046559425,6.22570485,3.042363882
2.80833602,-8.378161974,0.254375088,1.50351906,0.045015081,0.102981769,0.049424305,0.034033391,0.024412313,1.540852904,0.21435581,-0.203464957,0.066305314,5.976698813,3.051320791
2.816958904,-8.377823306,0.255240274,1.503917562,0.040640166,0.103822222,0.047820333,0.03572115,0.022980056,1.54108412,0.202531068,-0.171870861,0.027745912,6.83368959,3.059036016
2.825284004,-8.377513103,0.256108357,1.504395204,0.037224342,0.104169998,0.057316971,0.038044561,0.021125043,1.541000167,0.278809288,-0.222601525,-0.010074278,7.965795337,3.067653894
2.833983898,-8.377214247,0.256967388,1.504943391,0.035862691,0.103083691,0.065782438,0.040537794,0.019399832,1.540802764,0.299187934,-0.207025383,-0.023688422,8.551619022,3.075613976
2.842218876,-8.376892508,0.257770606,1.505416963,0.038608709,0.096386147,0.056828723,0.04249214,0.018051365,1.540729844,0.23452163,-0.161816022,-0.008750411,9.546369109,3.08394599
2.850260973,-8.376564933,0.258628682,1.505907366,0.039309038,0.102969118,0.058848258,0.044600659,0.016572502,1.540601874,0.253022248,-0.177463573,-0.015356332,8.687496714,3.092150927
2.858472824,-8.376214841,0.259547503,1.506414822,0.042010988,0.110258533,0.060894732,0.047082613,0.015206233,1.540160467,0.297834468,-0.163952275,-0.052968836,9.820074259,3.100350857
2.867628813,-8.375891818,0.260488419,1.506878788,0.038762796,0.112909898,0.055675964,0.049565144,0.014170682,1.539447755,0.297903648,-0.124266074,-0.085525434,9.570225862,3.109310865
2.875434875,-8.375558461,0.261353094,1.507394683,0.040002803,0.103760998,0.061907419,0.05249624,0.01291308,1.538772011,0.351731593,-0.150912301,-0.081089303,10.17180862,3.117292881
2.884003878,-8.375210634,0.262253946,1.507910377,0.041739206,0.108102277,0.06188326,0.055539482,0.01182573,1.537671689,0.36518907,-0.130481932,-0.132038632,10.12589472,3.12529397
2.892138004,-8.374796751,0.263213588,1.508466798,0.049666022,0.115157005,0.066770488,0.058805607,0.010676285,1.536663401,0.391935003,-0.137933387,-0.120994618,-19,3.135166883
2.899957895,-8.374320455,0.264161532,1.508866493,0.057155515,0.11375339,0.047963431,0.061453853,0.010399198,1.535579417,0.317789452,-0.033250501,-0.130078085,9.037008877,3.141791821
2.90908885,-8.373770619,0.265099953,1.509288078,0.065980291,0.112610406,0.050590252,0.064672813,0.010369357,1.534449888,0.386275244,-0.003580894,-0.135543477,8.133219519,3.150475025
2.917680979,-8.373146242,0.266146392,1.509709916,0.074925199,0.125572757,0.050620527,0.06851685,0.010469196,1.532740883,0.461284372,0.011980697,-0.205080581,7.795851107,3.159200907
2.925153971,-8.372421284,0.267248213,1.510133796,0.086994983,0.132218455,0.05086557,0.072220649,0.010737239,1.530726093,0.444455932,0.032165095,-0.241774753,8.783721087,3.167258024
2.933830976,-8.371556691,0.268309326,1.510568788,0.10375124,0.127333638,0.052199041,0.076298945,0.011302887,1.528737975,0.489395545,0.067877754,-0.238574143,9.040486556,3.17540288
2.941572905,-8.370519497,0.269367147,1.510890377,0.124463228,0.126938522,0.038590725,0.079742,0.012505531,1.526999275,0.413166575,0.144317359,-0.208644075,9.216633773,3.18351388
2.950239897,-8.369318273,0.27044457,1.51124537,0.144146879,0.12929071,0.042599085,0.08330488,0.013447787,1.525394167,0.427545615,0.113070734,-0.192612999,9.336992051,3.191932917
2.958239794,-8.367973574,0.27158879,1.511514142,0.1613639,0.137306418,0.032252639,0.08688736,0.014650975,1.523629504,0.429897568,0.144382564,-0.211759525,7.385676164,3.200457811
2.966684818,-8.366475228,0.272759584,1.511793843,0.17980152,0.140495232,0.033564133,0.089951407,0.015618441,1.521611871,0.367685664,0.116095834,-0.242115948,5.372704974,3.208375931
2.975697994,-8.364825846,0.273902098,1.512040982,0.197925866,0.137101726,0.029656659,0.09314167,0.016618447,1.519503943,0.382831586,0.120000741,-0.252951295,4.412027273,3.216902018
2.983672857,-8.36300909,0.274985609,1.512203381,0.218010694,0.130021274,0.019487973,0.095810258,0.017561816,1.517502643,0.320230504,0.113204241,-0.240156043,3.735852234,3.225008011
2.991753817,-8.361037866,0.276023187,1.512333645,0.23654683,0.124509404,0.015631685,0.097565156,0.018237628,1.515812114,0.21058777,0.081097451,-0.202863468,3.59217632,3.23365593
3.000829935,-8.358925802,0.277098032,1.512396979,0.25344776,0.128981459,0.007600083,0.099609054,0.018788993,1.513944652,0.245267783,0.066163789,-0.22409543,2.518486584,3.242497921
3.008747816,-8.356703174,0.278214021,1.512390274,0.266715348,0.133918655,-0.000804659,0.101613279,0.019312267,1.51230806,0.240507034,0.062792943,-0.19639107,1.904694344,3.250123024
3.016839981,-8.354438238,0.279251947,1.512401635,0.271792268,0.124551043,0.001363271,0.103884958,0.019500784,1.510610858,0.27260143,0.022622009,-0.203664284,1.532863462,3.259002924
3.02538681,-8.35205312,0.280278531,1.51236486,0.286214121,0.123190157,-0.004412987,0.106052573,0.019314267,1.509047499,0.260113802,-0.02238199,-0.187603002,2.862414851,3.267300844
3.033810854,-8.349564343,0.281260273,1.512345813,0.298653253,0.117809069,-0.002285661,0.108701842,0.018670393,1.507535872,0.317912303,-0.07726491,-0.181395303,3.092217545,3.275621891
3.042001009,-8.346958841,0.282177174,1.512266836,0.312660311,0.110028059,-0.00947724,0.11129493,0.01798768,1.506076227,0.311170563,-0.081925513,-0.175157334,3.232348288,3.283815861
3.050452948,-8.344219865,0.283062829,1.512061255,0.328677124,0.106278618,-0.024669678,0.113617324,0.017165215,1.504719682,0.27868724,-0.098695797,-0.162785388,4.354878351,3.29208684
3.058637857,-8.341349358,0.2839326,1.511821225,0.344460807,0.104372552,-0.028803591,0.116544665,0.016004126,1.5031264,0.35128092,-0.139330685,-0.191193949,4.730708157,3.301237822
3.067234993,-8.33838824,0.284848398,1.511540172,0.355334129,0.109895662,-0.033726326,0.120261567,0.014751143,1.501211448,0.446028277,-0.150357957,-0.229794201,5.863961991,3.309317827
3.075383902,-8.335296036,0.285657906,1.511177396,0.371064509,0.097140952,-0.043533127,0.124327141,0.013286467,1.49917617,0.487868839,-0.175761172,-0.244233297,7.156180666,3.3174119
3.083678007,-8.332065793,0.286423413,1.510833428,0.387629133,0.091860936,-0.041276144,0.129076862,0.01160841,1.496955159,0.569966547,-0.201366884,-0.266521416,9.862499461,3.325888872
3.09175396,-8.328593577,0.287115245,1.510334163,0.416665946,0.083019752,-0.05991188,0.133046433,0.010297729,1.494577486,0.476348558,-0.157281621,-0.285320766,12.62868852,3.334136963
3.100001812,-8.324925586,0.287841279,1.50978927,0.440158909,0.087124111,-0.06538713,0.137794229,0.008863623,1.492110011,0.569735428,-0.172092749,-0.296096892,18.57808191,3.341985941
3.108938932,-8.321002453,0.288528658,1.509088013,0.47077599,0.08248554,-0.084150863,0.14222419,0.007985627,1.4893416,0.531595332,-0.105359499,-0.332209319,8.684835312,3.35155797
3.116871834,-8.316877209,0.289209272,1.508369424,0.495029283,0.081673696,-0.086230626,0.147026825,0.006628371,1.486306267,0.576316173,-0.162870765,-0.364239987,19,3.359185934
3.125047922,-8.312502994,0.289870581,1.507545697,0.524905831,0.07935698,-0.098847221,0.151679162,0.005696455,1.482895336,0.55828053,-0.111829867,-0.409311797,19,3.36726284
3.134202003,-8.309114825,0.311608424,1.507125597,0.406580247,2.608541247,-0.050412007,0.125119866,-0.14038871,-1.510015482,-3.187115515,-17.53021986,-359.1492981,19,3.375813961
3.141536951,-8.304164151,0.311933437,1.506412633,0.594080812,0.039001514,-0.085555745,0.129628015,-0.131138357,-1.507279401,0.540977904,1.11004238,0.328329716,19,3.384113789
3.150272846,-8.298841984,0.312204821,1.505565127,0.638660114,0.032566058,-0.101700706,0.133353696,-0.118274875,-1.505264009,0.447081669,1.543617838,0.241847086,19,3.39239192
3.158864021,-8.2931353,0.312469086,1.504566732,0.684802027,0.03171186,-0.119807379,0.136742084,-0.104975801,-1.503222034,0.406606553,1.595888856,0.245036936,19,3.400606871
3.16690588,-8.287127197,0.312700155,1.503453726,0.720972427,0.027728222,-0.133560698,0.140804087,-0.09462291,-1.501956088,0.487440379,1.242346963,0.151913527,19,3.409198999
3.175156832,-8.280701793,0.312998785,1.502216968,0.771048475,0.035835614,-0.148410932,0.144982716,-0.088625265,-1.500211294,0.501435469,0.719717419,0.209375271,19,3.417482853
3.183272839,-8.273823648,0.312824933,1.501021731,0.825377334,-0.020862216,-0.143428434,0.149272895,-0.084640421,-1.500624557,0.51482144,0.478181173,-0.049591504,13.85204665,3.42559886
3.191706896,-8.266289672,0.312689092,1.499819858,0.904077089,-0.01630095,-0.144224803,0.153644281,-0.08179768,-1.500937342,0.524566345,0.341128966,-0.03753417,5.997820389,3.433808804
3.200235844,-8.258273332,0.312902602,1.498292626,0.961960874,0.025621216,-0.1832678,0.156390095,-0.080072822,-1.499922808,0.329497666,0.206983001,0.121744055,2.0726314,3.442703009
3.208153009,-8.249669031,0.313273901,1.496478762,1.03251609,0.044555923,-0.21766372,0.157535108,-0.079138835,-1.498457088,0.137401551,0.112078386,0.175886431,0.435732664,3.450797796
3.216647863,-8.240500548,0.313776499,1.494458789,1.100217974,0.060311688,-0.242396735,0.157941697,-0.078596976,-1.496723625,0.048790695,0.065023109,0.208015519,0.677940414,3.459172964
3.224798918,-8.230758428,0.314343187,1.492377033,1.169054444,0.068002609,-0.24981076,0.157894494,-0.077922332,-1.494823035,-0.005664295,0.080957267,0.228070834,-0.662463061,3.466887951
3.233263969,-8.220378054,0.314953252,1.490237329,1.245644781,0.073207771,-0.256764505,0.157820357,-0.077545635,-1.493156023,-0.008896504,0.045203654,0.200041448,-3.255351645,3.475399971
3.242132902,-8.209267391,0.315604306,1.488012507,1.333279676,0.078126522,-0.26697863,0.157021599,-0.077471876,-1.491830077,-0.09585091,0.008851097,0.159113474,-6.854651993,3.484786987
3.249861956,-8.197300513,0.316310809,1.485798015,1.436025244,0.084780273,-0.265739074,0.15591811,-0.077646299,-1.490906772,-0.132418717,-0.020930815,0.110796559,-11.50321949,3.492431879
3.258664846,-8.184347318,0.317137962,1.483558904,1.554383455,0.099258403,-0.268693289,0.154710949,-0.078204377,-1.490352238,-0.144859271,-0.066969304,0.066544138,-17.29761103,3.500907898
3.266858816,-8.170344771,0.318031265,1.481462282,1.680305581,0.107196399,-0.251594585,0.154755507,-0.078745775,-1.489721633,0.005346891,-0.064967827,0.075672565,-13.39525838,3.509118795
3.275177002,-8.15494905,0.318831919,1.479561065,1.847486617,0.096078445,-0.228146087,0.155256066,-0.079534472,-1.489825894,0.060067093,-0.094643646,-0.012511311,-19,3.517501831
3.283303022,-8.137897732,0.319531714,1.477927904,2.046158129,0.083975381,-0.195979295,0.156196271,-0.080859514,-1.490570684,0.112824578,-0.15900498,-0.089374732,-19,3.525560856
3.291790009,-8.118920115,0.320191649,1.47669299,2.277313979,0.07919221,-0.148189745,0.158389065,-0.082432734,-1.491968235,0.263135266,-0.188786453,-0.16770613,-13.90789188,3.534159899
3.300340891,-8.097690501,0.320822787,1.475906072,2.547553714,0.075736587,-0.094430126,0.161297268,-0.084449289,-1.494188286,0.348984367,-0.241986597,-0.266406185,-17.86890496,3.542861938
3.308945894,-8.073849894,0.321475515,1.475761826,2.860872876,0.078327324,-0.017309503,0.165585215,-0.085884794,-1.497115698,0.51455373,-0.172260551,-0.351289445,-18.21427163,3.551081896
3.316962957,-8.047074555,0.322225808,1.476174954,3.213040631,0.090035157,0.049575322,0.1713423,-0.087424992,-1.500783427,0.690850088,-0.18482372,-0.440127493,19,3.559072018
3.325450897,-8.017071703,0.32305375,1.477123329,3.600342304,0.09935303,0.113805056,0.179609564,-0.087980223,-1.504819501,0.992071749,-0.066627818,-0.484328804,-19,3.568012953
3.333809853,-7.983547952,0.323896263,1.478526481,4.022850105,0.101101538,0.168378275,0.190344818,-0.087423565,-1.509125615,1.288230471,0.066798953,-0.516733743,-19,3.576026917
3.341621876,-7.94653449,0.324735896,1.480052782,4.441615464,0.10075597,0.183156064,0.205709496,-0.086144135,-1.514026183,1.8437614,0.153531648,-0.588068082,-19,3.584403992
3.350729942,-7.905835342,0.326081403,1.481554943,4.883897676,0.161460907,0.180259325,0.213597694,-0.082928737,-1.522178775,0.946583688,0.385847732,-0.978311097,-19,3.592417955
3.358748913,-7.864268755,0.326665604,1.482836297,4.987990435,0.070104067,0.153762511,0.237831534,-0.078948074,-1.526266996,2.908060793,0.477679632,-0.490586536,-17.39162579,3.600684881
3.366817951,-7.82177351,0.326812951,1.484023192,5.099429501,0.017681731,0.142427318,0.260279476,-0.07428256,-1.529768815,2.693753062,0.559861617,-0.420218232,-11.15086266,3.6105268
3.375433922,-7.778930701,0.326770449,1.485347095,5.141136982,-0.005100301,0.158868452,0.278478714,-0.068770098,-1.535119598,2.18390862,0.66149548,-0.642093923,-11.18795911,3.618743896
3.38379097,-7.735774715,0.326810809,1.486858151,5.178718361,0.004843157,0.181326703,0.295923379,-0.064634396,-1.539453059,2.093359753,0.496284263,-0.520015409,-16.03094766,3.626070023
3.392081976,-7.692209675,0.327126992,1.488640173,5.227804837,0.037941961,0.213842673,0.31344154,-0.06265789,-1.542906829,2.102179354,0.237180636,-0.414452376,-16.63167557,3.634235859
3.400296926,-7.648284157,0.327411532,1.490681928,5.27106214,0.034144817,0.245010554,0.330859179,-0.06226683,-1.54670311,2.090116636,0.0469273,-0.45555366,-6.457925827,3.642468929
3.408754826,-7.604322752,0.327580019,1.493192124,5.275368568,0.020218489,0.3012235,0.347462167,-0.060284233,-1.550358963,1.992358596,0.237911544,-0.438702459,19,3.652210951
3.417107821,-7.560425709,0.32768264,1.496071165,5.267645143,0.012314533,0.345484972,0.360202838,-0.056727287,-1.553532351,1.528880495,0.426833567,-0.380806466,-1.472934659,3.660003901
3.42533493,-7.516642512,0.327742006,1.499180424,5.253983698,0.007123907,0.373111028,0.367048756,-0.05323807,-1.556635143,0.821510154,0.41870598,-0.372335041,-3.404016152,3.668339014
3.433380842,-7.47290438,0.327822089,1.502457993,5.248575816,0.009609946,0.393308336,0.367810132,-0.050960398,-1.559643271,0.091365097,0.273320687,-0.360975408,-19,3.676030874
3.442143917,-7.429058672,0.327941702,1.505895446,5.261484944,0.014353579,0.412494345,0.365670413,-0.049974521,-1.562192861,-0.25676626,0.118305299,-0.305950765,-19,3.684359789
3.450361013,-7.385170025,0.328186927,1.509587985,5.266637694,0.02942698,0.443104599,0.362481569,-0.048231009,-1.564191305,-0.382661238,0.209221408,-0.239813282,-3.238894782,3.69303298
3.45873785,-7.341118588,0.328364697,1.513660687,5.286172412,0.021332444,0.48872423,0.359744337,-0.044968585,-1.566219836,-0.328467889,0.391490822,-0.243423806,-3.470421783,3.702315807
3.466561794,-7.296869908,0.328545192,1.517961359,5.309841565,0.021659326,0.51608069,0.356206549,-0.040936937,-1.568405875,-0.424534504,0.48379775,-0.262324673,-3.802209508,3.709116936
3.475064993,-7.25237649,0.328773942,1.522308843,5.339210174,0.027449982,0.521698134,0.350902527,-0.038389857,-1.570806959,-0.636482652,0.305649648,-0.288130069,-3.281082743,3.717868805
3.484027863,-7.207798074,0.329046358,1.526664833,5.349409959,0.032689971,0.522718794,0.343119931,-0.037094808,-1.572926257,-0.93391155,0.155405829,-0.254315714,-19,3.725371838
3.491983891,-7.163253774,0.329277364,1.531004167,5.345315933,0.027720752,0.520720094,0.332148817,-0.035980163,-1.574975359,-1.316533669,0.1337574,-0.245892219,-7.107358339,3.734190941
3.50046587,-7.11885907,0.329444586,1.535347159,5.327364489,0.020066607,0.521158936,0.317248349,-0.034117753,-1.576646983,-1.788056115,0.223489212,-0.200594939,-6.467199121,3.741971016
3.508769989,-7.073903603,0.329663439,1.539905062,5.394656071,0.026262329,0.546948371,0.305971328,-0.03202268,-1.580303599,-1.353242539,0.251408818,-0.438793944,-6.596753335,3.769754887
3.516826868,-7.029292212,0.329851171,1.544185114,5.353366965,0.022527883,0.513606339,0.288888606,-0.030182656,-1.582111891,-2.049926652,0.220802827,-0.216994929,-12.15434266,3.769984007
3.525124788,-6.984483652,0.330030831,1.548331314,5.377027146,0.021559184,0.497543913,0.27231086,-0.029142758,-1.583704337,-1.989329563,0.124787747,-0.191093558,-6.04691018,3.775432825
3.533720016,-6.93764024,0.31285351,1.548385756,5.621209479,-2.061278527,0.006533012,0.261050855,0.011476013,1.505282263,-1.351200574,4.874252524,370.678392,-5.539618806,3.78391695
3.542299986,-6.892714603,0.31343517,1.552049852,5.391076361,0.069799164,0.439691572,0.248261754,0.010688885,1.508518464,-1.53469213,-0.094455296,0.388344143,-4.709812397,3.792201996
3.550719976,-6.847728909,0.3144149,1.555298338,5.398283356,0.11756761,0.389818346,0.23556715,0.011761479,1.512682621,-1.523352418,0.128711208,0.499698826,-5.593269282,3.800571918
3.558833838,-6.800174895,0.310797077,1.581425563,5.706481599,-0.434138779,3.135266972,0.273882285,-0.124751695,1.579994121,4.597816144,-16.38158083,8.077380017,-2.068820304,3.809518814
3.567305803,-6.755049279,0.311024602,1.58473418,5.415073959,0.027302986,0.397034049,0.258310803,-0.126296576,1.581643932,-1.868577841,-0.185385776,0.197977318,-5.1839321,3.817202806
3.575589895,-6.710065487,0.311252462,1.587775107,5.398055082,0.027343317,0.364911253,0.242442277,-0.125790711,1.582641859,-1.904223089,0.060703853,0.119751232,19,3.825847864
3.58396697,-6.66536328,0.335370556,1.592029339,5.364264871,2.894171201,0.510507858,0.172059402,-0.015255341,-1.590594763,-8.44594501,13.26424438,-380.7883946,3.172932304,3.834738016
3.591993809,-6.620076364,0.335443518,1.594409644,5.434429864,0.00875542,0.285636596,0.158752856,-0.014400681,-1.592077054,-1.596785578,0.102559273,-0.177874948,2.700145429,3.84294796
3.600363016,-6.574904307,0.335405417,1.596750147,5.420646892,-0.00457209,0.280860339,0.149786171,-0.013468921,-1.594565352,-1.076002118,0.111811146,-0.298595716,3.802153533,3.851146936
3.610199928,-6.530562368,0.342442614,1.571219919,5.321032584,0.844463669,-3.063627409,0.13663124,-0.053121766,-1.601087339,-1.578591721,-4.758341445,-0.782638531,4.056601454,3.858703852
3.617950916,-6.484854667,0.342180819,1.572829734,5.484924176,-0.031415399,0.19317785,0.132991951,-0.044562872,-1.608254515,-0.436714763,1.027067331,-0.860061101,19,3.868499994
3.625630856,-6.439037362,0.342520019,1.57328831,5.49807656,0.040703943,0.055029138,0.125509437,-0.059714828,-1.609436935,-0.897901654,-1.818234757,-0.141890322,-19,3.876111984
3.633791924,-6.393065263,0.343100344,1.573272585,5.516651874,0.069639043,-0.001887002,0.117734117,-0.062529888,-1.611354683,-0.933038329,-0.337807158,-0.230129747,0.874441496,3.884217024
3.642126799,-6.34746167,0.341273446,1.575114194,5.47243117,-0.219227707,0.220993045,0.118407095,-0.025597814,-1.622929237,0.08075731,4.43184886,-1.388946521,-3.353307221,3.892133951
3.65138483,-6.306751542,0.32232091,1.593622708,4.885215367,-2.274304351,2.221021701,0.273434688,-0.143881539,1.574560791,18.60331118,-14.19404695,383.6988034,0.748432027,3.900656939
3.659565926,-6.260873007,0.321767444,1.592968856,5.505424199,-0.066415897,-0.078462242,0.271072228,-0.145622477,1.577368595,-0.283495239,-0.208912562,0.336936411,-1.450266694,3.909178019
3.667896986,-6.214848919,0.320750399,1.591680253,5.522890602,-0.122045392,-0.154632341,0.267157203,-0.145852021,1.58030921,-0.469803029,-0.027545277,0.352873847,-2.520731147,3.917881966
3.675549984,-6.162977672,0.309685745,1.597251938,6.224549584,-1.327758508,0.668602145,0.170841244,-0.155575861,1.608480791,-11.55791499,-1.166860844,3.380589682,-4.249022027,3.926107883
3.684001923,-6.120601623,0.328489798,1.57849495,5.085125867,2.256486291,-2.250838481,0.107187066,0.006661569,-1.627032083,-7.63850135,19.46849164,-388.2615449,-6.002363277,3.934304953
3.692739964,-6.074410766,0.328038482,1.57690481,5.542902884,-0.054157866,-0.190816838,0.109666409,0.010152841,-1.630040798,0.29752112,0.418952628,-0.361045804,-6.140409634,3.942183971
3.701349974,-6.028151992,0.327493095,1.574976544,5.55105283,-0.065446433,-0.231391994,0.11178056,0.013045571,-1.632765233,0.25369807,0.347127556,-0.326932178,-10.16149776,3.978346825
3.708739996,-5.981789674,0.326948126,1.572834292,5.563478203,-0.065396297,-0.257070208,0.113514062,0.015113625,-1.635352586,0.208020214,0.248166473,-0.310482321,-19,3.978579998
3.717557907,-5.93522641,0.326365037,1.570475901,5.587591709,-0.069970657,-0.283006854,0.115535177,0.01640428,-1.638117275,0.242533813,0.154878619,-0.331762705,-15.10013983,3.98483181
3.725130796,-5.885234912,0.312276454,1.559572733,5.998979794,-1.690630001,-1.308380163,0.015313072,-0.024718273,1.594412405,-12.02665251,-4.934706405,387.9035616,-12.83659569,3.992645979
3.733929873,-5.838485035,0.311567077,1.556879277,5.609985131,-0.085125185,-0.323214772,0.018157562,-0.025953997,1.596522237,0.341338776,-0.14828677,0.25317986,-14.83720304,4.001617908
3.741724014,-5.791691215,0.310757356,1.554136806,5.61525842,-0.097166516,-0.329096493,0.021367109,-0.027308756,1.598022058,0.385145608,-0.162571153,0.179978477,-15.11596833,4.009858847
3.769403934,-5.744667224,0.309899313,1.55121506,5.642878979,-0.102965229,-0.350609502,0.024348349,-0.028185407,1.599912159,0.357748852,-0.1051981,0.226812105,-16.46933018,4.017714024
3.775179863,-5.603295968,0.306741104,1.542329389,5.65930949,-0.137718424,-0.35937159,0.034355263,-0.029627445,1.605703408,0.361968773,-0.052316896,0.172512179,-14.75921062,4.025882006
3.783608913,-5.555973322,0.30546297,1.53942876,5.678717536,-0.153376028,-0.348075447,0.037696034,-0.029881256,1.606698948,0.400892504,-0.030457247,0.119464776,-14.17950927,4.034584999
3.79189682,-5.508523079,0.304096042,1.53658011,5.694029169,-0.16403143,-0.341837962,0.041570236,-0.029526114,1.607861568,0.464904208,0.042617031,0.139514406,-14.36472271,4.042954922
3.800256014,-5.460883045,0.302688802,1.533553064,5.716804052,-0.168868794,-0.363245516,0.044615732,-0.028225065,1.609838255,0.365459505,0.156125877,0.237202462,-12.76516412,4.051947832
3.809056997,-5.413307976,0.301159838,1.530755861,5.709008292,-0.183475725,-0.335664452,0.050239984,-0.027886657,1.609926348,0.674910197,0.040608952,0.010571104,-11.16052285,4.059695005
3.816929817,-5.365500912,0.299561246,1.527986061,5.736847746,-0.191830982,-0.332375939,0.053369056,-0.027837257,1.610312449,0.375488714,0.005928036,0.046332127,-10.84165275,4.068132877
3.825564861,-5.305653922,0.324108764,1.546393219,7.181638783,2.945702194,2.208858894,0.173363564,0.028352447,-1.651750981,14.3993409,6.742764472,-391.4476116,-9.711425132,4.075922012
3.834167957,-5.258353198,0.321724379,1.54437509,5.676086797,-0.286126209,-0.242175385,0.178114216,0.027870385,-1.652574196,0.570078276,-0.057847466,-0.098785796,-9.788891454,4.085608959
3.842705011,-5.21022045,0.319934535,1.54198655,5.775929778,-0.214781284,-0.28662483,0.182324236,0.02748956,-1.652309183,0.505202436,-0.045698956,0.031801598,-8.739863533,4.092760801
3.850787878,-5.162743779,0.317464094,1.540069655,5.697200506,-0.296452954,-0.230027431,0.187253489,0.027047515,-1.652297221,0.591510388,-0.05304541,0.001435374,-6.547115136,4.101541996
3.858485937,-5.114894802,0.314936169,1.538318363,5.74187735,-0.30335101,-0.210154974,0.192287909,0.027260622,-1.652806822,0.604130377,0.025572821,-0.061152059,-6.285116729,4.109483957
3.867545843,-5.08731789,0.301495608,1.572006942,3.309229333,-1.612867271,4.042629385,0.355331868,0.093587038,-1.675723599,19.56527499,7.959169925,-2.750013269,-3.321584311,4.117563009
3.875811815,-5.032444167,0.302675384,1.544183938,6.584846848,0.141573073,-3.338760475,0.199261295,0.024548652,-1.656476288,-18.72846872,-8.284606381,2.309677381,-2.488560452,4.1263659
3.883950949,-4.983818628,0.300006823,1.542614427,5.835064601,-0.320227288,-0.188341292,0.201613338,0.024235313,-1.657496476,0.282245226,-0.037600635,-0.122422589,-0.287317179,4.135520935
3.891870022,-4.940542682,0.305989331,1.527633259,5.193113557,0.71790097,-1.797740178,0.195480692,0.025783578,-1.657979563,-0.735917571,0.185791815,-0.057970453,-0.661434346,4.142450809
3.900343895,-4.893757083,0.305077373,1.529476777,5.614271844,-0.109434994,0.221222217,0.198769093,0.028675117,-1.659467254,0.394608155,0.346984653,-0.178522904,0.305377155,4.151083946
3.90889883,-4.845050087,0.302202443,1.528583414,5.844839553,-0.344991608,-0.107203546,0.199640621,0.030247565,-1.659908871,0.104583317,0.188693762,-0.052994042,1.16532219,4.159260988
3.917037964,-4.796141388,0.299145043,1.527764208,5.869043917,-0.366887928,-0.098304819,0.199730716,0.032720453,-1.659947473,0.010811414,0.296746587,-0.004632307,0.804431929,4.168254852
3.925770998,-4.747213703,0.295807878,1.52708468,5.871322176,-0.400459877,-0.081543342,0.198574905,0.035837727,-1.659624435,-0.138697286,0.374072846,0.038764537,2.268291581,4.176533937
3.934022903,-4.698499238,0.292818143,1.526934605,5.84573579,-0.358768185,-0.01800891,0.196300885,0.039237769,-1.659261875,-0.272882476,0.40800509,0.043507274,1.384318915,4.184860945
3.94192791,-4.648765098,0.288687875,1.526008698,5.968096845,-0.495632146,-0.111108852,0.19390004,0.043031651,-1.658968697,-0.288101385,0.45526584,0.035181344,0.74849888,4.193034887
3.977918863,-4.605206404,0.292791916,1.531703297,5.227043286,0.4924849,0.683351806,0.189904784,0.046386304,-1.658564449,-0.479430721,0.402558381,0.048509815,19,4.201342821
3.97823,-4.442630017,0.263211371,1.535813208,19.50916643,-3.549665427,0.493189337,0.179541914,0.055788106,-1.65254293,-1.243544384,1.128216172,0.722582233,-19,4.209345818
3.984524965,-4.392851429,0.25928505,1.535364344,5.973430526,-0.47115847,-0.053863711,0.171277028,0.057738215,-1.651869342,-0.991786298,0.234013097,0.080830514,0.712837656,4.218160868
3.992420912,-4.342903214,0.255266691,1.534960125,5.993785796,-0.482203144,-0.048506195,0.165071874,0.060245075,-1.6508257,-0.744618517,0.300823205,0.125237124,-3.318222121,4.225750923
4.000757933,-4.292947303,0.251306117,1.534497158,5.994709315,-0.475268776,-0.055556136,0.157599452,0.063215149,-1.648195427,-0.896690636,0.356408861,0.315632765,9.036180848,4.234690905
4.009512901,-4.242774095,0.247263629,1.533783143,6.020784913,-0.485098602,-0.08568178,0.150166616,0.065175566,-1.646304159,-0.891940322,0.235250008,0.226952085,19,4.242592812
4.017318964,-4.192410422,0.243217937,1.532789198,6.04364081,-0.485483001,-0.119273384,0.141956307,0.066422086,-1.644985635,-0.985237034,0.149582459,0.158222915,-2.169908954,4.252118826
4.025516987,-4.141890947,0.239052387,1.531809522,6.062336973,-0.499866019,-0.117561125,0.135379666,0.067990055,-1.644288785,-0.789196991,0.188156244,0.083621964,-5.227616843,4.260030985
4.034263849,-4.091758798,0.234851392,1.530692574,6.015857904,-0.504119474,-0.134033682,0.129389492,0.06908827,-1.643339238,-0.718820783,0.131785827,0.113945665,-3.953256576,4.268188
4.042632818,-4.041443141,0.230640773,1.529349768,6.037878804,-0.505274252,-0.161136764,0.123455326,0.070892891,-1.641430816,-0.712100011,0.216554509,0.229010582,-4.478039117,4.276641846
4.051036835,-3.990861514,0.226321608,1.527854717,6.069795291,-0.518299735,-0.179406153,0.118947061,0.071635032,-1.641605512,-0.540991773,0.089056918,-0.020963443,-7.992207078,4.284250975
4.059259892,-3.940023378,0.222060764,1.52606599,6.100576364,-0.511301355,-0.214647168,0.115765634,0.073498123,-1.640730556,-0.38177121,0.223570938,0.104994736,-7.73397619,4.292971849
4.067655802,-3.889697932,0.217585765,1.524300361,6.039053527,-0.536999812,-0.211875509,0.112869827,0.075357326,-1.641048743,-0.34749691,0.223104338,-0.038182466,-19,4.302126884
4.075610876,-3.838575437,0.213108412,1.522224467,6.134699331,-0.537282383,-0.249107329,0.110969164,0.078646267,-1.640074762,-0.228079506,0.394672922,0.116877738,-10.09852467,4.310311794
4.08471179,-3.787742569,0.20847394,1.520055832,6.099944218,-0.556136701,-0.260236181,0.109007471,0.080540464,-1.641607334,-0.23540313,0.227303684,-0.183908638,-13.99912501,4.318158865
4.092382908,-3.737082895,0.204028526,1.517741707,6.079160773,-0.533449581,-0.277695038,0.107831646,0.08331884,-1.639895117,-0.141098978,0.333405145,0.205466046,-15.48382618,4.326861858
4.101163864,-3.686094969,0.199371546,1.51532684,6.118551132,-0.558837637,-0.289783948,0.108364812,0.085201848,-1.641228062,0.063979838,0.22596084,-0.159953416,-17.69806999,4.334765911
4.109113932,-3.635467815,0.194419284,1.512680744,6.075258543,-0.594271421,-0.317531558,0.108937106,0.086375786,-1.643795542,0.068675264,0.140872623,-0.308097617,-15.72785744,4.342836857
4.117249966,-3.584518689,0.189552989,1.509975323,6.113895135,-0.583955426,-0.32465054,0.111736467,0.088813609,-1.644841461,0.335923323,0.292538758,-0.125510238,1.152893716,4.35136795
4.125999928,-3.533422886,0.184777557,1.507141304,6.131496358,-0.573051909,-0.340082296,0.11502974,0.091096541,-1.645624572,0.395192841,0.273951787,-0.093973361,-18.10561917,4.359426022
4.134594917,-3.481648246,0.179924121,1.50419494,6.212956815,-0.582412255,-0.353563611,0.119912473,0.093569919,-1.646550194,0.585927941,0.29680545,-0.111074627,-18.72705726,4.368088961
4.142107964,-3.392768776,0.191743183,1.485533616,10.66553639,1.41828742,-2.239358921,0.125366526,0.097732179,-1.643769545,0.654486283,0.499471216,0.333677881,-18.40473121,4.376115799
4.150828838,-3.341225053,0.186664433,1.482531318,6.185246739,-0.609449999,-0.360275721,0.130219192,0.099044811,-1.644750072,0.58231996,0.157515763,-0.117663216,-16.4404023,4.384926796
4.158955812,-3.28959501,0.181497724,1.479510465,6.195605097,-0.6200051,-0.362502373,0.135526312,0.099155338,-1.646555946,0.63685442,0.01326326,-0.216704894,-15.94354367,4.393100977
4.167552948,-3.237954641,0.176327296,1.476444127,6.196844313,-0.620451342,-0.367960571,0.140336443,0.09917107,-1.647403742,0.57721574,0.001887885,-0.10173556,-16.22668491,4.401189804
4.176081896,-3.186823891,0.170751558,1.473645792,6.135689998,-0.669088578,-0.335800169,0.146051903,0.09915529,-1.648209598,0.685855171,-0.001893689,-0.096702708,-14.77165053,4.409606934
4.184423923,-3.172881343,0.149179965,1.485961618,1.673105816,-2.588591173,1.477899065,0.149978719,0.096048474,-1.65261727,0.471217892,-0.372817878,-0.528920614,-10.0865874,4.417586803
4.192595005,-3.121068124,0.143865104,1.483099021,6.217586276,-0.637783315,-0.343511574,0.154255741,0.095878084,-1.652677607,0.513242643,-0.020446783,-0.007240418,-9.503224056,4.426380873
4.200992823,-3.069330839,0.114361494,1.477014048,6.208474229,-3.540433149,-0.730196829,0.215507213,-0.125646172,1.652775883,7.350176722,-26.58291076,396.6544188,-12.11131328,4.435076952
4.209004879,-3.017785215,0.146679685,1.463949744,6.185474862,3.878182911,-1.567716501,0.147894439,0.105462148,-1.668049181,-8.11353292,27.73299848,-398.4990077,-3.589917707,4.442850828
4.217691898,-2.965615748,0.141810987,1.461505645,6.260336018,-0.584243806,-0.293291843,0.152421638,0.09968318,-1.662303175,0.543263894,-0.693476189,0.689520695,-6.393722437,4.451393843
4.22555995,-2.912939992,0.137072153,1.45959267,6.32109067,-0.568660007,-0.229557012,0.154007869,0.096594912,-1.660813759,0.190347704,-0.370592169,0.178729946,-4.708795627,4.459762812
4.234321833,-2.859923216,0.115619117,1.469792725,6.362013198,-2.574364349,1.224006607,0.168791204,0.0907491,-1.654349749,1.774000218,-0.701497444,0.775681125,-6.391960318,4.468058825
4.242244005,-2.807670739,0.085684829,1.464263819,6.270297242,-3.592114582,-0.66346871,0.226708112,-0.11973315,1.652970595,6.950028938,-25.25786997,396.8784412,-2.398579111,4.476523876
4.251318932,-2.754707669,0.079690474,1.461845802,6.355568347,-0.719322578,-0.290162098,0.225979672,-0.11959864,1.652131811,-0.087412778,0.016141215,-0.100654073,-4.758252186,4.485719919
4.259533882,-2.70197629,0.073464659,1.459528154,6.327765456,-0.747097765,-0.278117662,0.223003181,-0.118689677,1.65183427,-0.357178937,0.109075494,-0.035704889,-1.296567066,4.493811846
4.267742872,-2.64918797,0.067221525,1.457489135,6.334598456,-0.749176058,-0.244682383,0.22120147,-0.117692002,1.652019805,-0.216205314,0.119721058,0.022264167,0.490185323,4.502225876
4.27620697,-2.59612148,0.060847404,1.455512745,6.367978823,-0.764894543,-0.237166734,0.219140617,-0.116499417,1.651574137,-0.247302378,0.143110099,-0.053480167,-1.951176447,4.509943962
4.283880949,-2.542730468,0.054450334,1.453349469,6.406921446,-0.767648406,-0.259593101,0.214523947,-0.116844878,1.650639409,-0.554000343,-0.041455242,-0.112167338,2.645440108,4.518495798
4.292685986,-2.48934077,0.047856315,1.451188601,6.406763734,-0.791282367,-0.259304241,0.210291327,-0.116828869,1.650113891,-0.507914433,0.001921106,-0.063062171,19,4.527169943
4.301265001,-2.436593581,0.077681274,1.435886176,6.329662704,3.578995186,-1.836290966,0.126425269,0.100402181,-1.669155812,-10.06392699,26.06772594,-398.3123644,13.67682391,4.53467679
4.309875965,-2.383509686,0.071488173,1.433920205,6.370067315,-0.74317211,-0.2359165,0.124053715,0.098203205,-1.666447592,-0.284586488,-0.263877074,0.324986499,4.069238138,4.542740822
4.317708969,-2.329955629,0.064001195,1.430970309,6.426486923,-0.89843745,-0.353987467,0.118628377,0.098793692,-1.667731248,-0.651040504,0.070858419,-0.154038747,5.273705386,4.550894022
4.326345921,-2.276254914,0.057122566,1.428456364,6.444085701,-0.82543542,-0.301673448,0.112480574,0.099975729,-1.667647679,-0.737736446,0.141844463,0.01002826,3.883314766,4.559643984
4.334408998,-2.222449743,0.050165463,1.425747824,6.456620605,-0.834852417,-0.325024864,0.104886094,0.101786696,-1.667343422,-0.911337506,0.217316067,0.036510791,1.631467311,4.568437815
4.342573881,-2.168603417,0.043653188,1.423377885,6.461559124,-0.781473021,-0.284392601,0.099186546,0.104010249,-1.666151634,-0.683945848,0.266826276,0.143014593,0.551623946,4.576095819
4.350620985,-2.113483848,0.024730439,1.437600346,6.614348218,-2.270729798,1.706695281,0.111847108,0.101557901,-1.648690151,1.51926745,-0.294281776,2.095377981,0.334086116,4.584448814
4.358974934,-2.059279771,0.017760672,1.434582145,6.504489266,-0.83637208,-0.362184129,0.103943979,0.104534689,-1.648229449,-0.948375409,0.35721465,0.055284271,-0.61411941,4.593472004
4.367641926,-2.005268749,0.010743976,1.431307365,6.481322576,-0.842003481,-0.392973521,0.095785216,0.105255984,-1.649170134,-0.979051631,0.086555332,-0.112882299,-2.019846666,4.600744009
4.375764847,-1.950686629,0.003841254,1.427696451,6.549854411,-0.828326618,-0.433309759,0.088194713,0.107779317,-1.649031042,-0.910860288,0.302800021,0.016691155,-4.379119762,4.609481812
4.384322882,-1.89673349,-0.003166459,1.424056431,6.474376764,-0.840925572,-0.436802387,0.082259934,0.109180512,-1.649377671,-0.712173531,0.168143312,-0.04159552,-4.224965405,4.61844182
4.392608881,-1.841951876,-0.010108723,1.419901396,6.573793602,-0.833071783,-0.498604168,0.076925505,0.1105235,-1.649353739,-0.640131497,0.161158666,0.002871843,-5.205792288,4.626502991
4.400749922,-1.787454572,-0.016987931,1.415578789,6.53967655,-0.825504934,-0.518712816,0.071494671,0.111120214,-1.650712377,-0.651700035,0.071605613,-0.163036532,-6.746947095,4.634552956
4.409169912,-1.732995533,-0.023819593,1.410840185,6.535084672,-0.819799444,-0.568632569,0.067235334,0.110448877,-1.651112117,-0.5111205,-0.08056043,-0.047968811,-6.847275565,4.6425879
4.417212963,-1.678344867,-0.030686073,1.40607639,6.558079884,-0.82397754,-0.5716554,0.066674297,0.109314852,-1.652040109,-0.067324424,-0.136083039,-0.111359038,-7.126323718,4.651867867
4.425997972,-1.624242938,-0.037571396,1.401187619,6.49223152,-0.826238829,-0.586652482,0.066432004,0.10764259,-1.653891427,-0.029075113,-0.200671424,-0.222158213,-8.643005851,4.659641981
4.434343815,-1.570701849,-0.044341424,1.396009936,6.42493069,-0.812403265,-0.621321958,0.064059749,0.104992715,-1.655210224,-0.284670672,-0.317984928,-0.158255633,-13.37028078,4.668115854
4.4424119,-1.514776143,-0.051273404,1.390713437,6.711084721,-0.831837636,-0.635579894,0.068543737,0.104619046,-1.65746613,0.538078587,-0.044840375,-0.270708762,-13.92212214,4.676148891
4.450949907,-1.461622746,-0.058033074,1.385538427,6.378407603,-0.811160444,-0.621001148,0.07028332,0.102485537,-1.658588686,0.20874997,-0.256021094,-0.134706663,-12.68022624,4.684608936
4.459273815,-1.405949301,-0.065072871,1.37973319,6.680813454,-0.84477565,-0.696628453,0.07346911,0.100963803,-1.659294847,0.382294834,-0.182608065,-0.084739373,-14.08864154,4.692397833
4.467770815,-1.350249594,-0.060787149,1.354634425,6.683964792,0.514286648,-3.011851868,0.069245933,0.097700651,-1.668755278,-0.506781301,-0.39157821,-1.135251641,-15.7407606,4.701195955
4.476203918,-1.295120054,-0.067819781,1.34900706,6.615544743,-0.843915798,-0.67528374,0.074155214,0.095813844,-1.670918308,0.589113809,-0.22641688,-0.259563605,-19,4.709478855
4.48483181,-1.239879754,-0.074933653,1.343167965,6.628836109,-0.853664688,-0.70069136,0.077054408,0.093641327,-1.672662642,0.347903217,-0.260701987,-0.209320145,-19,4.717381001
4.493371964,-1.184561256,-0.082133515,1.337290317,6.638219743,-0.8639834,-0.705317761,0.082416991,0.089708313,-1.674712979,0.643510031,-0.471961704,-0.246040402,-19,4.725622892
4.501756907,-1.129156236,-0.089336295,1.331928726,6.648602371,-0.864333574,-0.643391025,0.089067304,0.089057907,-1.676907982,0.798037454,-0.078048735,-0.263400395,-19,4.734735966
4.509613991,-1.073569284,-0.096626809,1.326190119,6.670434225,-0.874861727,-0.688632772,0.093532619,0.088266769,-1.679395631,0.535837829,-0.094936527,-0.298517827,-19,4.74298501
4.518036842,-1.01190618,-0.115260847,1.331903274,7.399572492,-2.236084583,0.685578542,0.105927074,0.085318692,-1.681696451,1.487334653,-0.353769289,-0.276098478,-19,4.752328873
4.526706934,-0.95656471,-0.143873564,1.321372742,6.640976403,-3.433525995,-1.263663822,0.149458031,-0.151092669,1.657433902,5.223714856,-28.36936325,400.6956424,-19,4.759487867
4.534173965,-0.901410999,-0.151737603,1.316808438,6.618445318,-0.9436847,-0.547716468,0.163358966,-0.146598793,1.663456146,1.668112137,0.539265092,0.722669349,2.852833937,4.767622948
4.54223299,-0.845690014,-0.159486646,1.311552533,6.686518162,-0.929885136,-0.630708562,0.169371809,-0.144239073,1.665692207,0.721541195,0.283166478,0.268327255,-2.748685063,4.776347876
4.55051589,-0.789854294,-0.167506029,1.306651337,6.700286461,-0.962326008,-0.588143489,0.176162348,-0.14229395,1.667580023,0.814864671,0.233414708,0.226537943,-19,4.785349846
4.559253931,-0.733864983,-0.175685362,1.301967759,6.718717303,-0.981519953,-0.562029467,0.181724016,-0.13925001,1.669221847,0.667400169,0.365272799,0.19701887,-19,4.793018818
4.567586899,-0.677712437,-0.18385072,1.297462889,6.73830554,-0.979842913,-0.540584394,0.18545496,-0.137007974,1.670464142,0.447713223,0.269044259,0.149075391,-19,4.801220894
4.575651884,-0.62140991,-0.192101075,1.293192309,6.756303212,-0.990042615,-0.51246958,0.188322388,-0.134814144,1.67149685,0.344091449,0.263259655,0.123924911,19,4.809864998
4.584011793,-0.564983314,-0.200617108,1.289307393,6.771191486,-1.021923911,-0.466189895,0.191051894,-0.132386218,1.672257991,0.327540636,0.291351126,0.091336981,-1.037287505,4.817685843
4.592988014,-0.508627301,-0.209263703,1.285534145,6.762721576,-1.037591406,-0.452789707,0.192986128,-0.129836753,1.673302019,0.232108136,0.305935737,0.125283382,-2.128394031,4.826577902
4.600457907,-0.452049696,-0.218012489,1.282136471,6.789312622,-1.049854303,-0.407720896,0.19394712,-0.127771616,1.673948907,0.115319045,0.247816548,0.077626522,0.979684039,4.835539818
4.609165907,-0.39525534,-0.226785945,1.278862817,6.815322654,-1.052814805,-0.392838547,0.193181269,-0.126412176,1.673898486,-0.091902109,0.163132765,-0.006050567,19,4.843379021
4.617575884,-0.33856753,-0.235855103,1.275938582,6.802537226,-1.088298901,-0.350908222,0.192663657,-0.123508134,1.674688227,-0.062113418,0.34848503,0.094769018,6.259644008,4.85126996
4.626066923,-0.281641942,-0.245041414,1.273296004,6.831070621,-1.102357333,-0.317109349,0.191564481,-0.121611752,1.674760021,-0.131901222,0.227565808,0.008615222,6.239509145,4.859696865
4.634100914,-0.224531853,-0.254167277,1.270714969,6.853210701,-1.095103578,-0.309724219,0.189410274,-0.120135747,1.6747308,-0.258504833,0.177120685,-0.003506518,4.272045945,4.867718935
4.642229795,-0.167407062,-0.263436077,1.268347435,6.854974864,-1.112255972,-0.284103998,0.187345522,-0.118897468,1.675059566,-0.247770155,0.148593376,0.039451965,7.675695694,4.876317978
4.651211023,-0.110249138,-0.272724284,1.266033544,6.858950878,-1.114584885,-0.277666919,0.185182857,-0.119627717,1.675817878,-0.259519883,-0.087629796,0.090997419,-19,4.884714842
4.659205914,-0.052911482,-0.282211173,1.263901825,6.880518737,-1.138426634,-0.255806252,0.182067962,-0.118862248,1.676366718,-0.373787379,0.091856215,0.065860848,19,4.893565893
4.667680025,0.004526731,-0.291673771,1.261384861,6.892585505,-1.1355118,-0.302035786,0.175449932,-0.118731956,1.677119215,-0.794163636,0.015635066,0.090299607,0.686132299,4.901203871
4.67570281,0.062080668,-0.301282241,1.25934884,6.906472533,-1.153016431,-0.244322503,0.168876622,-0.118351366,1.677274859,-0.788797149,0.045670745,0.018677277,-0.44638676,4.909443855
4.684233904,0.119764469,-0.310984781,1.257464371,6.922056126,-1.164304761,-0.22613623,0.163576393,-0.118071521,1.677650909,-0.636027541,0.033581451,0.045126024,4.655222963,4.918605804
4.692126989,0.177513108,-0.32062117,1.255219666,6.92983668,-1.156366658,-0.269364623,0.157342803,-0.118820198,1.678340543,-0.748030766,-0.089841187,0.082755991,8.706669104,4.926409006
4.700939894,0.235411499,-0.330431288,1.253151433,6.947806862,-1.177214129,-0.24818798,0.150222546,-0.116988676,1.678826366,-0.854430835,0.219782536,0.058298833,6.759464721,4.934886932
4.70927,0.295973757,-0.321621977,1.259676006,7.26747096,1.057117307,0.782948821,-0.53728681,0.170425279,-1.604504602,-82.50112266,34.48967467,-393.9997161,4.969253931,4.943355799
4.717183828,0.353832,-0.331077705,1.257069998,6.942989145,-1.134687455,-0.312721022,-0.534902447,0.170348374,-1.605620139,0.286123562,-0.00922861,-0.133864459,7.348020511,4.951507807
4.725394964,0.411765888,-0.340961425,1.254633685,6.952066521,-1.186046401,-0.292357484,-0.530701939,0.170182152,-1.607728088,0.504060863,-0.019946706,-0.252953907,-0.629480979,4.959486008
4.734338999,0.469867893,-0.35085075,1.252070658,6.972240699,-1.18671888,-0.307563262,-0.535128219,0.169803834,-1.609346437,-0.531153555,-0.045398087,-0.194201932,5.893294914,4.967878819
4.742587805,0.528008226,-0.360451366,1.248966375,6.976839917,-1.152074007,-0.372513987,-0.535284356,0.169412645,-1.610997191,-0.018736385,-0.046942646,-0.198090405,-2.389206856,4.9766078
4.751612902,0.585990275,-0.370377822,1.24604428,6.957845888,-1.1911747,-0.350651452,-0.53658819,0.168114319,-1.61289246,-0.156460067,-0.155799196,-0.22743232,-2.378297418,4.984740973
4.759114981,0.6441741,-0.380005174,1.242704755,6.982059002,-1.155282236,-0.400743007,-0.558901765,0.171351478,-1.609545089,-2.677629088,0.388459085,0.40168451,-6.38482217,4.992419958
4.767282009,0.702499568,-0.389917135,1.239334431,6.999056101,-1.189435286,-0.404438861,-0.524736181,0.166753718,-1.618905358,4.099870128,-0.551731182,-1.123232253,-7.782970858,5.001060009
4.775990963,0.760761837,-0.39992688,1.235952734,6.991472306,-1.201169376,-0.405803629,-0.495962407,0.163030166,-1.626613381,3.452852859,-0.446826236,-0.924962757,-13.38384265,5.009756804
4.784439802,0.81905618,-0.409594553,1.232093527,6.99532114,-1.160120785,-0.463104786,-0.495028975,0.162939102,-1.628301638,0.112011813,-0.010927646,-0.202590806,-12.18097171,5.018101931
4.792651892,0.877455538,-0.419438283,1.228235669,7.007922983,-1.181247642,-0.462942967,-0.505205994,0.1645254,-1.628186339,-1.221242289,0.190355736,0.013835814,-19,5.026628017
4.800776005,0.935774369,-0.429666465,1.224499464,6.998259716,-1.227381862,-0.448344603,-0.495463177,0.162932492,-1.632408611,1.169138113,-0.191148948,-0.506672593,-19,5.034652948
4.809231997,0.994376734,-0.439614226,1.219908118,7.032283848,-1.19373134,-0.550961586,0.091247477,0.048629699,-1.722138238,70.40527844,-13.71633524,-10.76755532,-18.92659153,5.043126822
4.817403793,1.052746609,-0.449810213,1.216119274,7.00438497,-1.223518396,-0.454661191,0.097404813,0.046812909,-1.723880375,0.738880332,-0.218014789,-0.209056395,-14.55301706,5.052666903
4.826246023,1.111368182,-0.459305729,1.211561512,7.034588799,-1.139461863,-0.546931504,0.102287332,0.046074787,-1.726047805,0.585902324,-0.088574603,-0.260091615,-19,5.059629917
4.834718943,1.169845592,-0.469907951,1.20790268,7.017289107,-1.272266663,-0.439059864,0.1095403,0.042643708,-1.728621361,0.870356102,-0.411729528,-0.308826676,-8.349117022,5.068478823
4.843014956,1.226827038,-0.500096585,1.197048077,6.837773597,-3.622636092,-1.30255232,0.147306795,-0.100154544,1.702360009,4.531979389,-17.13579015,411.7177643,-19,5.076425791
4.850863934,1.285407577,-0.510442719,1.193246906,7.029664695,-1.241536055,-0.45614055,0.156546255,-0.098042978,1.705545121,1.108735173,0.25338784,0.382213542,-10.55956698,5.084675789
4.859431982,1.344080032,-0.520800513,1.18946111,7.040694597,-1.242935376,-0.454295466,0.165393798,-0.096177906,1.707999741,1.061705202,0.223808654,0.294554403,-19,5.092834949
4.867456913,1.402905351,-0.531298439,1.185812785,7.059038299,-1.259751096,-0.437799056,0.172464184,-0.094279539,1.709655802,0.848446318,0.227804036,0.198727263,-19,5.10162282
4.875953913,1.461652376,-0.541851105,1.18235008,7.049643003,-1.266319942,-0.415524599,0.181815054,-0.092742086,1.712289702,1.122104349,0.184494445,0.316068049,-14.81766807,5.109759808
4.884382963,1.5208778,-0.534570941,1.188528412,7.107050872,0.873619718,0.741399893,0.171256838,0.030355099,-1.749421604,-1.266985855,14.77166212,-415.4053567,-16.06508023,5.118788004
4.893133879,1.578892848,-0.547008358,1.187483752,6.961805767,-1.492490003,-0.125359184,0.191272223,0.030774626,-1.759150763,2.401846161,0.050343274,-1.167499135,-9.001484953,5.126087904
4.900853872,1.638358242,-0.556493164,1.183196111,7.13584727,-1.138176782,-0.514516903,0.194436233,0.027696627,-1.755933051,0.37968123,-0.369359884,0.386125411,-19,5.135079861
4.909130812,1.69747793,-0.566599189,1.179767421,7.094362471,-1.212722961,-0.411442832,0.196856541,0.026066044,-1.752187645,0.29043692,-0.195669948,0.449448715,-4.010076823,5.142741919
4.917794943,1.756601299,-0.576993586,1.176907738,7.094804308,-1.247327658,-0.34316202,0.203160719,0.024123792,-1.750743687,0.756501371,-0.233070246,0.173274951,-7.337049924,5.151301861
4.925922871,1.815955978,-0.587388363,1.1742249,7.122561544,-1.247373202,-0.321940485,0.212299545,0.020763409,-1.751194686,1.096659099,-0.403245954,-0.05411983,-4.625712595,5.159561872
4.934279919,1.875403581,-0.597868452,1.171811592,7.133712311,-1.257610641,-0.289597023,0.219695584,0.017917762,-1.75189246,0.887524686,-0.341477626,-0.083732861,-13.37454234,5.167648792
4.943051815,1.934214876,-0.609479331,1.171015177,7.05735539,-1.393305481,-0.09556976,0.225898489,0.015813685,-1.751743034,0.744348658,-0.252489312,0.017931107,-19,5.176240921
4.951169968,1.993613897,-0.62048916,1.169797003,7.127882534,-1.321179493,-0.146180885,0.233539437,0.013623156,-1.752469573,0.916913744,-0.262863487,-0.087184686,19,5.184509993
4.959159851,2.052105313,-0.632842009,1.170363737,7.01896986,-1.482341916,0.068008088,0.235396728,0.015365193,-1.751050549,0.222874867,0.209044438,0.170282856,-19,5.192847967
4.967440844,2.111949502,-0.643808088,1.169692623,7.181302688,-1.315929465,-0.080533682,0.241784464,0.012188001,-1.752821227,0.766528385,-0.381262983,-0.212481348,10.37370871,5.201147795
4.97617197,2.170918027,-0.656070411,1.170724695,7.07622311,-1.471478836,0.12384861,0.242195637,0.011398151,-1.752563229,0.049340812,-0.094782023,0.030959781,0.170293756,5.209712982
4.984362841,2.230015776,-0.668079578,1.171842607,7.091729769,-1.441099984,0.134149436,0.242642586,0.012237969,-1.751965411,0.053633786,0.100778217,0.071738112,-0.213467674,5.217516899
4.992182016,2.289058237,-0.680488125,1.173552411,7.085095428,-1.489025671,0.205176494,0.240279679,0.012555416,-1.751336211,-0.283548815,0.038093573,0.07550402,-1.842928609,5.226101875
5.000710011,2.348682698,-0.692450615,1.175162078,7.154935305,-1.435498728,0.193160027,0.237016964,0.014548157,-1.751125209,-0.391525802,0.239128974,0.025320234,0.853746975,5.23493886
5.009267807,2.407968885,-0.704834282,1.177309543,7.114342419,-1.486040051,0.257695855,0.2298607,0.017384189,-1.750384651,-0.858751625,0.34032383,0.088867011,19,5.243091822
5.017659903,2.467483189,-0.717231386,1.179495719,7.141716493,-1.487652546,0.262341042,0.223949674,0.021044142,-1.750850202,-0.709323112,0.439194337,-0.055866108,-19,5.251815796
5.026144981,2.52706031,-0.729870519,1.181629258,7.149254438,-1.516695938,0.256024698,0.212562685,0.02335608,-1.750007402,-1.366438774,0.277432536,0.101135959,19,5.259536982
5.034332991,2.586313293,-0.742964285,1.182889562,7.110358027,-1.571251948,0.151236493,0.186665044,0.016701759,-1.747215321,-3.107716923,-0.798518531,0.335049749,-18.54082909,5.26886797
5.042784929,2.646330729,-0.755500687,1.184584527,7.202092293,-1.504368231,0.203395829,0.17748151,0.016225474,-1.749523549,-1.102024083,-0.057154137,-0.276987372,19,5.276965857
5.051567793,2.706055481,-0.767659296,1.187222208,7.166970292,-1.459033029,0.316521676,0.172214358,0.021880165,-1.746156295,-0.632058242,0.67856286,0.404070423,-19,5.284887791
5.059178829,2.762826468,-0.779771737,1.189740313,6.812518435,-1.453492934,0.302172691,0.155879902,0.029619582,-1.739441702,-1.960134704,0.92873007,0.805751216,19,5.293548822
5.067600965,2.820447572,-0.791851718,1.19237372,6.914532459,-1.449597747,0.316008779,0.155823336,0.028593861,-1.737279853,-0.006787846,-0.123086562,0.259421905,-2.325519687,5.301198006
5.076099873,2.881596303,-0.804680949,1.193880631,7.337847688,-1.53950769,0.18082937,0.13804214,0.030860102,-1.738886401,-2.133743534,0.271948998,-0.192785794,-17.05488962,5.31030798
5.084384918,2.94014857,-0.816927154,1.195586264,7.026272049,-1.469544579,0.204675946,0.136925617,0.029493925,-1.736908924,-0.133982815,-0.163941306,0.237297293,13.70762193,5.318934917
5.092468023,3.001815472,-0.829581689,1.196315528,7.400028303,-1.518544268,0.087511666,0.119523545,0.034558421,-1.735507836,-2.08824858,0.607739608,0.168130502,-15.45253467,5.326802969
5.101187944,3.06205596,-0.842556296,1.196753464,7.228858445,-1.556952857,0.052552338,0.109591022,0.029264449,-1.739586509,-1.191902739,-0.635276692,-0.489440754,-0.724176159,5.335274935
5.109323025,3.121947172,-0.855092876,1.197401273,7.186945454,-1.504389527,0.077737032,0.10637536,0.029115128,-1.74050678,-0.385879517,-0.017918456,-0.110432564,-19,5.343352795
5.117911816,3.183154694,-0.867502457,1.197707663,7.344902737,-1.489149751,0.036766866,0.102482693,0.034644052,-1.739196496,-0.46712003,0.663470807,0.157234087,-12.51907984,5.352730989
5.125834942,3.243164238,-0.879626803,1.198029428,7.201145235,-1.454921485,0.038611706,0.103818296,0.036790113,-1.737464502,0.160272343,0.257527287,0.207839276,19,5.359907866
5.134379864,3.302313326,-0.892090645,1.196361906,7.097890526,-1.495661076,-0.200102557,0.095597937,0.03440883,-1.739623022,-0.986443053,-0.285753933,-0.259022341,19,5.368209839
5.142362833,3.360628551,-0.90464823,1.196468984,6.99782707,-1.506910224,0.012849357,0.100583882,0.032960752,-1.741222699,0.598313391,-0.173769326,-0.191961271,-17.94042628,5.376421928
5.150939941,3.419675968,-0.917295873,1.196088631,7.085689979,-1.517717086,-0.045642421,0.102851628,0.024113472,-1.743872268,0.272129533,-1.061673631,-0.317948252,4.204386114,5.385023832
5.159198999,3.480924487,-0.929655575,1.195199198,7.349822344,-1.483164323,-0.106731896,0.107258089,0.028211949,-1.744306476,0.528775361,0.491817219,-0.052105007,-11.01682322,5.392874002
5.167329788,3.54001724,-0.94225972,1.193412202,7.091130314,-1.512497289,-0.214439509,0.104304462,0.027155572,-1.747886878,-0.354435322,-0.126765236,-0.429648225,-16.78684466,5.402645826
5.175850868,3.599609537,-0.955052591,1.18999544,7.151075684,-1.53514452,-0.410011441,0.095474631,0.012162194,-1.753092929,-1.059579658,-1.79920528,-0.624726055,-9.628017845,5.410101891
5.184087992,3.659515748,-0.966834542,1.191795588,7.188745263,-1.413834226,0.216017723,0.132504356,0.026865462,-1.748468576,4.443566998,1.764392164,0.554922322,-18.46954023,5.418370962
5.192474842,3.715860036,-0.979787498,1.187277975,6.761314525,-1.554354712,-0.542113607,0.12244021,0.005506707,-1.752116397,-1.207697537,-2.563050644,-0.437738569,-19,5.426888943
5.200713873,3.77704275,-0.992153879,1.18714816,7.341925675,-1.483965706,-0.015577755,0.137413064,0.017491634,-1.752927678,1.796742482,1.438191239,-0.097353727,-19,5.434817791
5.209358931,3.83340964,-1.005218299,1.184984036,6.764026865,-1.567730409,-0.259694852,0.142719215,0.006562141,-1.754649857,0.636738156,-1.311539136,-0.206661496,-19,5.443049908
5.217310905,3.892811352,-1.018079151,1.183209627,7.128205388,-1.543302246,-0.212929091,0.148121427,0.001995733,-1.756351656,0.648265446,-0.547969039,-0.204215827,-19,5.45231986
5.225935936,3.954247012,-1.031046336,1.181866734,7.372279293,-1.55606213,-0.161147199,0.15253618,0.000701345,-1.759493416,0.529770364,-0.155326557,-0.377011169,-19,5.45993185
5.23455596,4.015635223,-1.043874704,1.180625749,7.366585306,-1.539404162,-0.14891814,0.158793232,-0.010453579,-1.761664656,0.750846231,-1.33859085,-0.26054888,-15.61491792,5.46794796
5.242708921,4.073751602,-1.057304682,1.181138687,6.97396543,-1.611597332,0.061552479,0.180239454,-0.001493092,-1.763292413,2.573546618,1.075258485,-0.195330736,-18.29918623,5.476612806
5.251065016,4.136843569,-1.070415295,1.180283575,7.57103602,-1.57327358,-0.102613369,0.16679831,0.003192158,-1.765239,-1.612937252,0.562230001,-0.233590439,-14.43959662,5.485688925
5.259253979,4.19346094,-1.083615888,1.180742312,6.79408451,-1.58407118,0.055048391,0.195110094,-0.00359979,-1.76356813,3.397413978,-0.815033815,0.200504384,-15.32339339,5.493615866
5.268035889,4.25644263,-1.097299019,1.180304304,7.557802796,-1.641975727,-0.052561004,0.185576569,0.0006435,-1.769006353,-1.144022994,0.509194859,-0.652586832,-14.13574854,5.501904964
5.276608944,4.312521409,-1.11029752,1.180532027,6.729453575,-1.559820099,0.027326772,0.207084171,-0.008896855,-1.764326137,2.580912301,-1.144842637,0.56162594,19,5.510258913
5.284477949,4.376423822,-1.124237116,1.181236785,7.668289561,-1.672751588,0.084571053,0.192959278,-0.003912028,-1.770532522,-1.694987165,0.598179197,-0.74476613,-6.341655128,5.517761946
5.29310298,4.434327683,-1.13727506,1.183933045,6.948463223,-1.564553283,0.32355116,0.227253668,-0.00364958,-1.765366816,4.115326761,0.031493811,0.619884703,-6.314668883,5.526355982
5.30091095,4.492146147,-1.151137275,1.184341665,6.938215761,-1.663465815,0.049034404,0.227975126,-0.001229125,-1.765603933,0.086574977,0.290454546,-0.028454082,-19,5.535718918
5.309947014,4.55483406,-1.1650564,1.185234879,7.522549537,-1.670294932,0.107185611,0.218504918,-0.007051201,-1.767722631,-1.136424925,-0.698649064,-0.254243794,-10.17490736,5.543334007
5.318158865,4.61377385,-1.179061693,1.18797444,7.072774745,-1.680635222,0.328747331,0.232476049,-0.004126991,-1.768010077,1.676535689,0.350905181,-0.034493485,-5.337082765,5.552251816
5.326334,4.673598503,-1.192732484,1.188761424,7.178958461,-1.640494832,0.094438168,0.223586685,-0.006083779,-1.766266178,-1.066723656,-0.234814548,0.209267841,-3.066169875,5.560063839
5.334779978,4.731555269,-1.206514218,1.190319175,6.95481182,-1.653808094,0.18693004,0.226062242,-0.011422515,-1.766217163,0.297066841,-0.640648264,0.005881881,-1.330816292,5.569028854
5.342954874,4.791996364,-1.220577861,1.192072737,7.252931407,-1.687637127,0.21042744,0.212744799,-0.005367034,-1.765008978,-1.598093125,0.726657634,0.14498214,0.324561121,5.576711893
5.351970911,4.853621143,-1.234485294,1.193643396,7.394973463,-1.66889202,0.188479116,0.207398137,-0.004834602,-1.763566988,-0.641599449,0.06389192,0.173038774,2.826556128,5.584747791
5.359550953,4.899735212,-1.273710744,1.195552936,5.533688277,-4.707053999,0.229144806,0.387529746,0.001505916,1.804326691,21.61579299,0.76086216,428.1472415,-2.164492263,5.593129873
5.367601871,4.959114337,-1.287739681,1.201698159,7.125495013,-1.683472402,0.737426793,0.401169533,0.013423833,1.80607402,1.636774444,1.430149944,0.209679594,19,5.601521015
5.376079798,5.020274391,-1.302310506,1.201709697,7.339206468,-1.748498989,0.001384564,0.382897677,0.001436178,1.803827075,-2.192622628,-1.438518541,-0.269633433,11.48598366,5.609790802
5.384646893,5.080261527,-1.316652358,1.205790678,7.198456334,-1.721022343,0.48971765,0.383248632,0.006278864,1.803153525,0.042114565,0.581122348,-0.080826009,10.78777247,5.617573023
5.392614841,5.141609204,-1.330297997,1.207831906,7.361721273,-1.637476626,0.24494733,0.371651611,0.000902944,1.799326122,-1.391642558,-0.645110413,-0.459288354,10.26747195,5.626430988
5.401934862,5.202909086,-1.344670212,1.209148843,7.35598586,-1.724665748,0.158032501,0.356021024,-0.005212162,1.797378571,-1.875670433,-0.733812688,-0.233706184,5.001174452,5.634490013
5.409736872,5.26350751,-1.358849728,1.210715648,7.271810915,-1.701542015,0.188016564,0.346432153,-0.008828106,1.798358651,-1.150664534,-0.433913289,0.117609593,6.018471726,5.642918825
5.418003798,5.324290419,-1.373988189,1.211583781,7.293948982,-1.816615225,0.104175942,0.33046281,-0.013561636,1.796609104,-1.916321093,-0.568023616,-0.209945637,7.273904798,5.651053905
5.426412821,5.415989722,-1.363395018,1.214067455,11.00391636,1.271180448,0.298040915,0.16060662,0.010699018,-1.763340466,-20.38274289,2.911278412,-427.1939484,6.306884813,5.659389973
5.434471846,5.476937966,-1.377766038,1.215949787,7.313789362,-1.724522412,0.225879877,0.148770355,0.008359288,-1.760678415,-1.42035178,-0.280767549,0.319446145,4.714228304,5.66839695
5.442723989,5.537418263,-1.391697709,1.217355291,7.257635573,-1.671800504,0.168660505,0.137443141,0.008505325,-1.758704547,-1.359265604,0.017524406,0.236864176,-1.097365719,5.676756859
5.451373816,5.597815048,-1.405790305,1.218567148,7.247614238,-1.69111152,0.145422788,0.129694124,0.00832246,-1.758151735,-0.929882047,-0.021943787,0.066337416,-19,5.685184002
5.459564924,5.658370022,-1.419922324,1.219744381,7.266596884,-1.695842213,0.141267984,0.122444489,0.007281619,-1.757750175,-0.869956179,-0.124900851,0.048187181,5.310730614,5.692505836
5.467558861,5.718362149,-1.433663369,1.219927753,7.199055247,-1.648925508,0.02200457,0.117960757,0.005377513,-1.756859864,-0.538047856,-0.228492799,0.106837389,-19,5.701604843
5.476316929,5.778679913,-1.447639977,1.220056732,7.238131682,-1.677192921,0.015477553,0.111703632,0.003192514,-1.756500717,-0.750855087,-0.262199884,0.043097598,-19,5.709302902
5.484921932,5.839305238,-1.461700223,1.220568591,7.275038955,-1.687229522,0.061423011,0.108762146,0.001994119,-1.757068916,-0.352978279,-0.143807389,-0.068183902,-7.861904425,5.71754384
5.493210793,5.899790924,-1.475665949,1.220673944,7.25828231,-1.675887089,0.012642451,0.10513325,-0.000656071,-1.755199505,-0.435467491,-0.318022777,0.224329378,3.745401671,5.725668907
5.501138926,5.959891178,-1.489580794,1.219878321,7.212030556,-1.669781405,-0.095474835,0.102190375,-0.001956682,-1.756487208,-0.35314506,-0.156073344,-0.154524428,10.08011352,5.734304905
5.509683847,6.015887961,-1.526016086,1.216367166,6.719613968,-4.372235088,-0.421338515,0.158877534,-0.060974318,1.744393292,6.802459064,-7.082116258,420.1056601,-19,5.742499828
5.517410994,6.076556894,-1.540333846,1.216215157,7.280271937,-1.718131176,-0.018241126,0.159748896,-0.061987682,1.7477809,0.10456348,-0.121603685,0.406512981,-19,5.751566887
5.526024818,6.137541507,-1.554576077,1.215829956,7.3181536,-1.709067686,-0.046224155,0.160574905,-0.069249341,1.746140839,0.099121103,-0.871399099,-0.196807301,-19,5.759150982
5.534776926,6.201936736,-1.543715559,1.215212925,7.727427443,1.303262172,-0.074043655,0.092708684,-0.013940577,-1.749233097,-8.143946523,6.637051684,-419.4448724,-19,5.767520905